response-time,DNS+dialup,DNS,Request-write,Response-delay,Response-read,status-code,offset
0.0353,0.0002,0.0000,0.0001,0.0348,0.0001,200,0.0010
0.0353,0.0001,0.0000,0.0000,0.0350,0.0001,200,0.0011
0.0360,0.0002,0.0000,0.0001,0.0357,0.0001,200,0.0010
0.0369,0.0002,0.0000,0.0000,0.0365,0.0000,200,0.0010
0.0373,0.0002,0.0000,0.0001,0.0369,0.0000,200,0.0010
0.0414,0.0001,0.0000,0.0000,0.0410,0.0001,200,0.0010
0.0488,0.0001,0.0000,0.0001,0.0484,0.0001,200,0.0010
0.0494,0.0003,0.0000,0.0000,0.0489,0.0001,200,0.0010
0.0368,0.0001,0.0000,0.0000,0.0365,0.0001,200,0.0364
0.0376,0.0001,0.0000,0.0000,0.0374,0.0000,200,0.0371
0.0378,0.0001,0.0000,0.0000,0.0377,0.0000,200,0.0379
0.0382,0.0001,0.0000,0.0000,0.0380,0.0000,200,0.0383
0.0366,0.0002,0.0000,0.0001,0.0362,0.0001,200,0.0498
0.0519,0.0001,0.0000,0.0000,0.0517,0.0001,200,0.0365
0.0494,0.0001,0.0000,0.0000,0.0492,0.0001,200,0.0425
0.0482,0.0001,0.0000,0.0000,0.0479,0.0001,200,0.0504
0.0377,0.0002,0.0000,0.0000,0.0373,0.0002,200,0.0732
0.0372,0.0001,0.0000,0.0000,0.0370,0.0001,200,0.0765
0.0389,0.0001,0.0000,0.0000,0.0387,0.0000,200,0.0758
0.0454,0.0001,0.0000,0.0000,0.0452,0.0001,200,0.0747
0.0466,0.0002,0.0000,0.0001,0.0463,0.0001,200,0.0865
0.0455,0.0002,0.0000,0.0000,0.0452,0.0001,200,0.0884
0.0433,0.0001,0.0000,0.0000,0.0431,0.0000,200,0.0919
0.0448,0.0001,0.0000,0.0001,0.0444,0.0001,200,0.0987
0.0359,0.0002,0.0000,0.0001,0.0355,0.0001,200,0.1110
0.0421,0.0001,0.0000,0.0001,0.0419,0.0001,200,0.1137
0.0414,0.0001,0.0000,0.0000,0.0412,0.0001,200,0.1147
0.0409,0.0001,0.0000,0.0001,0.0405,0.0001,200,0.1200
0.0379,0.0001,0.0000,0.0000,0.0376,0.0001,200,0.1331
0.0414,0.0001,0.0000,0.0000,0.0412,0.0001,200,0.1339
0.0427,0.0001,0.0000,0.0000,0.0425,0.0001,200,0.1352
0.0419,0.0002,0.0000,0.0000,0.0416,0.0001,200,0.1434
0.0404,0.0002,0.0000,0.0001,0.0401,0.0001,200,0.1469
0.0387,0.0002,0.0000,0.0001,0.0383,0.0001,200,0.1558
0.0384,0.0001,0.0000,0.0000,0.0381,0.0001,200,0.1609
0.0508,0.0001,0.0000,0.0000,0.0506,0.0001,200,0.1561
0.0404,0.0002,0.0000,0.0001,0.0400,0.0001,200,0.1710
0.0382,0.0001,0.0000,0.0000,0.0379,0.0001,200,0.1753
0.0438,0.0001,0.0000,0.0000,0.0435,0.0001,200,0.1779
0.0365,0.0002,0.0000,0.0000,0.0362,0.0001,200,0.1854
0.0437,0.0001,0.0000,0.0000,0.0434,0.0001,200,0.1873
0.0398,0.0002,0.0000,0.0001,0.0395,0.0001,200,0.1945
0.0387,0.0001,0.0000,0.0000,0.0384,0.0001,200,0.1993
0.0388,0.0001,0.0000,0.0000,0.0385,0.0001,200,0.2135
0.0459,0.0002,0.0000,0.0001,0.0455,0.0000,200,0.2069
0.0365,0.0001,0.0000,0.0000,0.0363,0.0001,200,0.2219
0.0409,0.0002,0.0000,0.0000,0.0405,0.0001,200,0.2217
0.0519,0.0001,0.0000,0.0000,0.0516,0.0000,200,0.2115
0.0336,0.0001,0.0000,0.0000,0.0334,0.0001,200,0.2343
0.0360,0.0001,0.0000,0.0000,0.0357,0.0001,200,0.2380
0.0443,0.0002,0.0000,0.0001,0.0438,0.0001,200,0.2310
0.0402,0.0003,0.0000,0.0001,0.0397,0.0001,200,0.2524
0.0382,0.0001,0.0000,0.0001,0.0380,0.0001,200,0.2584
0.0455,0.0001,0.0000,0.0000,0.0453,0.0000,200,0.2528
0.0365,0.0001,0.0000,0.0000,0.0362,0.0001,200,0.2740
0.0496,0.0002,0.0000,0.0000,0.0493,0.0000,200,0.2626
0.0496,0.0001,0.0000,0.0000,0.0494,0.0000,200,0.2634
0.0450,0.0002,0.0000,0.0000,0.0446,0.0001,200,0.2680
0.0479,0.0001,0.0000,0.0000,0.0476,0.0001,200,0.2752
0.0387,0.0002,0.0000,0.0000,0.0383,0.0001,200,0.2926
0.0413,0.0001,0.0000,0.0000,0.0411,0.0001,200,0.2983
0.0470,0.0001,0.0000,0.0000,0.0468,0.0001,200,0.2967
0.0317,0.0001,0.0000,0.0000,0.0315,0.0000,200,0.3130
0.0451,0.0002,0.0000,0.0001,0.0448,0.0001,200,0.3105
0.0438,0.0001,0.0000,0.0000,0.0436,0.0000,200,0.3130
0.0462,0.0001,0.0000,0.0000,0.0460,0.0000,200,0.3122
0.0396,0.0002,0.0000,0.0001,0.0392,0.0001,200,0.3231
0.0392,0.0002,0.0000,0.0001,0.0387,0.0001,200,0.3313
0.0384,0.0002,0.0000,0.0001,0.0380,0.0001,200,0.3397
0.0445,0.0001,0.0000,0.0000,0.0442,0.0001,200,0.3437
0.0455,0.0001,0.0000,0.0000,0.0453,0.0001,200,0.3446
0.0391,0.0001,0.0000,0.0000,0.0388,0.0002,200,0.3567
0.0395,0.0001,0.0000,0.0000,0.0393,0.0001,200,0.3584
0.0380,0.0002,0.0000,0.0001,0.0377,0.0001,200,0.3627
0.0452,0.0002,0.0000,0.0001,0.0448,0.0000,200,0.3557
0.0429,0.0002,0.0000,0.0001,0.0424,0.0001,200,0.3704
0.0455,0.0002,0.0000,0.0000,0.0452,0.0001,200,0.3781
0.0503,0.0002,0.0000,0.0001,0.0499,0.0001,200,0.3882
0.0485,0.0002,0.0000,0.0001,0.0481,0.0001,200,0.3901
0.0433,0.0002,0.0000,0.0001,0.0429,0.0001,200,0.4008
0.0474,0.0001,0.0000,0.0001,0.0471,0.0000,200,0.3979
0.0447,0.0002,0.0000,0.0000,0.0444,0.0001,200,0.4008
0.0333,0.0001,0.0000,0.0001,0.0330,0.0000,200,0.4133
0.0513,0.0002,0.0000,0.0001,0.0510,0.0001,200,0.3958
0.0419,0.0001,0.0000,0.0001,0.0415,0.0001,200,0.4236
0.0387,0.0001,0.0000,0.0000,0.0384,0.0001,200,0.4387
0.0350,0.0001,0.0000,0.0000,0.0348,0.0001,200,0.4466
0.0346,0.0001,0.0000,0.0000,0.0344,0.0001,200,0.4471
0.0456,0.0002,0.0000,0.0001,0.0452,0.0001,200,0.4385
0.0449,0.0002,0.0000,0.0001,0.0444,0.0001,200,0.4440
0.0504,0.0001,0.0000,0.0000,0.0502,0.0001,200,0.4453
0.0512,0.0001,0.0000,0.0000,0.0510,0.0001,200,0.4456
0.0386,0.0002,0.0000,0.0001,0.0382,0.0001,200,0.4655
0.0375,0.0002,0.0000,0.0001,0.0371,0.0001,200,0.4774
0.0366,0.0002,0.0000,0.0000,0.0363,0.0001,200,0.4816
0.0354,0.0002,0.0000,0.0001,0.0350,0.0001,200,0.4889
0.0341,0.0002,0.0000,0.0001,0.0337,0.0001,200,0.4957
0.0484,0.0002,0.0000,0.0000,0.0481,0.0000,200,0.4817
0.0511,0.0001,0.0000,0.0000,0.0508,0.0001,200,0.4841
0.0394,0.0001,0.0000,0.0001,0.0390,0.0001,200,0.5041
0.0477,0.0001,0.0000,0.0000,0.0475,0.0000,200,0.4968
0.0373,0.0001,0.0000,0.0001,0.0370,0.0001,200,0.5183
0.0466,0.0002,0.0000,0.0001,0.0463,0.0001,200,0.5149
0.0379,0.0002,0.0000,0.0001,0.0375,0.0001,200,0.5243
0.0347,0.0001,0.0000,0.0000,0.0345,0.0001,200,0.5300
0.0366,0.0002,0.0000,0.0000,0.0363,0.0001,200,0.5352
0.0479,0.0001,0.0000,0.0000,0.0476,0.0001,200,0.5298
0.0395,0.0002,0.0000,0.0001,0.0391,0.0001,200,0.5435
0.0530,0.0001,0.0000,0.0000,0.0527,0.0001,200,0.5445
0.0371,0.0001,0.0000,0.0000,0.0369,0.0000,200,0.5622
0.0390,0.0002,0.0000,0.0001,0.0387,0.0000,200,0.5615
0.0480,0.0002,0.0000,0.0001,0.0476,0.0001,200,0.5556
0.0379,0.0002,0.0000,0.0001,0.0375,0.0002,200,0.5719
0.0514,0.0001,0.0000,0.0000,0.0510,0.0001,200,0.5647
0.0383,0.0002,0.0000,0.0001,0.0380,0.0001,200,0.5778
0.0381,0.0002,0.0000,0.0001,0.0377,0.0001,200,0.5829
0.0366,0.0002,0.0000,0.0000,0.0362,0.0001,200,0.5975
0.0408,0.0001,0.0000,0.0000,0.0405,0.0001,200,0.5993
0.0372,0.0001,0.0000,0.0000,0.0369,0.0000,200,0.6035
0.0470,0.0001,0.0000,0.0000,0.0468,0.0001,200,0.6005
0.0366,0.0002,0.0000,0.0001,0.0362,0.0001,200,0.6161
0.0536,0.0002,0.0000,0.0001,0.0532,0.0001,200,0.6097
0.0480,0.0002,0.0000,0.0001,0.0476,0.0000,200,0.6161
0.0445,0.0001,0.0000,0.0000,0.0442,0.0001,200,0.6211
0.0344,0.0002,0.0000,0.0000,0.0340,0.0001,200,0.6401
0.0411,0.0002,0.0000,0.0001,0.0407,0.0000,200,0.6341
0.0370,0.0001,0.0000,0.0000,0.0367,0.0001,200,0.6475
0.0462,0.0001,0.0000,0.0000,0.0459,0.0001,200,0.6407
0.0406,0.0001,0.0000,0.0000,0.0402,0.0001,200,0.6527
0.0384,0.0001,0.0000,0.0000,0.0382,0.0001,200,0.6640
0.0425,0.0002,0.0000,0.0001,0.0422,0.0001,200,0.6634
0.0392,0.0001,0.0000,0.0000,0.0389,0.0001,200,0.6752
0.0505,0.0001,0.0000,0.0000,0.0503,0.0001,200,0.6655
0.0421,0.0002,0.0000,0.0000,0.0418,0.0001,200,0.6745
0.0386,0.0002,0.0000,0.0000,0.0382,0.0001,200,0.6869
0.0448,0.0002,0.0000,0.0000,0.0445,0.0001,200,0.6846
0.0442,0.0002,0.0000,0.0000,0.0438,0.0001,200,0.6933
0.0444,0.0002,0.0000,0.0001,0.0440,0.0001,200,0.7025
0.0414,0.0002,0.0000,0.0000,0.0411,0.0001,200,0.7059
0.0342,0.0001,0.0000,0.0000,0.0340,0.0001,200,0.7166
0.0371,0.0002,0.0000,0.0001,0.0368,0.0000,200,0.7144
0.0356,0.0002,0.0000,0.0000,0.0352,0.0001,200,0.7255
0.0360,0.0002,0.0000,0.0001,0.0356,0.0001,200,0.7294
0.0525,0.0001,0.0000,0.0000,0.0522,0.0001,200,0.7160
0.0403,0.0002,0.0000,0.0000,0.0400,0.0001,200,0.7375
0.0395,0.0002,0.0000,0.0001,0.0390,0.0001,200,0.7469
0.0357,0.0001,0.0000,0.0000,0.0355,0.0001,200,0.7515
0.0451,0.0001,0.0000,0.0000,0.0448,0.0001,200,0.7473
0.0440,0.0001,0.0000,0.0000,0.0437,0.0001,200,0.7508
0.0360,0.0001,0.0000,0.0000,0.0356,0.0001,200,0.7685
0.0424,0.0001,0.0000,0.0000,0.0420,0.0001,200,0.7654
0.0467,0.0002,0.0000,0.0001,0.0463,0.0001,200,0.7611
0.0426,0.0002,0.0000,0.0000,0.0422,0.0001,200,0.7778
0.0409,0.0001,0.0000,0.0000,0.0406,0.0001,200,0.7872
0.0419,0.0002,0.0000,0.0000,0.0416,0.0000,200,0.7864
0.0379,0.0002,0.0000,0.0000,0.0375,0.0001,200,0.7924
0.0462,0.0001,0.0000,0.0000,0.0459,0.0001,200,0.7948
0.0404,0.0001,0.0000,0.0000,0.0401,0.0001,200,0.8078
0.0409,0.0001,0.0000,0.0000,0.0406,0.0000,200,0.8078
0.0455,0.0002,0.0000,0.0001,0.0451,0.0000,200,0.8045
0.0356,0.0002,0.0000,0.0000,0.0352,0.0001,200,0.8204
0.0411,0.0001,0.0000,0.0000,0.0408,0.0001,200,0.8283
0.0355,0.0002,0.0000,0.0001,0.0351,0.0001,200,0.8410
0.0525,0.0002,0.0000,0.0001,0.0521,0.0001,200,0.8281
0.0511,0.0001,0.0000,0.0000,0.0509,0.0000,200,0.8303
0.0380,0.0002,0.0000,0.0001,0.0377,0.0001,200,0.8482
0.0376,0.0001,0.0000,0.0000,0.0374,0.0001,200,0.8487
0.0382,0.0001,0.0000,0.0000,0.0379,0.0001,200,0.8560
0.0553,0.0001,0.0000,0.0000,0.0550,0.0001,200,0.8500
0.0382,0.0002,0.0000,0.0001,0.0378,0.0001,200,0.8694
0.0416,0.0002,0.0000,0.0001,0.0412,0.0001,200,0.8765
0.0383,0.0002,0.0000,0.0000,0.0380,0.0000,200,0.8806
0.0357,0.0001,0.0000,0.0000,0.0353,0.0001,200,0.8863
0.0429,0.0001,0.0000,0.0000,0.0426,0.0001,200,0.8814
0.0364,0.0002,0.0000,0.0001,0.0360,0.0001,200,0.8943
0.0464,0.0001,0.0000,0.0000,0.0462,0.0001,200,0.8863
0.0412,0.0002,0.0000,0.0001,0.0407,0.0001,200,0.9052
0.0355,0.0002,0.0000,0.0000,0.0351,0.0001,200,0.9181
0.0348,0.0001,0.0000,0.0000,0.0346,0.0000,200,0.9189
0.0463,0.0001,0.0000,0.0000,0.0461,0.0001,200,0.9075
0.0467,0.0002,0.0000,0.0001,0.0463,0.0001,200,0.9220
0.0445,0.0002,0.0000,0.0001,0.0442,0.0000,200,0.9243
0.0449,0.0001,0.0000,0.0001,0.0444,0.0001,200,0.9307
0.0471,0.0002,0.0000,0.0000,0.0468,0.0001,200,0.9328
0.0348,0.0002,0.0000,0.0001,0.0344,0.0001,200,0.9464
0.0361,0.0001,0.0000,0.0000,0.0359,0.0001,200,0.9537
0.0418,0.0001,0.0000,0.0000,0.0416,0.0001,200,0.9539
0.0369,0.0001,0.0000,0.0000,0.0367,0.0001,200,0.9688
0.0524,0.0002,0.0000,0.0000,0.0521,0.0000,200,0.9536
0.0439,0.0002,0.0000,0.0000,0.0435,0.0001,200,0.9686
0.0353,0.0001,0.0000,0.0000,0.0350,0.0001,200,0.9799
0.0433,0.0002,0.0000,0.0001,0.0428,0.0001,200,0.9755
0.0468,0.0001,0.0000,0.0000,0.0465,0.0001,200,0.9812
0.0436,0.0002,0.0000,0.0000,0.0433,0.0001,200,0.9898
0.0379,0.0001,0.0000,0.0000,0.0376,0.0000,200,0.9956
0.0416,0.0002,0.0000,0.0000,0.0412,0.0001,200,1.0057
0.0390,0.0002,0.0000,0.0000,0.0386,0.0001,200,1.0152
0.0482,0.0001,0.0000,0.0000,0.0480,0.0001,200,1.0060
0.0419,0.0002,0.0000,0.0001,0.0416,0.0000,200,1.0125
0.0372,0.0002,0.0000,0.0001,0.0368,0.0000,200,1.0188
0.0393,0.0002,0.0000,0.0001,0.0389,0.0001,200,1.0280
0.0402,0.0001,0.0000,0.0001,0.0399,0.0001,200,1.0336
0.0409,0.0002,0.0000,0.0001,0.0405,0.0001,200,1.0335
0.0366,0.0001,0.0000,0.0000,0.0362,0.0001,200,1.0560
0.0455,0.0002,0.0000,0.0001,0.0451,0.0000,200,1.0473
0.0389,0.0001,0.0000,0.0000,0.0388,0.0000,200,1.0544
0.0420,0.0002,0.0000,0.0000,0.0417,0.0001,200,1.0542
0.0469,0.0002,0.0000,0.0000,0.0466,0.0001,200,1.0542
0.0385,0.0002,0.0000,0.0001,0.0381,0.0002,200,1.0674
0.0414,0.0001,0.0000,0.0000,0.0411,0.0001,200,1.0743
0.0421,0.0002,0.0000,0.0001,0.0417,0.0000,200,1.0738
0.0363,0.0002,0.0000,0.0001,0.0359,0.0001,200,1.0926
0.0352,0.0002,0.0000,0.0001,0.0348,0.0001,200,1.0963
0.0390,0.0001,0.0000,0.0000,0.0388,0.0000,200,1.0929
0.0374,0.0001,0.0000,0.0001,0.0370,0.0001,200,1.1011
0.0466,0.0001,0.0000,0.0000,0.0465,0.0001,200,1.0934
0.0445,0.0002,0.0000,0.0001,0.0439,0.0001,200,1.1059
0.0424,0.0002,0.0000,0.0000,0.0420,0.0001,200,1.1157
0.0472,0.0001,0.0000,0.0000,0.0469,0.0001,200,1.1158
0.0383,0.0002,0.0000,0.0001,0.0379,0.0001,200,1.1289
0.0372,0.0001,0.0000,0.0000,0.0369,0.0001,200,1.1319
0.0397,0.0001,0.0000,0.0000,0.0394,0.0001,200,1.1385
0.0506,0.0002,0.0000,0.0001,0.0502,0.0001,200,1.1315
0.0386,0.0002,0.0000,0.0001,0.0381,0.0001,200,1.1504
0.0519,0.0001,0.0000,0.0000,0.0516,0.0001,200,1.1400
0.0380,0.0002,0.0000,0.0001,0.0376,0.0001,200,1.1581
0.0366,0.0002,0.0000,0.0000,0.0362,0.0001,200,1.1631
0.0408,0.0002,0.0000,0.0000,0.0404,0.0001,200,1.1672
0.0352,0.0001,0.0000,0.0000,0.0348,0.0001,200,1.1782
0.0378,0.0002,0.0000,0.0001,0.0374,0.0001,200,1.1821
0.0531,0.0001,0.0000,0.0000,0.0528,0.0001,200,1.1690
0.0388,0.0002,0.0000,0.0001,0.0384,0.0001,200,1.1920
0.0443,0.0002,0.0000,0.0001,0.0439,0.0001,200,1.1890
0.0406,0.0002,0.0000,0.0001,0.0403,0.0001,200,1.1961
0.0383,0.0002,0.0000,0.0001,0.0380,0.0001,200,1.1997
0.0373,0.0002,0.0000,0.0000,0.0369,0.0001,200,1.2080
0.0460,0.0002,0.0000,0.0001,0.0456,0.0001,200,1.2134
0.0406,0.0001,0.0000,0.0001,0.0403,0.0001,200,1.2222
0.0450,0.0002,0.0000,0.0000,0.0447,0.0001,200,1.2199
0.0368,0.0001,0.0000,0.0000,0.0365,0.0001,200,1.2380
0.0461,0.0002,0.0000,0.0001,0.0458,0.0001,200,1.2308
0.0483,0.0002,0.0000,0.0001,0.0479,0.0001,200,1.2333
0.0456,0.0002,0.0000,0.0001,0.0452,0.0000,200,1.2368
0.0453,0.0002,0.0000,0.0000,0.0449,0.0001,200,1.2453
0.0372,0.0002,0.0000,0.0001,0.0368,0.0001,200,1.2594
0.0451,0.0001,0.0000,0.0000,0.0448,0.0001,200,1.2629
0.0468,0.0001,0.0000,0.0000,0.0465,0.0001,200,1.2649
0.0346,0.0001,0.0000,0.0000,0.0344,0.0001,200,1.2823
0.0374,0.0002,0.0000,0.0000,0.0371,0.0001,200,1.2816
0.0481,0.0002,0.0000,0.0001,0.0477,0.0001,200,1.2748
0.0507,0.0001,0.0000,0.0000,0.0504,0.0001,200,1.2769
0.0384,0.0002,0.0000,0.0001,0.0381,0.0001,200,1.2906
0.0379,0.0002,0.0000,0.0001,0.0375,0.0001,200,1.2966
0.0420,0.0001,0.0000,0.0000,0.0415,0.0002,200,1.3080
0.0358,0.0002,0.0000,0.0001,0.0354,0.0001,200,1.3170
0.0424,0.0002,0.0000,0.0001,0.0420,0.0001,200,1.3117
0.0439,0.0001,0.0000,0.0000,0.0435,0.0002,200,1.3191
0.0377,0.0002,0.0000,0.0001,0.0373,0.0001,200,1.3276
0.0409,0.0001,0.0000,0.0000,0.0407,0.0001,200,1.3290
0.0488,0.0002,0.0000,0.0001,0.0484,0.0001,200,1.3230
0.0399,0.0002,0.0000,0.0001,0.0395,0.0001,200,1.3345
0.0390,0.0002,0.0000,0.0001,0.0386,0.0001,200,1.3499
0.0364,0.0002,0.0000,0.0000,0.0360,0.0000,200,1.3528
0.0408,0.0001,0.0000,0.0000,0.0405,0.0001,200,1.3541
0.0348,0.0002,0.0000,0.0001,0.0344,0.0001,200,1.3630
0.0390,0.0002,0.0000,0.0000,0.0386,0.0001,200,1.3653
0.0371,0.0001,0.0000,0.0000,0.0368,0.0001,200,1.3717
0.0455,0.0002,0.0000,0.0001,0.0451,0.0001,200,1.3699
0.0400,0.0002,0.0000,0.0001,0.0396,0.0002,200,1.3890
0.0548,0.0002,0.0000,0.0000,0.0545,0.0001,200,1.3744
0.0363,0.0002,0.0000,0.0001,0.0359,0.0001,200,1.3949
0.0441,0.0001,0.0000,0.0000,0.0439,0.0001,200,1.3891
0.0409,0.0001,0.0000,0.0001,0.0406,0.0001,200,1.3978
0.0385,0.0002,0.0000,0.0000,0.0381,0.0001,200,1.4043
0.0379,0.0002,0.0000,0.0000,0.0376,0.0001,200,1.4155
0.0446,0.0002,0.0000,0.0001,0.0442,0.0001,200,1.4089
0.0364,0.0001,0.0000,0.0000,0.0360,0.0001,200,1.4312
0.0389,0.0001,0.0000,0.0000,0.0387,0.0000,200,1.4292
0.0459,0.0002,0.0000,0.0000,0.0454,0.0001,200,1.4290
0.0393,0.0002,0.0000,0.0000,0.0390,0.0001,200,1.4387
0.0455,0.0001,0.0000,0.0000,0.0453,0.0001,200,1.4332
0.0386,0.0002,0.0000,0.0001,0.0382,0.0001,200,1.4427
0.0412,0.0002,0.0000,0.0000,0.0408,0.0001,200,1.4534
0.0469,0.0002,0.0000,0.0000,0.0465,0.0001,200,1.4534
0.0423,0.0001,0.0000,0.0000,0.0420,0.0001,200,1.4681
0.0454,0.0002,0.0000,0.0000,0.0450,0.0001,200,1.4675
0.0356,0.0001,0.0000,0.0000,0.0354,0.0001,200,1.4788
0.0464,0.0002,0.0000,0.0001,0.0459,0.0001,200,1.4749
0.0476,0.0002,0.0000,0.0001,0.0472,0.0001,200,1.4780
0.0451,0.0002,0.0000,0.0001,0.0448,0.0001,200,1.4814
0.0436,0.0002,0.0000,0.0001,0.0432,0.0001,200,1.4946
0.0383,0.0001,0.0000,0.0000,0.0381,0.0000,200,1.5003
0.0378,0.0002,0.0000,0.0000,0.0374,0.0001,200,1.5104
0.0394,0.0002,0.0000,0.0000,0.0390,0.0001,200,1.5129
0.0379,0.0002,0.0000,0.0001,0.0374,0.0001,200,1.5213
0.0455,0.0002,0.0000,0.0000,0.0451,0.0001,200,1.5144
0.0377,0.0002,0.0000,0.0001,0.0373,0.0001,200,1.5256
0.0424,0.0001,0.0000,0.0000,0.0421,0.0001,200,1.5265
0.0411,0.0002,0.0000,0.0000,0.0406,0.0002,200,1.5482
0.0529,0.0001,0.0000,0.0000,0.0525,0.0001,200,1.5382
0.0526,0.0001,0.0000,0.0000,0.0524,0.0001,200,1.5387
0.0361,0.0001,0.0000,0.0000,0.0358,0.0001,200,1.5598
0.0451,0.0002,0.0000,0.0001,0.0448,0.0001,200,1.5523
0.0390,0.0002,0.0000,0.0001,0.0387,0.0000,200,1.5592
0.0356,0.0002,0.0000,0.0001,0.0352,0.0001,200,1.5689
0.0468,0.0002,0.0000,0.0001,0.0464,0.0001,200,1.5633
0.0364,0.0002,0.0000,0.0001,0.0360,0.0001,200,1.5893
0.0372,0.0001,0.0000,0.0000,0.0370,0.0001,200,1.5910
0.0327,0.0002,0.0000,0.0001,0.0323,0.0001,200,1.6045
0.0495,0.0001,0.0000,0.0000,0.0492,0.0001,200,1.5912
0.0508,0.0002,0.0000,0.0000,0.0504,0.0001,200,1.5959
0.0369,0.0002,0.0000,0.0001,0.0366,0.0001,200,1.6101
0.0508,0.0001,0.0000,0.0000,0.0506,0.0000,200,1.5974
0.0514,0.0001,0.0000,0.0000,0.0512,0.0000,200,1.5982
0.0399,0.0001,0.0000,0.0000,0.0396,0.0001,200,1.6283
0.0430,0.0002,0.0000,0.0000,0.0426,0.0001,200,1.6257
0.0347,0.0002,0.0000,0.0001,0.0343,0.0001,200,1.6372
0.0354,0.0001,0.0000,0.0000,0.0351,0.0001,200,1.6483
0.0430,0.0002,0.0000,0.0001,0.0425,0.0001,200,1.6407
0.0423,0.0002,0.0000,0.0001,0.0419,0.0001,200,1.6467
0.0466,0.0001,0.0000,0.0000,0.0463,0.0001,200,1.6470
0.0452,0.0001,0.0000,0.0000,0.0450,0.0000,200,1.6496
0.0376,0.0001,0.0000,0.0000,0.0373,0.0001,200,1.6687
0.0407,0.0002,0.0000,0.0000,0.0403,0.0001,200,1.6719
0.0477,0.0002,0.0000,0.0001,0.0473,0.0001,200,1.6682
0.0344,0.0003,0.0000,0.0001,0.0339,0.0001,200,1.6890
0.0471,0.0002,0.0000,0.0000,0.0467,0.0001,200,1.6837
0.0362,0.0001,0.0000,0.0000,0.0360,0.0000,200,1.6949
0.0410,0.0002,0.0000,0.0000,0.0406,0.0001,200,1.6936
0.0533,0.0002,0.0000,0.0000,0.0530,0.0001,200,1.6837
0.0370,0.0002,0.0000,0.0001,0.0366,0.0001,200,1.7063
0.0367,0.0002,0.0000,0.0000,0.0362,0.0001,200,1.7126
0.0444,0.0001,0.0000,0.0000,0.0441,0.0001,200,1.7160
0.0404,0.0002,0.0000,0.0001,0.0399,0.0001,200,1.7234
0.0358,0.0001,0.0000,0.0000,0.0356,0.0001,200,1.7311
0.0362,0.0002,0.0000,0.0001,0.0358,0.0001,200,1.7347
0.0409,0.0002,0.0000,0.0001,0.0405,0.0001,200,1.7308
0.0407,0.0002,0.0000,0.0000,0.0403,0.0001,200,1.7370
0.0483,0.0002,0.0000,0.0001,0.0479,0.0001,200,1.7434
0.0511,0.0002,0.0000,0.0001,0.0506,0.0001,200,1.7493
0.0451,0.0002,0.0000,0.0001,0.0446,0.0001,200,1.7604
0.0359,0.0002,0.0000,0.0001,0.0356,0.0000,200,1.7709
0.0408,0.0002,0.0000,0.0001,0.0404,0.0001,200,1.7669
0.0475,0.0002,0.0000,0.0001,0.0470,0.0001,200,1.7638
0.0447,0.0001,0.0000,0.0000,0.0444,0.0001,200,1.7716
0.0393,0.0002,0.0000,0.0001,0.0390,0.0000,200,1.7777
0.0411,0.0002,0.0000,0.0001,0.0407,0.0001,200,1.7917
0.0427,0.0002,0.0000,0.0001,0.0422,0.0001,200,1.8004
0.0340,0.0001,0.0000,0.0001,0.0337,0.0001,200,1.8113
0.0389,0.0001,0.0000,0.0000,0.0386,0.0001,200,1.8077
0.0449,0.0002,0.0000,0.0001,0.0446,0.0001,200,1.8055
0.0347,0.0001,0.0000,0.0000,0.0345,0.0000,200,1.8163
0.0360,0.0001,0.0000,0.0000,0.0358,0.0001,200,1.8170
0.0549,0.0001,0.0000,0.0000,0.0546,0.0001,200,1.8068
0.0379,0.0001,0.0000,0.0000,0.0376,0.0001,200,1.8328
0.0368,0.0002,0.0000,0.0001,0.0363,0.0001,200,1.8431
0.0353,0.0001,0.0000,0.0000,0.0350,0.0000,200,1.8453
0.0379,0.0001,0.0000,0.0000,0.0376,0.0001,200,1.8466
0.0378,0.0002,0.0000,0.0000,0.0374,0.0001,200,1.8505
0.0417,0.0001,0.0000,0.0000,0.0414,0.0001,200,1.8511
0.0480,0.0001,0.0000,0.0001,0.0477,0.0001,200,1.8530
0.0465,0.0002,0.0000,0.0001,0.0461,0.0001,200,1.8617
0.0436,0.0002,0.0000,0.0001,0.0432,0.0001,200,1.8708
0.0378,0.0002,0.0000,0.0000,0.0374,0.0001,200,1.8799
0.0374,0.0001,0.0000,0.0000,0.0372,0.0001,200,1.8806
0.0369,0.0002,0.0000,0.0001,0.0366,0.0001,200,1.8845
0.0376,0.0001,0.0000,0.0001,0.0373,0.0001,200,1.8883
0.0487,0.0002,0.0000,0.0001,0.0483,0.0001,200,1.8927
0.0352,0.0002,0.0000,0.0001,0.0347,0.0001,200,1.9144
0.0518,0.0002,0.0000,0.0001,0.0514,0.0001,200,1.9010
0.0479,0.0002,0.0000,0.0001,0.0475,0.0001,200,1.9082
0.0387,0.0001,0.0000,0.0000,0.0385,0.0001,200,1.9180
0.0435,0.0002,0.0000,0.0001,0.0431,0.0001,200,1.9177
0.0371,0.0002,0.0000,0.0000,0.0368,0.0001,200,1.9259
0.0488,0.0002,0.0000,0.0001,0.0484,0.0001,200,1.9214
0.0440,0.0002,0.0000,0.0000,0.0436,0.0001,200,1.9414
0.0401,0.0002,0.0000,0.0001,0.0397,0.0001,200,1.9496
0.0414,0.0003,0.0000,0.0001,0.0408,0.0001,200,1.9528
0.0383,0.0001,0.0000,0.0000,0.0381,0.0000,200,1.9567
0.0359,0.0002,0.0000,0.0001,0.0355,0.0001,200,1.9613
0.0472,0.0002,0.0000,0.0001,0.0467,0.0001,200,1.9561
0.0429,0.0001,0.0000,0.0000,0.0426,0.0001,200,1.9630
0.0394,0.0002,0.0000,0.0001,0.0390,0.0001,200,1.9703
0.0355,0.0002,0.0000,0.0001,0.0351,0.0001,200,1.9897
0.0469,0.0002,0.0000,0.0000,0.0465,0.0002,200,1.9854
0.0386,0.0001,0.0000,0.0001,0.0383,0.0001,200,1.9972
0.0408,0.0001,0.0000,0.0000,0.0405,0.0001,200,1.9951
0.0472,0.0002,0.0000,0.0001,0.0468,0.0001,200,1.9942
0.0371,0.0001,0.0000,0.0001,0.0369,0.0001,200,2.0059
0.0401,0.0002,0.0000,0.0001,0.0398,0.0000,200,2.0033
0.0367,0.0002,0.0000,0.0001,0.0364,0.0001,200,2.0253
0.0535,0.0002,0.0000,0.0001,0.0531,0.0001,200,2.0097
0.0385,0.0002,0.0000,0.0001,0.0380,0.0002,200,2.0324
0.0383,0.0002,0.0000,0.0001,0.0378,0.0001,200,2.0358
0.0384,0.0002,0.0000,0.0000,0.0380,0.0001,200,2.0358
0.0354,0.0001,0.0000,0.0000,0.0352,0.0001,200,2.0433
0.0484,0.0001,0.0000,0.0001,0.0480,0.0001,200,2.0414
0.0517,0.0001,0.0000,0.0000,0.0515,0.0001,200,2.0430
0.0344,0.0001,0.0000,0.0000,0.0342,0.0000,200,2.0620
0.0455,0.0001,0.0000,0.0000,0.0453,0.0001,200,2.0631
0.0378,0.0002,0.0000,0.0001,0.0374,0.0000,200,2.0709
0.0352,0.0002,0.0000,0.0000,0.0348,0.0000,200,2.0741
0.0419,0.0002,0.0000,0.0000,0.0416,0.0001,200,2.0787
0.0538,0.0001,0.0000,0.0000,0.0534,0.0001,200,2.0742
0.0352,0.0001,0.0000,0.0000,0.0349,0.0001,200,2.0948
0.0360,0.0001,0.0000,0.0000,0.0357,0.0001,200,2.0964
0.0441,0.0002,0.0000,0.0000,0.0437,0.0000,200,2.0897
0.0380,0.0002,0.0000,0.0000,0.0377,0.0001,200,2.1087
0.0411,0.0001,0.0000,0.0000,0.0409,0.0001,200,2.1093
0.0426,0.0002,0.0000,0.0000,0.0423,0.0001,200,2.1087
0.0456,0.0001,0.0000,0.0001,0.0452,0.0001,200,2.1206
0.0363,0.0001,0.0000,0.0000,0.0360,0.0001,200,2.1338
0.0429,0.0002,0.0000,0.0001,0.0425,0.0000,200,2.1280
0.0432,0.0001,0.0000,0.0001,0.0429,0.0001,200,2.1300
0.0455,0.0001,0.0000,0.0000,0.0451,0.0001,200,2.1324
0.0383,0.0002,0.0000,0.0000,0.0379,0.0001,200,2.1504
0.0423,0.0002,0.0000,0.0001,0.0419,0.0001,200,2.1467
0.0442,0.0001,0.0000,0.0000,0.0440,0.0001,200,2.1513
0.0380,0.0001,0.0000,0.0000,0.0377,0.0001,200,2.1709
0.0429,0.0002,0.0000,0.0001,0.0424,0.0001,200,2.1701
0.0470,0.0002,0.0000,0.0001,0.0467,0.0000,200,2.1662
0.0400,0.0002,0.0000,0.0000,0.0396,0.0001,200,2.1779
0.0494,0.0002,0.0000,0.0000,0.0490,0.0002,200,2.1732
0.0367,0.0002,0.0000,0.0001,0.0363,0.0001,200,2.1887
0.0399,0.0001,0.0000,0.0000,0.0397,0.0001,200,2.1890
0.0362,0.0002,0.0000,0.0001,0.0358,0.0001,200,2.2089
0.0522,0.0002,0.0000,0.0001,0.0519,0.0001,200,2.1956
0.0361,0.0001,0.0000,0.0000,0.0359,0.0000,200,2.2132
0.0419,0.0002,0.0000,0.0001,0.0415,0.0001,200,2.2130
0.0345,0.0001,0.0000,0.0000,0.0342,0.0001,200,2.2289
0.0473,0.0002,0.0000,0.0001,0.0469,0.0001,200,2.2178
0.0460,0.0002,0.0000,0.0001,0.0456,0.0001,200,2.2226
0.0444,0.0001,0.0000,0.0001,0.0441,0.0001,200,2.2254
0.0352,0.0002,0.0000,0.0001,0.0348,0.0001,200,2.2451
0.0401,0.0001,0.0000,0.0000,0.0398,0.0001,200,2.2478
0.0393,0.0001,0.0000,0.0000,0.0391,0.0000,200,2.2493
0.0455,0.0002,0.0000,0.0000,0.0451,0.0001,200,2.2549
0.0371,0.0001,0.0000,0.0000,0.0369,0.0001,200,2.2686
0.0437,0.0002,0.0000,0.0001,0.0433,0.0001,200,2.2634
0.0461,0.0001,0.0000,0.0000,0.0458,0.0001,200,2.2651
0.0425,0.0001,0.0000,0.0000,0.0423,0.0000,200,2.2698
0.0452,0.0002,0.0000,0.0000,0.0448,0.0001,200,2.2803
0.0384,0.0002,0.0000,0.0000,0.0380,0.0001,200,2.2879
0.0380,0.0001,0.0000,0.0000,0.0378,0.0000,200,2.2886
0.0431,0.0002,0.0000,0.0001,0.0427,0.0001,200,2.3004
0.0394,0.0002,0.0000,0.0000,0.0389,0.0001,200,2.3057
0.0380,0.0001,0.0000,0.0001,0.0377,0.0001,200,2.3112
0.0377,0.0001,0.0000,0.0000,0.0375,0.0000,200,2.3124
0.0365,0.0001,0.0000,0.0000,0.0362,0.0001,200,2.3266
0.0369,0.0001,0.0000,0.0000,0.0367,0.0001,200,2.3263
0.0562,0.0001,0.0000,0.0000,0.0560,0.0001,200,2.3072
0.0413,0.0002,0.0000,0.0001,0.0409,0.0001,200,2.3254
0.0377,0.0001,0.0000,0.0000,0.0373,0.0001,200,2.3451
0.0376,0.0001,0.0000,0.0000,0.0373,0.0001,200,2.3501
0.0441,0.0002,0.0000,0.0001,0.0438,0.0000,200,2.3435
0.0416,0.0002,0.0000,0.0000,0.0413,0.0001,200,2.3493
0.0365,0.0001,0.0000,0.0000,0.0362,0.0001,200,2.3634
0.0432,0.0002,0.0000,0.0000,0.0429,0.0001,200,2.3632
0.0444,0.0002,0.0000,0.0001,0.0440,0.0001,200,2.3631
0.0434,0.0002,0.0000,0.0001,0.0431,0.0001,200,2.3667
0.0359,0.0001,0.0000,0.0000,0.0356,0.0001,200,2.3877
0.0433,0.0002,0.0000,0.0001,0.0429,0.0001,200,2.3828
0.0433,0.0001,0.0000,0.0000,0.0430,0.0001,200,2.3876
0.0435,0.0002,0.0000,0.0001,0.0431,0.0001,200,2.3909
0.0362,0.0002,0.0000,0.0001,0.0358,0.0001,200,2.3999
0.0379,0.0001,0.0000,0.0000,0.0376,0.0001,200,2.4075
0.0355,0.0002,0.0000,0.0001,0.0352,0.0001,200,2.4101
0.0455,0.0002,0.0000,0.0001,0.0450,0.0001,200,2.4065
0.0389,0.0002,0.0000,0.0001,0.0385,0.0001,200,2.4262
0.0370,0.0002,0.0000,0.0001,0.0366,0.0001,200,2.4310
0.0512,0.0002,0.0000,0.0001,0.0507,0.0001,200,2.4236
0.0383,0.0002,0.0000,0.0001,0.0379,0.0001,200,2.4454
0.0479,0.0001,0.0000,0.0000,0.0477,0.0001,200,2.4361
0.0498,0.0001,0.0000,0.0000,0.0495,0.0001,200,2.4344
0.0356,0.0002,0.0000,0.0001,0.0352,0.0001,200,2.4519
0.0429,0.0001,0.0000,0.0000,0.0427,0.0000,200,2.4457
0.0358,0.0002,0.0000,0.0001,0.0353,0.0001,200,2.4651
0.0408,0.0001,0.0000,0.0001,0.0405,0.0001,200,2.4679
0.0365,0.0001,0.0000,0.0000,0.0361,0.0001,200,2.4837
0.0457,0.0002,0.0000,0.0001,0.0454,0.0000,200,2.4748
0.0344,0.0002,0.0000,0.0000,0.0341,0.0001,200,2.4875
0.0369,0.0001,0.0000,0.0000,0.0366,0.0001,200,2.4885
0.0462,0.0001,0.0000,0.0000,0.0460,0.0001,200,2.4840
0.0536,0.0001,0.0000,0.0000,0.0534,0.0001,200,2.4842
0.0399,0.0002,0.0000,0.0001,0.0395,0.0001,200,2.5008
0.0402,0.0001,0.0000,0.0000,0.0399,0.0001,200,2.5088
0.0367,0.0001,0.0000,0.0000,0.0364,0.0001,200,2.5205
0.0372,0.0001,0.0000,0.0000,0.0369,0.0001,200,2.5220
0.0405,0.0002,0.0000,0.0000,0.0401,0.0001,200,2.5202
0.0388,0.0002,0.0000,0.0000,0.0385,0.0001,200,2.5254
0.0372,0.0002,0.0000,0.0001,0.0368,0.0001,200,2.5303
0.0439,0.0002,0.0000,0.0001,0.0435,0.0001,200,2.5378
0.0417,0.0002,0.0000,0.0000,0.0414,0.0001,200,2.5407
0.0460,0.0002,0.0000,0.0000,0.0456,0.0001,200,2.5490
0.0379,0.0002,0.0000,0.0000,0.0375,0.0001,200,2.5572
0.0371,0.0002,0.0000,0.0000,0.0368,0.0000,200,2.5591
0.0398,0.0001,0.0000,0.0001,0.0394,0.0001,200,2.5607
0.0373,0.0001,0.0000,0.0001,0.0370,0.0001,200,2.5674
0.0436,0.0002,0.0000,0.0001,0.0432,0.0001,200,2.5642
0.0407,0.0001,0.0000,0.0000,0.0404,0.0001,200,2.5825
0.0434,0.0001,0.0000,0.0001,0.0431,0.0001,200,2.5817
0.0378,0.0002,0.0000,0.0000,0.0375,0.0001,200,2.5950
0.0396,0.0002,0.0000,0.0001,0.0393,0.0000,200,2.5950
0.0469,0.0001,0.0000,0.0000,0.0466,0.0001,200,2.5962
0.0375,0.0001,0.0000,0.0000,0.0372,0.0001,200,2.6078
0.0491,0.0002,0.0000,0.0001,0.0486,0.0001,200,2.6005
0.0451,0.0002,0.0000,0.0000,0.0448,0.0000,200,2.6048
0.0434,0.0002,0.0000,0.0000,0.0429,0.0002,200,2.6231
0.0378,0.0002,0.0000,0.0001,0.0374,0.0001,200,2.6329
0.0365,0.0001,0.0000,0.0000,0.0363,0.0000,200,2.6346
0.0517,0.0001,0.0000,0.0001,0.0514,0.0001,200,2.6251
0.0390,0.0002,0.0000,0.0001,0.0386,0.0001,200,2.6431
0.0361,0.0001,0.0000,0.0000,0.0359,0.0001,200,2.6499
0.0418,0.0002,0.0000,0.0001,0.0415,0.0001,200,2.6454
0.0379,0.0002,0.0000,0.0001,0.0375,0.0001,200,2.6495
0.0353,0.0002,0.0000,0.0001,0.0349,0.0001,200,2.6665
0.0417,0.0002,0.0000,0.0001,0.0413,0.0001,200,2.6707
0.0425,0.0001,0.0000,0.0000,0.0423,0.0001,200,2.6711
0.0434,0.0002,0.0000,0.0001,0.0430,0.0001,200,2.6768
0.0423,0.0002,0.0000,0.0001,0.0418,0.0001,200,2.6821
0.0458,0.0002,0.0000,0.0001,0.0454,0.0001,200,2.6860
0.0446,0.0002,0.0000,0.0000,0.0443,0.0001,200,2.6872
0.0378,0.0002,0.0000,0.0000,0.0374,0.0001,200,2.7019
0.0533,0.0001,0.0000,0.0000,0.0531,0.0000,200,2.6874
0.0357,0.0001,0.0000,0.0000,0.0355,0.0001,200,2.7136
0.0383,0.0002,0.0000,0.0001,0.0379,0.0001,200,2.7125
0.0377,0.0002,0.0000,0.0000,0.0373,0.0001,200,2.7202
0.0465,0.0002,0.0000,0.0001,0.0460,0.0001,200,2.7244
0.0357,0.0002,0.0000,0.0000,0.0353,0.0001,200,2.7397
0.0473,0.0002,0.0000,0.0000,0.0469,0.0001,200,2.7318
0.0389,0.0001,0.0000,0.0000,0.0387,0.0001,200,2.7407
0.0480,0.0002,0.0000,0.0000,0.0477,0.0000,200,2.7318
0.0376,0.0001,0.0000,0.0000,0.0373,0.0001,200,2.7508
0.0444,0.0002,0.0000,0.0001,0.0439,0.0001,200,2.7493
0.0428,0.0002,0.0000,0.0000,0.0425,0.0001,200,2.7579
0.0406,0.0002,0.0000,0.0001,0.0401,0.0001,200,2.7709
0.0430,0.0002,0.0000,0.0001,0.0425,0.0001,200,2.7753
0.0386,0.0001,0.0000,0.0000,0.0384,0.0001,200,2.7799
0.0430,0.0001,0.0000,0.0000,0.0427,0.0001,200,2.7796
0.0444,0.0001,0.0000,0.0001,0.0441,0.0001,200,2.7791
0.0408,0.0002,0.0000,0.0001,0.0404,0.0001,200,2.7884
0.0376,0.0002,0.0000,0.0000,0.0372,0.0001,200,2.8007
0.0479,0.0002,0.0000,0.0000,0.0476,0.0001,200,2.7937
0.0417,0.0002,0.0000,0.0001,0.0414,0.0001,200,2.8115
0.0360,0.0002,0.0000,0.0000,0.0357,0.0001,200,2.8183
0.0378,0.0001,0.0000,0.0000,0.0375,0.0002,200,2.8234
0.0381,0.0002,0.0000,0.0001,0.0378,0.0001,200,2.8291
0.0504,0.0001,0.0000,0.0000,0.0502,0.0001,200,2.8184
0.0482,0.0002,0.0000,0.0001,0.0478,0.0001,200,2.8225
0.0390,0.0002,0.0000,0.0001,0.0386,0.0001,200,2.8383
0.0364,0.0002,0.0000,0.0000,0.0361,0.0001,200,2.8416
0.0384,0.0002,0.0000,0.0000,0.0380,0.0001,200,2.8532
0.0384,0.0001,0.0000,0.0000,0.0382,0.0001,200,2.8543
0.0389,0.0002,0.0000,0.0001,0.0385,0.0001,200,2.8612
0.0370,0.0002,0.0000,0.0001,0.0366,0.0001,200,2.8774
0.0474,0.0002,0.0000,0.0001,0.0471,0.0001,200,2.8673
0.0368,0.0001,0.0000,0.0000,0.0367,0.0000,200,2.8780
0.0495,0.0001,0.0000,0.0001,0.0492,0.0001,200,2.8689
0.0520,0.0002,0.0000,0.0001,0.0516,0.0001,200,2.8707
0.0371,0.0002,0.0000,0.0000,0.0367,0.0001,200,2.9002
0.0475,0.0002,0.0000,0.0001,0.0471,0.0001,200,2.8916
0.0482,0.0001,0.0000,0.0001,0.0479,0.0001,200,2.8927
0.0346,0.0001,0.0000,0.0000,0.0343,0.0001,200,2.9149
0.0353,0.0001,0.0000,0.0000,0.0351,0.0000,200,2.9147
0.0424,0.0002,0.0000,0.0001,0.0420,0.0001,200,2.9144
0.0379,0.0002,0.0000,0.0001,0.0375,0.0001,200,2.9227
0.0434,0.0002,0.0000,0.0001,0.0430,0.0001,200,2.9184
0.0409,0.0002,0.0000,0.0000,0.0405,0.0001,200,2.9373
0.0421,0.0001,0.0000,0.0000,0.0418,0.0001,200,2.9409
0.0469,0.0001,0.0000,0.0000,0.0466,0.0001,200,2.9391
0.0369,0.0001,0.0000,0.0000,0.0367,0.0001,200,2.9501
0.0363,0.0002,0.0000,0.0001,0.0358,0.0001,200,2.9568
0.0481,0.0002,0.0000,0.0001,0.0477,0.0001,200,2.9495
0.0374,0.0001,0.0000,0.0000,0.0372,0.0001,200,2.9618
0.0426,0.0002,0.0000,0.0001,0.0422,0.0001,200,2.9606
0.0350,0.0002,0.0000,0.0001,0.0346,0.0001,200,2.9830
0.0433,0.0002,0.0000,0.0001,0.0429,0.0001,200,2.9782
0.0381,0.0002,0.0000,0.0001,0.0376,0.0001,200,2.9931
0.0363,0.0001,0.0000,0.0000,0.0359,0.0001,200,2.9975
0.0485,0.0002,0.0000,0.0000,0.0482,0.0001,200,2.9860
0.0499,0.0001,0.0000,0.0000,0.0496,0.0001,200,2.9870
0.0387,0.0002,0.0000,0.0000,0.0383,0.0001,200,3.0032
0.0365,0.0001,0.0000,0.0001,0.0361,0.0001,200,3.0180
0.0559,0.0002,0.0000,0.0000,0.0557,0.0000,200,2.9992
0.0383,0.0002,0.0000,0.0000,0.0380,0.0001,200,3.0215
0.0377,0.0002,0.0000,0.0001,0.0373,0.0001,200,3.0312
0.0371,0.0002,0.0000,0.0001,0.0367,0.0001,200,3.0338
0.0352,0.0001,0.0000,0.0000,0.0349,0.0001,200,3.0369
0.0441,0.0001,0.0000,0.0000,0.0438,0.0001,200,3.0345
0.0437,0.0002,0.0000,0.0001,0.0434,0.0001,200,3.0419
0.0368,0.0002,0.0000,0.0000,0.0364,0.0001,200,3.0599
0.0434,0.0001,0.0000,0.0000,0.0431,0.0001,200,3.0552
0.0477,0.0002,0.0000,0.0001,0.0473,0.0001,200,3.0545
0.0388,0.0002,0.0000,0.0001,0.0384,0.0001,200,3.0689
0.0370,0.0001,0.0000,0.0000,0.0367,0.0001,200,3.0721
0.0365,0.0002,0.0000,0.0000,0.0361,0.0001,200,3.0856
0.0532,0.0001,0.0000,0.0000,0.0529,0.0001,200,3.0709
0.0523,0.0002,0.0000,0.0001,0.0518,0.0001,200,3.0786
0.0357,0.0001,0.0000,0.0000,0.0354,0.0001,200,3.0985
0.0376,0.0002,0.0000,0.0000,0.0373,0.0001,200,3.0967
0.0356,0.0001,0.0000,0.0000,0.0354,0.0001,200,3.1091
0.0437,0.0002,0.0000,0.0001,0.0433,0.0001,200,3.1022
0.0447,0.0002,0.0000,0.0000,0.0443,0.0001,200,3.1077
0.0407,0.0002,0.0000,0.0000,0.0403,0.0001,200,3.1221
0.0436,0.0001,0.0000,0.0000,0.0433,0.0001,200,3.1241
0.0381,0.0001,0.0000,0.0000,0.0378,0.0001,200,3.1343
0.0423,0.0001,0.0000,0.0001,0.0421,0.0000,200,3.1309
0.0405,0.0001,0.0000,0.0000,0.0402,0.0001,200,3.1343
0.0392,0.0002,0.0000,0.0001,0.0387,0.0001,200,3.1447
0.0378,0.0002,0.0000,0.0001,0.0373,0.0001,200,3.1524
0.0446,0.0001,0.0000,0.0000,0.0443,0.0000,200,3.1459
0.0348,0.0003,0.0000,0.0001,0.0344,0.0001,200,3.1678
0.0392,0.0001,0.0000,0.0000,0.0389,0.0001,200,3.1733
0.0391,0.0001,0.0000,0.0000,0.0389,0.0000,200,3.1747
0.0529,0.0002,0.0000,0.0001,0.0525,0.0001,200,3.1628
0.0448,0.0001,0.0000,0.0000,0.0445,0.0001,200,3.1724
0.0392,0.0002,0.0000,0.0001,0.0388,0.0001,200,3.1839
0.0363,0.0002,0.0000,0.0001,0.0359,0.0001,200,3.1901
0.0357,0.0001,0.0000,0.0001,0.0354,0.0001,200,3.2026
0.0507,0.0001,0.0000,0.0000,0.0505,0.0001,200,3.1905
0.0382,0.0001,0.0000,0.0000,0.0379,0.0001,200,3.2138
0.0371,0.0001,0.0000,0.0000,0.0368,0.0001,200,3.2172
0.0422,0.0001,0.0000,0.0000,0.0419,0.0001,200,3.2157
0.0454,0.0002,0.0000,0.0001,0.0450,0.0001,200,3.2125
0.0386,0.0002,0.0000,0.0001,0.0382,0.0001,200,3.2231
0.0471,0.0001,0.0000,0.0000,0.0468,0.0001,200,3.2264
0.0367,0.0002,0.0000,0.0001,0.0363,0.0001,200,3.2383
0.0403,0.0001,0.0000,0.0000,0.0400,0.0001,200,3.2412
0.0374,0.0002,0.0000,0.0001,0.0370,0.0001,200,3.2520
0.0362,0.0002,0.0000,0.0000,0.0358,0.0001,200,3.2579
0.0403,0.0001,0.0000,0.0000,0.0399,0.0001,200,3.2617
0.0442,0.0002,0.0000,0.0001,0.0439,0.0001,200,3.2579
0.0519,0.0002,0.0000,0.0001,0.0515,0.0001,200,3.2543
0.0373,0.0002,0.0000,0.0001,0.0368,0.0001,200,3.2735
0.0444,0.0001,0.0000,0.0000,0.0441,0.0001,200,3.2751
0.0380,0.0002,0.0000,0.0001,0.0377,0.0000,200,3.2815
0.0355,0.0002,0.0000,0.0001,0.0351,0.0001,200,3.2941
0.0448,0.0002,0.0000,0.0000,0.0445,0.0001,200,3.2895
0.0414,0.0002,0.0000,0.0001,0.0409,0.0001,200,3.3020
0.0407,0.0002,0.0000,0.0000,0.0403,0.0001,200,3.3062
0.0452,0.0001,0.0000,0.0000,0.0450,0.0000,200,3.3021
0.0367,0.0002,0.0000,0.0001,0.0363,0.0001,200,3.3195
0.0443,0.0001,0.0000,0.0000,0.0440,0.0001,200,3.3196
0.0546,0.0002,0.0000,0.0001,0.0542,0.0001,200,3.3108
0.0376,0.0002,0.0000,0.0000,0.0373,0.0001,200,3.3295
0.0453,0.0001,0.0000,0.0001,0.0450,0.0001,200,3.3343
0.0377,0.0002,0.0000,0.0001,0.0373,0.0001,200,3.3434
0.0366,0.0001,0.0000,0.0000,0.0363,0.0001,200,3.3473
0.0468,0.0001,0.0000,0.0000,0.0464,0.0001,200,3.3469
0.0406,0.0002,0.0000,0.0001,0.0401,0.0001,200,3.3561
0.0363,0.0001,0.0000,0.0000,0.0360,0.0001,200,3.3655
0.0408,0.0002,0.0000,0.0001,0.0405,0.0001,200,3.3639
0.0383,0.0001,0.0000,0.0000,0.0380,0.0000,200,3.3672
0.0380,0.0001,0.0000,0.0000,0.0377,0.0001,200,3.3810
0.0361,0.0001,0.0000,0.0000,0.0359,0.0000,200,3.3839
0.0515,0.0002,0.0000,0.0001,0.0511,0.0001,200,3.3797
0.0383,0.0003,0.0000,0.0001,0.0379,0.0001,200,3.3937
0.0345,0.0002,0.0000,0.0001,0.0341,0.0001,200,3.4018
0.0358,0.0001,0.0000,0.0000,0.0356,0.0001,200,3.4054
0.0520,0.0002,0.0000,0.0001,0.0515,0.0001,200,3.3967
0.0365,0.0002,0.0000,0.0001,0.0362,0.0001,200,3.4190
0.0511,0.0001,0.0000,0.0000,0.0509,0.0000,200,3.4047
0.0428,0.0001,0.0000,0.0000,0.0425,0.0001,200,3.4200
0.0369,0.0002,0.0000,0.0001,0.0365,0.0001,200,3.4312
0.0355,0.0002,0.0000,0.0001,0.0351,0.0001,200,3.4363
0.0453,0.0001,0.0000,0.0000,0.0450,0.0001,200,3.4321
0.0433,0.0001,0.0000,0.0000,0.0429,0.0001,200,3.4413
0.0361,0.0002,0.0000,0.0001,0.0358,0.0000,200,3.4487
0.0359,0.0002,0.0000,0.0001,0.0355,0.0001,200,3.4555
0.0441,0.0001,0.0000,0.0000,0.0439,0.0001,200,3.4559
0.0383,0.0002,0.0000,0.0001,0.0379,0.0001,200,3.4681
0.0480,0.0002,0.0000,0.0001,0.0475,0.0001,200,3.4628
0.0447,0.0002,0.0000,0.0000,0.0443,0.0001,200,3.4718
0.0360,0.0002,0.0000,0.0000,0.0356,0.0001,200,3.4915
0.0427,0.0001,0.0000,0.0000,0.0425,0.0001,200,3.4848
0.0503,0.0002,0.0000,0.0001,0.0499,0.0000,200,3.4774
0.0459,0.0002,0.0000,0.0001,0.0456,0.0001,200,3.4845
0.0370,0.0001,0.0000,0.0000,0.0367,0.0001,200,3.5064
0.0453,0.0002,0.0000,0.0001,0.0449,0.0001,200,3.5000
0.0381,0.0002,0.0000,0.0001,0.0378,0.0001,200,3.5108
0.0438,0.0002,0.0000,0.0000,0.0434,0.0001,200,3.5165
0.0336,0.0002,0.0000,0.0000,0.0333,0.0001,200,3.5305
0.0381,0.0002,0.0000,0.0000,0.0378,0.0001,200,3.5275
0.0440,0.0001,0.0000,0.0000,0.0438,0.0001,200,3.5277
0.0516,0.0002,0.0000,0.0000,0.0512,0.0001,200,3.5275
0.0353,0.0001,0.0000,0.0000,0.0351,0.0000,200,3.5453
0.0384,0.0002,0.0000,0.0001,0.0381,0.0000,200,3.5434
0.0411,0.0002,0.0000,0.0001,0.0407,0.0001,200,3.5489
0.0406,0.0002,0.0000,0.0000,0.0402,0.0001,200,3.5603
0.0423,0.0002,0.0000,0.0001,0.0419,0.0001,200,3.5641
0.0435,0.0001,0.0000,0.0000,0.0432,0.0001,200,3.5656
0.0432,0.0002,0.0000,0.0000,0.0427,0.0001,200,3.5717
0.0364,0.0001,0.0000,0.0000,0.0362,0.0001,200,3.5806
0.0384,0.0001,0.0000,0.0001,0.0381,0.0000,200,3.5791
0.0474,0.0001,0.0000,0.0000,0.0470,0.0001,200,3.5818
0.0447,0.0002,0.0000,0.0001,0.0443,0.0001,200,3.5900
0.0449,0.0002,0.0000,0.0001,0.0445,0.0001,200,3.6008
0.0403,0.0002,0.0000,0.0001,0.0399,0.0001,200,3.6092
0.0449,0.0002,0.0000,0.0000,0.0446,0.0001,200,3.6065
0.0470,0.0002,0.0000,0.0001,0.0464,0.0002,200,3.6148
0.0471,0.0001,0.0000,0.0000,0.0469,0.0001,200,3.6175
0.0365,0.0002,0.0000,0.0001,0.0362,0.0000,200,3.6292
0.0492,0.0001,0.0000,0.0000,0.0489,0.0001,200,3.6170
0.0349,0.0002,0.0000,0.0000,0.0346,0.0001,200,3.6495
0.0500,0.0002,0.0000,0.0001,0.0498,0.0000,200,3.6347
0.0404,0.0002,0.0000,0.0000,0.0401,0.0000,200,3.6458
0.0345,0.0002,0.0000,0.0000,0.0341,0.0001,200,3.6618
0.0486,0.0001,0.0000,0.0000,0.0483,0.0001,200,3.6514
0.0354,0.0001,0.0000,0.0000,0.0351,0.0001,200,3.6647
0.0416,0.0001,0.0000,0.0000,0.0412,0.0002,200,3.6662
0.0522,0.0001,0.0000,0.0000,0.0519,0.0001,200,3.6657
0.0336,0.0001,0.0000,0.0000,0.0334,0.0000,200,3.6848
0.0360,0.0002,0.0000,0.0000,0.0356,0.0001,200,3.6963
0.0481,0.0001,0.0000,0.0000,0.0478,0.0000,200,3.6844
0.0465,0.0001,0.0000,0.0000,0.0464,0.0000,200,3.6862
0.0359,0.0001,0.0000,0.0000,0.0356,0.0001,200,3.7001
0.0435,0.0002,0.0000,0.0000,0.0432,0.0001,200,3.7000
0.0383,0.0002,0.0000,0.0000,0.0379,0.0001,200,3.7078
0.0420,0.0001,0.0000,0.0000,0.0418,0.0001,200,3.7184
0.0427,0.0002,0.0000,0.0000,0.0424,0.0000,200,3.7179
0.0368,0.0002,0.0000,0.0000,0.0364,0.0001,200,3.7360
0.0420,0.0002,0.0000,0.0000,0.0417,0.0001,200,3.7323
0.0450,0.0001,0.0000,0.0000,0.0448,0.0001,200,3.7325
0.0452,0.0001,0.0000,0.0000,0.0450,0.0000,200,3.7328
0.0373,0.0002,0.0000,0.0001,0.0368,0.0001,200,3.7436
0.0442,0.0001,0.0000,0.0001,0.0439,0.0001,200,3.7461
0.0384,0.0001,0.0000,0.0000,0.0382,0.0001,200,3.7606
0.0394,0.0002,0.0000,0.0000,0.0391,0.0000,200,3.7604
0.0354,0.0002,0.0000,0.0001,0.0350,0.0001,200,3.7728
0.0365,0.0002,0.0000,0.0000,0.0362,0.0001,200,3.7743
0.0466,0.0001,0.0000,0.0000,0.0464,0.0001,200,3.7780
0.0472,0.0002,0.0000,0.0001,0.0469,0.0001,200,3.7775
0.0461,0.0002,0.0000,0.0001,0.0457,0.0001,200,3.7809
0.0353,0.0002,0.0000,0.0000,0.0350,0.0001,200,3.7990
0.0343,0.0002,0.0000,0.0000,0.0339,0.0001,200,3.8082
0.0532,0.0003,0.0000,0.0001,0.0528,0.0001,200,3.7903
0.0470,0.0001,0.0000,0.0000,0.0468,0.0001,200,3.7998
0.0376,0.0001,0.0000,0.0000,0.0374,0.0001,200,3.8108
0.0368,0.0001,0.0000,0.0000,0.0366,0.0001,200,3.8247
0.0475,0.0001,0.0000,0.0000,0.0472,0.0001,200,3.8246
0.0466,0.0002,0.0000,0.0000,0.0463,0.0001,200,3.8270
0.0447,0.0002,0.0000,0.0001,0.0442,0.0001,200,3.8344
0.0372,0.0002,0.0000,0.0001,0.0369,0.0000,200,3.8426
0.0349,0.0001,0.0000,0.0000,0.0346,0.0001,200,3.8468
0.0419,0.0001,0.0000,0.0000,0.0417,0.0001,200,3.8484
0.0472,0.0001,0.0000,0.0000,0.0470,0.0000,200,3.8435
0.0344,0.0002,0.0000,0.0001,0.0341,0.0001,200,3.8735
0.0481,0.0002,0.0000,0.0001,0.0477,0.0001,200,3.8615
0.0408,0.0002,0.0000,0.0001,0.0404,0.0001,200,3.8721
0.0371,0.0002,0.0000,0.0001,0.0367,0.0001,200,3.8790
0.0384,0.0001,0.0000,0.0000,0.0382,0.0001,200,3.8798
0.0379,0.0001,0.0000,0.0000,0.0376,0.0000,200,3.8817
0.0457,0.0001,0.0000,0.0000,0.0455,0.0001,200,3.8907
0.0464,0.0002,0.0000,0.0000,0.0460,0.0000,200,3.8903
0.0383,0.0001,0.0000,0.0001,0.0380,0.0001,200,3.9096
0.0349,0.0002,0.0000,0.0001,0.0345,0.0001,200,3.9162
0.0454,0.0002,0.0000,0.0001,0.0450,0.0001,200,3.9079
0.0473,0.0002,0.0000,0.0001,0.0469,0.0001,200,3.9129
0.0475,0.0001,0.0000,0.0000,0.0472,0.0001,200,3.9196
0.0489,0.0001,0.0000,0.0000,0.0487,0.0001,200,3.9182
0.0388,0.0001,0.0000,0.0000,0.0386,0.0001,200,3.9367
0.0361,0.0002,0.0000,0.0001,0.0356,0.0001,200,3.9479
0.0520,0.0002,0.0000,0.0000,0.0517,0.0001,200,3.9365
0.0384,0.0001,0.0000,0.0000,0.0381,0.0001,200,3.9533
0.0380,0.0002,0.0000,0.0001,0.0375,0.0001,200,3.9603
0.0514,0.0002,0.0000,0.0000,0.0510,0.0001,200,3.9511
0.0377,0.0001,0.0000,0.0000,0.0374,0.0001,200,3.9671
0.0391,0.0002,0.0000,0.0000,0.0388,0.0000,200,3.9671
0.0453,0.0002,0.0000,0.0001,0.0449,0.0001,200,3.9756
0.0449,0.0002,0.0000,0.0001,0.0445,0.0001,200,3.9840
0.0354,0.0002,0.0000,0.0001,0.0349,0.0001,200,3.9983
0.0454,0.0002,0.0000,0.0001,0.0451,0.0001,200,3.9885
0.0473,0.0002,0.0000,0.0000,0.0469,0.0001,200,3.9917
0.0440,0.0001,0.0000,0.0000,0.0437,0.0001,200,4.0062
0.0485,0.0002,0.0000,0.0001,0.0481,0.0001,200,4.0025
0.0474,0.0001,0.0000,0.0000,0.0471,0.0001,200,4.0049
0.0378,0.0001,0.0000,0.0001,0.0374,0.0001,200,4.0209
0.0368,0.0001,0.0000,0.0001,0.0365,0.0001,200,4.0337
0.0420,0.0002,0.0000,0.0001,0.0417,0.0000,200,4.0289
0.0510,0.0001,0.0000,0.0000,0.0508,0.0001,200,4.0339
0.0460,0.0002,0.0000,0.0000,0.0456,0.0000,200,4.0390
0.0350,0.0002,0.0000,0.0001,0.0346,0.0001,200,4.0501
0.0407,0.0001,0.0000,0.0000,0.0404,0.0001,200,4.0523
0.0453,0.0001,0.0000,0.0000,0.0450,0.0001,200,4.0510
0.0482,0.0002,0.0000,0.0000,0.0478,0.0001,200,4.0587
0.0371,0.0001,0.0000,0.0000,0.0369,0.0000,200,4.0709
0.0386,0.0002,0.0000,0.0000,0.0383,0.0000,200,4.0705
0.0438,0.0002,0.0000,0.0000,0.0434,0.0001,200,4.0850
0.0359,0.0002,0.0000,0.0000,0.0356,0.0000,200,4.0930
0.0449,0.0002,0.0000,0.0000,0.0446,0.0000,200,4.0850
0.0509,0.0001,0.0000,0.0000,0.0507,0.0001,200,4.0851
0.0434,0.0001,0.0000,0.0000,0.0431,0.0001,200,4.0963
0.0342,0.0001,0.0000,0.0000,0.0340,0.0001,200,4.1091
0.0373,0.0002,0.0000,0.0001,0.0369,0.0000,200,4.1069
0.0444,0.0001,0.0000,0.0000,0.0441,0.0001,200,4.1080
0.0421,0.0001,0.0000,0.0000,0.0418,0.0001,200,4.1289
0.0436,0.0002,0.0000,0.0000,0.0433,0.0001,200,4.1288
0.0442,0.0001,0.0000,0.0000,0.0440,0.0001,200,4.1298
0.0333,0.0001,0.0000,0.0000,0.0330,0.0001,200,4.1434
0.0422,0.0001,0.0000,0.0000,0.0420,0.0001,200,4.1442
0.0519,0.0002,0.0000,0.0001,0.0515,0.0000,200,4.1360
0.0369,0.0002,0.0000,0.0000,0.0365,0.0001,200,4.1524
0.0499,0.0002,0.0000,0.0001,0.0495,0.0000,200,4.1397
0.0347,0.0001,0.0000,0.0000,0.0345,0.0001,200,4.1724
0.0407,0.0002,0.0000,0.0001,0.0403,0.0001,200,4.1710
0.0390,0.0001,0.0000,0.0000,0.0388,0.0000,200,4.1740
0.0471,0.0002,0.0000,0.0000,0.0467,0.0001,200,4.1767
0.0354,0.0001,0.0000,0.0000,0.0352,0.0001,200,4.1895
0.0429,0.0001,0.0000,0.0000,0.0427,0.0001,200,4.1879
0.0475,0.0002,0.0000,0.0001,0.0471,0.0001,200,4.1864
0.0456,0.0001,0.0000,0.0000,0.0454,0.0000,200,4.1893
0.0365,0.0001,0.0000,0.0000,0.0361,0.0001,200,4.2117
0.0361,0.0001,0.0000,0.0000,0.0359,0.0000,200,4.2130
0.0440,0.0002,0.0000,0.0001,0.0437,0.0000,200,4.2071
0.0389,0.0002,0.0000,0.0001,0.0384,0.0002,200,4.2238
0.0401,0.0001,0.0000,0.0000,0.0398,0.0001,200,4.2249
0.0361,0.0002,0.0000,0.0001,0.0356,0.0000,200,4.2308
0.0348,0.0002,0.0000,0.0001,0.0343,0.0001,200,4.2482
0.0506,0.0001,0.0000,0.0000,0.0504,0.0001,200,4.2348
0.0517,0.0002,0.0000,0.0000,0.0514,0.0000,200,4.2339
0.0365,0.0001,0.0000,0.0000,0.0363,0.0000,200,4.2491
0.0443,0.0001,0.0000,0.0000,0.0440,0.0001,200,4.2511
0.0363,0.0002,0.0000,0.0001,0.0359,0.0001,200,4.2627
0.0440,0.0001,0.0000,0.0000,0.0437,0.0001,200,4.2651
0.0434,0.0001,0.0000,0.0000,0.0432,0.0000,200,4.2669
0.0341,0.0001,0.0000,0.0000,0.0339,0.0001,200,4.2856
0.0446,0.0002,0.0000,0.0001,0.0442,0.0001,200,4.2829
0.0442,0.0002,0.0000,0.0000,0.0439,0.0000,200,4.2855
0.0443,0.0001,0.0000,0.0000,0.0440,0.0001,200,4.2856
0.0454,0.0002,0.0000,0.0001,0.0450,0.0001,200,4.2954
0.0435,0.0002,0.0000,0.0000,0.0432,0.0000,200,4.2990
0.0364,0.0001,0.0000,0.0000,0.0361,0.0001,200,4.3103
0.0443,0.0001,0.0000,0.0001,0.0439,0.0001,200,4.3091
0.0466,0.0002,0.0000,0.0001,0.0462,0.0001,200,4.3198
0.0455,0.0002,0.0000,0.0001,0.0450,0.0002,200,4.3275
0.0361,0.0002,0.0000,0.0001,0.0357,0.0001,200,4.3408
0.0355,0.0001,0.0000,0.0000,0.0353,0.0001,200,4.3426
0.0488,0.0001,0.0000,0.0000,0.0486,0.0000,200,4.3297
0.0490,0.0001,0.0000,0.0000,0.0488,0.0000,200,4.3299
0.0381,0.0002,0.0000,0.0000,0.0376,0.0001,200,4.3467
0.0363,0.0002,0.0000,0.0001,0.0359,0.0001,200,4.3534
0.0367,0.0002,0.0000,0.0000,0.0364,0.0001,200,4.3663
0.0377,0.0003,0.0000,0.0001,0.0371,0.0001,200,4.3730
0.0351,0.0001,0.0000,0.0000,0.0349,0.0001,200,4.3785
0.0380,0.0001,0.0000,0.0000,0.0377,0.0001,200,4.3789
0.0361,0.0002,0.0000,0.0000,0.0357,0.0001,200,4.3847
0.0465,0.0002,0.0000,0.0000,0.0462,0.0001,200,4.3769
0.0517,0.0001,0.0000,0.0000,0.0514,0.0001,200,4.3781
0.0467,0.0002,0.0000,0.0001,0.0463,0.0001,200,4.3897
0.0363,0.0002,0.0000,0.0001,0.0359,0.0001,200,4.4107
0.0458,0.0002,0.0000,0.0001,0.0455,0.0001,200,4.4030
0.0367,0.0002,0.0000,0.0001,0.0364,0.0000,200,4.4136
0.0371,0.0002,0.0000,0.0000,0.0367,0.0001,200,4.4209
0.0464,0.0002,0.0000,0.0000,0.0460,0.0001,200,4.4169
0.0373,0.0002,0.0000,0.0001,0.0368,0.0001,200,4.4298
0.0453,0.0001,0.0000,0.0000,0.0450,0.0001,200,4.4234
0.0438,0.0001,0.0000,0.0000,0.0434,0.0001,200,4.4364
0.0360,0.0001,0.0000,0.0000,0.0357,0.0001,200,4.4503
0.0399,0.0002,0.0000,0.0001,0.0395,0.0000,200,4.4470
0.0461,0.0001,0.0000,0.0000,0.0458,0.0001,200,4.4488
0.0384,0.0002,0.0000,0.0001,0.0380,0.0001,200,4.4580
0.0351,0.0001,0.0000,0.0000,0.0348,0.0001,200,4.4670
0.0488,0.0002,0.0000,0.0001,0.0484,0.0001,200,4.4633
0.0482,0.0001,0.0000,0.0000,0.0479,0.0001,200,4.4687
0.0375,0.0001,0.0000,0.0000,0.0372,0.0001,200,4.4869
0.0480,0.0002,0.0000,0.0001,0.0475,0.0001,200,4.4802
0.0377,0.0001,0.0000,0.0000,0.0374,0.0001,200,4.4964
0.0486,0.0002,0.0000,0.0000,0.0483,0.0001,200,4.4864
0.0403,0.0002,0.0000,0.0000,0.0400,0.0000,200,4.4949
0.0386,0.0002,0.0000,0.0001,0.0382,0.0001,200,4.5022
0.0472,0.0002,0.0000,0.0001,0.0468,0.0001,200,4.5121
0.0468,0.0002,0.0000,0.0001,0.0463,0.0001,200,4.5169
0.0374,0.0002,0.0000,0.0001,0.0370,0.0001,200,4.5282
0.0467,0.0002,0.0000,0.0001,0.0462,0.0001,200,4.5245
0.0377,0.0002,0.0000,0.0001,0.0374,0.0000,200,4.5341
0.0373,0.0001,0.0000,0.0000,0.0371,0.0001,200,4.5352
0.0385,0.0002,0.0000,0.0001,0.0381,0.0001,200,4.5407
0.0468,0.0001,0.0000,0.0000,0.0466,0.0001,200,4.5350
0.0377,0.0002,0.0000,0.0001,0.0372,0.0002,200,4.5637
0.0431,0.0002,0.0000,0.0001,0.0428,0.0001,200,4.5593
0.0350,0.0002,0.0000,0.0000,0.0347,0.0001,200,4.5711
0.0409,0.0002,0.0000,0.0000,0.0406,0.0000,200,4.5656
0.0370,0.0001,0.0000,0.0000,0.0368,0.0001,200,4.5725
0.0442,0.0001,0.0000,0.0000,0.0439,0.0001,200,4.5718
0.0463,0.0002,0.0000,0.0001,0.0458,0.0001,200,4.5793
0.0474,0.0002,0.0000,0.0001,0.0471,0.0001,200,4.5818
0.0387,0.0001,0.0000,0.0000,0.0384,0.0001,200,4.6024
0.0361,0.0001,0.0000,0.0000,0.0359,0.0000,200,4.6065
0.0457,0.0002,0.0000,0.0001,0.0452,0.0002,200,4.6014
0.0377,0.0002,0.0000,0.0000,0.0373,0.0001,200,4.6160
0.0479,0.0002,0.0000,0.0001,0.0476,0.0000,200,4.6062
0.0370,0.0002,0.0000,0.0001,0.0366,0.0001,200,4.6255
0.0532,0.0002,0.0000,0.0001,0.0529,0.0001,200,4.6095
0.0378,0.0001,0.0000,0.0001,0.0374,0.0001,200,4.6292
0.0361,0.0002,0.0000,0.0000,0.0358,0.0001,200,4.6411
0.0359,0.0001,0.0000,0.0000,0.0357,0.0001,200,4.6425
0.0369,0.0002,0.0000,0.0001,0.0365,0.0001,200,4.6471
0.0447,0.0002,0.0000,0.0000,0.0443,0.0001,200,4.6537
0.0445,0.0001,0.0000,0.0000,0.0444,0.0000,200,4.6541
0.0363,0.0001,0.0000,0.0000,0.0360,0.0001,200,4.6670
0.0466,0.0001,0.0000,0.0000,0.0464,0.0001,200,4.6627
0.0468,0.0002,0.0000,0.0001,0.0465,0.0001,200,4.6625
0.0410,0.0002,0.0000,0.0001,0.0406,0.0001,200,4.6773
0.0404,0.0001,0.0000,0.0001,0.0400,0.0001,200,4.6840
0.0485,0.0001,0.0000,0.0000,0.0482,0.0001,200,4.6784
0.0375,0.0001,0.0000,0.0000,0.0372,0.0002,200,4.6986
0.0444,0.0001,0.0000,0.0000,0.0441,0.0001,200,4.6984
0.0403,0.0002,0.0000,0.0001,0.0399,0.0000,200,4.7033
0.0449,0.0001,0.0000,0.0000,0.0446,0.0001,200,4.7094
0.0450,0.0001,0.0000,0.0000,0.0447,0.0000,200,4.7093
0.0380,0.0002,0.0000,0.0001,0.0376,0.0001,200,4.7183
0.0372,0.0001,0.0000,0.0000,0.0369,0.0001,200,4.7269
0.0409,0.0001,0.0000,0.0000,0.0406,0.0000,200,4.7244
0.0399,0.0001,0.0000,0.0000,0.0397,0.0001,200,4.7437
0.0418,0.0002,0.0000,0.0000,0.0415,0.0000,200,4.7429
0.0501,0.0002,0.0000,0.0001,0.0497,0.0001,200,4.7362
0.0347,0.0001,0.0000,0.0000,0.0344,0.0000,200,4.7543
0.0330,0.0002,0.0000,0.0001,0.0326,0.0001,200,4.7642
0.0529,0.0001,0.0000,0.0000,0.0526,0.0001,200,4.7543
0.0420,0.0001,0.0000,0.0000,0.0418,0.0001,200,4.7652
0.0513,0.0001,0.0000,0.0001,0.0510,0.0000,200,4.7564
0.0410,0.0002,0.0000,0.0001,0.0406,0.0001,200,4.7836
0.0384,0.0001,0.0000,0.0000,0.0381,0.0000,200,4.7863
0.0371,0.0001,0.0000,0.0000,0.0369,0.0001,200,4.7890
0.0418,0.0001,0.0000,0.0000,0.0416,0.0000,200,4.7847
0.0381,0.0002,0.0000,0.0001,0.0377,0.0001,200,4.7972
0.0396,0.0001,0.0000,0.0000,0.0394,0.0001,200,4.8076
0.0477,0.0002,0.0000,0.0000,0.0473,0.0001,200,4.8072
0.0480,0.0002,0.0000,0.0000,0.0477,0.0000,200,4.8072
0.0387,0.0002,0.0000,0.0000,0.0383,0.0001,200,4.8246
0.0387,0.0001,0.0000,0.0000,0.0384,0.0001,200,4.8247
0.0429,0.0001,0.0000,0.0000,0.0427,0.0001,200,4.8261
0.0386,0.0002,0.0000,0.0001,0.0382,0.0001,200,4.8353
0.0529,0.0001,0.0000,0.0000,0.0526,0.0001,200,4.8265
0.0432,0.0002,0.0000,0.0001,0.0427,0.0001,200,4.8473
0.0359,0.0002,0.0000,0.0001,0.0355,0.0000,200,4.8549
0.0428,0.0001,0.0000,0.0000,0.0426,0.0001,200,4.8552
0.0372,0.0001,0.0000,0.0000,0.0369,0.0001,200,4.8633
0.0397,0.0002,0.0000,0.0001,0.0392,0.0001,200,4.8690
0.0454,0.0001,0.0000,0.0000,0.0451,0.0001,200,4.8633
0.0373,0.0002,0.0000,0.0001,0.0369,0.0001,200,4.8739
0.0414,0.0002,0.0000,0.0001,0.0410,0.0001,200,4.8794
0.0390,0.0002,0.0000,0.0001,0.0386,0.0001,200,4.8904
0.0393,0.0001,0.0000,0.0000,0.0391,0.0000,200,4.8908
0.0387,0.0002,0.0000,0.0001,0.0383,0.0001,200,4.9005
0.0529,0.0002,0.0000,0.0000,0.0524,0.0001,200,4.8981
0.0469,0.0002,0.0000,0.0000,0.0466,0.0001,200,4.9087
0.0485,0.0002,0.0000,0.0000,0.0482,0.0000,200,4.9087
0.0471,0.0002,0.0000,0.0000,0.0468,0.0001,200,4.9112
0.0462,0.0002,0.0000,0.0001,0.0457,0.0001,200,4.9208
0.0409,0.0002,0.0000,0.0000,0.0406,0.0001,200,4.9294
0.0441,0.0001,0.0000,0.0000,0.0439,0.0001,200,4.9302
0.0418,0.0002,0.0000,0.0001,0.0414,0.0001,200,4.9391
0.0387,0.0002,0.0000,0.0000,0.0383,0.0001,200,4.9510
0.0371,0.0001,0.0000,0.0000,0.0369,0.0001,200,4.9572
0.0473,0.0001,0.0000,0.0000,0.0470,0.0001,200,4.9557
0.0376,0.0002,0.0000,0.0001,0.0371,0.0001,200,4.9670
0.0497,0.0001,0.0000,0.0000,0.0495,0.0001,200,4.9583
0.0380,0.0002,0.0000,0.0001,0.0376,0.0001,200,4.9703
0.0403,0.0002,0.0000,0.0001,0.0399,0.0001,200,4.9743
0.0371,0.0002,0.0000,0.0001,0.0367,0.0001,200,4.9897
0.0380,0.0002,0.0000,0.0001,0.0376,0.0001,200,4.9944
0.0524,0.0002,0.0000,0.0001,0.0520,0.0000,200,4.9810
0.0338,0.0001,0.0000,0.0000,0.0335,0.0001,200,5.0083
0.0433,0.0002,0.0000,0.0001,0.0430,0.0001,200,5.0080
0.0370,0.0001,0.0000,0.0000,0.0367,0.0000,200,5.0146
0.0479,0.0002,0.0000,0.0001,0.0476,0.0000,200,5.0045
0.0497,0.0002,0.0000,0.0001,0.0494,0.0000,200,5.0030
0.0442,0.0002,0.0000,0.0001,0.0438,0.0001,200,5.0268
0.0405,0.0001,0.0000,0.0000,0.0403,0.0001,200,5.0334
0.0431,0.0001,0.0000,0.0001,0.0428,0.0001,200,5.0323
0.0378,0.0001,0.0000,0.0000,0.0375,0.0001,200,5.0527
0.0389,0.0001,0.0000,0.0000,0.0387,0.0001,200,5.0516
0.0486,0.0003,0.0000,0.0001,0.0481,0.0000,200,5.0422
0.0438,0.0002,0.0000,0.0001,0.0435,0.0001,200,5.0513
0.0436,0.0001,0.0000,0.0000,0.0434,0.0000,200,5.0524
0.0395,0.0002,0.0000,0.0000,0.0392,0.0001,200,5.0710
0.0442,0.0001,0.0000,0.0000,0.0438,0.0001,200,5.0739
0.0332,0.0001,0.0000,0.0000,0.0329,0.0001,200,5.0952
0.0539,0.0001,0.0000,0.0000,0.0536,0.0001,200,5.0755
0.0378,0.0001,0.0000,0.0000,0.0376,0.0001,200,5.0961
0.0475,0.0001,0.0000,0.0000,0.0473,0.0001,200,5.0907
0.0480,0.0002,0.0000,0.0000,0.0476,0.0001,200,5.0905
0.0485,0.0002,0.0000,0.0000,0.0482,0.0001,200,5.0905
0.0353,0.0002,0.0000,0.0001,0.0349,0.0001,200,5.1105
0.0368,0.0001,0.0000,0.0000,0.0365,0.0001,200,5.1181
0.0368,0.0002,0.0000,0.0001,0.0365,0.0001,200,5.1339
0.0435,0.0001,0.0000,0.0000,0.0432,0.0001,200,5.1293
0.0366,0.0001,0.0000,0.0000,0.0364,0.0001,200,5.1385
0.0469,0.0002,0.0000,0.0001,0.0465,0.0000,200,5.1284
0.0440,0.0001,0.0000,0.0000,0.0437,0.0001,200,5.1391
0.0396,0.0002,0.0000,0.0000,0.0392,0.0001,200,5.1458
0.0474,0.0002,0.0000,0.0001,0.0470,0.0000,200,5.1382
0.0399,0.0002,0.0000,0.0000,0.0396,0.0001,200,5.1549
0.0420,0.0001,0.0000,0.0000,0.0417,0.0002,200,5.1753
0.0468,0.0002,0.0000,0.0000,0.0465,0.0001,200,5.1708
0.0380,0.0002,0.0000,0.0001,0.0375,0.0001,200,5.1830
0.0360,0.0001,0.0000,0.0000,0.0358,0.0001,200,5.1856
0.0386,0.0001,0.0000,0.0000,0.0383,0.0001,200,5.1854
0.0493,0.0001,0.0000,0.0000,0.0490,0.0001,200,5.1751
0.0543,0.0001,0.0000,0.0000,0.0540,0.0001,200,5.1728
0.0418,0.0002,0.0000,0.0001,0.0414,0.0001,200,5.1948
0.0325,0.0003,0.0000,0.0001,0.0320,0.0001,200,5.2210
0.0444,0.0001,0.0000,0.0000,0.0440,0.0001,200,5.2240
0.0508,0.0002,0.0000,0.0000,0.0505,0.0001,200,5.2176
0.0517,0.0003,0.0000,0.0001,0.0512,0.0001,200,5.2173
0.0337,0.0001,0.0000,0.0000,0.0335,0.0000,200,5.2366
0.0500,0.0001,0.0000,0.0000,0.0497,0.0001,200,5.2216
0.0499,0.0001,0.0000,0.0000,0.0497,0.0001,200,5.2244
0.0472,0.0002,0.0000,0.0000,0.0468,0.0001,200,5.2271
0.0434,0.0002,0.0000,0.0001,0.0431,0.0001,200,5.2535
0.0364,0.0001,0.0000,0.0000,0.0361,0.0001,200,5.2690
0.0370,0.0002,0.0000,0.0000,0.0367,0.0001,200,5.2684
0.0345,0.0001,0.0000,0.0000,0.0343,0.0000,200,5.2716
0.0399,0.0001,0.0000,0.0000,0.0397,0.0001,200,5.2704
0.0400,0.0001,0.0000,0.0000,0.0397,0.0001,200,5.2743
0.0424,0.0001,0.0000,0.0000,0.0421,0.0001,200,5.2743
0.0500,0.0002,0.0000,0.0001,0.0496,0.0001,200,5.2684
0.0390,0.0002,0.0000,0.0000,0.0386,0.0001,200,5.2969
0.0392,0.0001,0.0000,0.0001,0.0389,0.0001,200,5.3054
0.0412,0.0002,0.0000,0.0000,0.0408,0.0001,200,5.3053
0.0409,0.0001,0.0000,0.0000,0.0407,0.0000,200,5.3061
0.0373,0.0001,0.0000,0.0000,0.0370,0.0001,200,5.3143
0.0350,0.0001,0.0000,0.0000,0.0347,0.0000,200,5.3167
0.0367,0.0001,0.0000,0.0000,0.0364,0.0001,200,5.3184
0.0517,0.0001,0.0000,0.0000,0.0514,0.0001,200,5.3103
0.0406,0.0002,0.0000,0.0000,0.0402,0.0001,200,5.3359
0.0351,0.0002,0.0000,0.0000,0.0347,0.0001,200,5.3447
0.0350,0.0001,0.0000,0.0000,0.0348,0.0001,200,5.3470
0.0359,0.0001,0.0000,0.0000,0.0355,0.0001,200,5.3551
0.0412,0.0002,0.0000,0.0000,0.0409,0.0001,200,5.3516
0.0415,0.0002,0.0000,0.0000,0.0412,0.0000,200,5.3516
0.0482,0.0001,0.0000,0.0000,0.0480,0.0000,200,5.3466
0.0444,0.0002,0.0000,0.0001,0.0439,0.0001,200,5.3621
0.0449,0.0002,0.0000,0.0001,0.0444,0.0001,200,5.3765
0.0426,0.0001,0.0000,0.0000,0.0423,0.0000,200,5.3798
0.0448,0.0001,0.0000,0.0000,0.0445,0.0001,200,5.3820
0.0348,0.0001,0.0000,0.0000,0.0346,0.0001,200,5.3948
0.0436,0.0001,0.0000,0.0000,0.0434,0.0001,200,5.3929
0.0455,0.0002,0.0000,0.0001,0.0451,0.0001,200,5.3910
0.0442,0.0001,0.0000,0.0000,0.0440,0.0000,200,5.3931
0.0400,0.0002,0.0000,0.0000,0.0396,0.0001,200,5.4065
0.0344,0.0002,0.0000,0.0001,0.0340,0.0001,200,5.4214
0.0372,0.0002,0.0000,0.0001,0.0368,0.0001,200,5.4296
0.0473,0.0001,0.0000,0.0000,0.0471,0.0001,200,5.4223
0.0364,0.0001,0.0000,0.0000,0.0361,0.0001,200,5.4373
0.0496,0.0002,0.0000,0.0001,0.0492,0.0001,200,5.4268
0.0443,0.0002,0.0000,0.0000,0.0440,0.0001,200,5.4365
0.0364,0.0002,0.0000,0.0001,0.0360,0.0001,200,5.4465
0.0490,0.0002,0.0000,0.0000,0.0487,0.0001,200,5.4365
0.0462,0.0002,0.0000,0.0000,0.0458,0.0001,200,5.4558
0.0367,0.0002,0.0000,0.0000,0.0364,0.0001,200,5.4669
0.0437,0.0001,0.0000,0.0001,0.0433,0.0001,200,5.4696
0.0350,0.0002,0.0000,0.0001,0.0347,0.0001,200,5.4808
0.0407,0.0002,0.0000,0.0001,0.0403,0.0001,200,5.4764
0.0456,0.0002,0.0000,0.0000,0.0452,0.0001,200,5.4737
0.0449,0.0001,0.0000,0.0000,0.0446,0.0001,200,5.4828
0.0456,0.0002,0.0000,0.0001,0.0452,0.0001,200,5.4855
0.0357,0.0001,0.0000,0.0001,0.0354,0.0001,200,5.5036
0.0425,0.0002,0.0000,0.0000,0.0421,0.0001,200,5.5019
0.0333,0.0001,0.0000,0.0001,0.0330,0.0001,200,5.5193
0.0430,0.0001,0.0000,0.0000,0.0427,0.0001,200,5.5158
0.0518,0.0002,0.0000,0.0001,0.0513,0.0001,200,5.5133
0.0347,0.0001,0.0000,0.0000,0.0344,0.0000,200,5.5311
0.0508,0.0001,0.0000,0.0000,0.0506,0.0001,200,5.5171
0.0404,0.0002,0.0000,0.0001,0.0400,0.0001,200,5.5277
0.0385,0.0002,0.0000,0.0001,0.0381,0.0001,200,5.5393
0.0423,0.0001,0.0000,0.0000,0.0419,0.0001,200,5.5444
0.0415,0.0002,0.0000,0.0000,0.0412,0.0001,200,5.5526
0.0360,0.0002,0.0000,0.0001,0.0356,0.0001,200,5.5588
0.0391,0.0001,0.0000,0.0000,0.0388,0.0001,200,5.5659
0.0424,0.0002,0.0000,0.0001,0.0420,0.0001,200,5.5651
0.0481,0.0001,0.0000,0.0000,0.0479,0.0001,200,5.5681
0.0483,0.0002,0.0000,0.0000,0.0479,0.0001,200,5.5679
0.0383,0.0002,0.0000,0.0001,0.0379,0.0001,200,5.5779
0.0383,0.0002,0.0000,0.0001,0.0378,0.0001,200,5.5867
0.0441,0.0002,0.0000,0.0000,0.0437,0.0001,200,5.5942
0.0345,0.0002,0.0000,0.0001,0.0341,0.0001,200,5.6075
0.0402,0.0002,0.0000,0.0000,0.0399,0.0001,200,5.6049
0.0505,0.0001,0.0000,0.0000,0.0503,0.0000,200,5.5949
0.0413,0.0002,0.0000,0.0000,0.0410,0.0001,200,5.6162
0.0414,0.0001,0.0000,0.0000,0.0411,0.0001,200,5.6162
0.0465,0.0001,0.0000,0.0000,0.0462,0.0001,200,5.6162
0.0385,0.0002,0.0000,0.0000,0.0382,0.0001,200,5.6251
0.0356,0.0002,0.0000,0.0001,0.0352,0.0001,200,5.6382
0.0377,0.0001,0.0000,0.0000,0.0373,0.0001,200,5.6451
0.0418,0.0001,0.0000,0.0000,0.0416,0.0001,200,5.6454
0.0491,0.0002,0.0000,0.0001,0.0488,0.0001,200,5.6420
0.0420,0.0002,0.0000,0.0000,0.0417,0.0001,200,5.6576
0.0427,0.0002,0.0000,0.0001,0.0423,0.0000,200,5.6575
0.0384,0.0001,0.0000,0.0000,0.0382,0.0000,200,5.6627
0.0429,0.0001,0.0000,0.0000,0.0425,0.0001,200,5.6635
0.0379,0.0002,0.0000,0.0001,0.0376,0.0001,200,5.6739
0.0425,0.0002,0.0000,0.0001,0.0422,0.0001,200,5.6828
0.0408,0.0001,0.0000,0.0000,0.0405,0.0001,200,5.6872
0.0440,0.0002,0.0000,0.0001,0.0437,0.0001,200,5.6911
0.0372,0.0001,0.0000,0.0000,0.0370,0.0001,200,5.7002
0.0375,0.0002,0.0000,0.0001,0.0370,0.0001,200,5.7064
0.0462,0.0001,0.0000,0.0000,0.0459,0.0001,200,5.7011
0.0359,0.0002,0.0000,0.0001,0.0356,0.0000,200,5.7118
0.0523,0.0002,0.0000,0.0001,0.0519,0.0001,200,5.6996
0.0453,0.0002,0.0000,0.0001,0.0449,0.0001,200,5.7253
0.0363,0.0002,0.0000,0.0001,0.0360,0.0000,200,5.7351
0.0466,0.0002,0.0000,0.0000,0.0463,0.0001,200,5.7281
0.0410,0.0001,0.0000,0.0001,0.0407,0.0001,200,5.7374
0.0382,0.0002,0.0000,0.0001,0.0377,0.0001,200,5.7439
0.0395,0.0002,0.0000,0.0001,0.0392,0.0001,200,5.7473
0.0368,0.0002,0.0000,0.0000,0.0365,0.0001,200,5.7519
0.0461,0.0001,0.0000,0.0000,0.0458,0.0001,200,5.7477
0.0351,0.0001,0.0000,0.0000,0.0348,0.0001,200,5.7747
0.0411,0.0001,0.0000,0.0000,0.0408,0.0001,200,5.7714
0.0356,0.0001,0.0000,0.0000,0.0354,0.0001,200,5.7785
0.0444,0.0002,0.0000,0.0000,0.0441,0.0000,200,5.7706
0.0430,0.0002,0.0000,0.0001,0.0426,0.0001,200,5.7821
0.0391,0.0002,0.0000,0.0000,0.0388,0.0001,200,5.7869
0.0386,0.0002,0.0000,0.0001,0.0382,0.0001,200,5.7938
0.0513,0.0001,0.0000,0.0000,0.0510,0.0001,200,5.7888
0.0384,0.0001,0.0000,0.0001,0.0380,0.0001,200,5.8125
0.0417,0.0002,0.0000,0.0001,0.0413,0.0001,200,5.8098
0.0415,0.0001,0.0000,0.0000,0.0412,0.0001,200,5.8150
0.0446,0.0001,0.0000,0.0000,0.0444,0.0001,200,5.8141
0.0407,0.0002,0.0000,0.0001,0.0403,0.0001,200,5.8251
0.0451,0.0001,0.0000,0.0000,0.0447,0.0001,200,5.8259
0.0429,0.0002,0.0000,0.0001,0.0425,0.0001,200,5.8324
0.0379,0.0002,0.0000,0.0001,0.0376,0.0001,200,5.8401
0.0350,0.0002,0.0000,0.0001,0.0346,0.0001,200,5.8509
0.0411,0.0001,0.0000,0.0000,0.0408,0.0001,200,5.8515
0.0385,0.0001,0.0000,0.0000,0.0382,0.0001,200,5.8565
0.0441,0.0001,0.0000,0.0000,0.0438,0.0001,200,5.8588
0.0411,0.0002,0.0000,0.0001,0.0406,0.0001,200,5.8658
0.0384,0.0002,0.0000,0.0001,0.0380,0.0001,200,5.8710
0.0393,0.0001,0.0000,0.0001,0.0389,0.0001,200,5.8753
0.0418,0.0001,0.0000,0.0000,0.0414,0.0001,200,5.8780
0.0353,0.0002,0.0000,0.0000,0.0350,0.0001,200,5.8926
0.0477,0.0002,0.0000,0.0001,0.0473,0.0001,200,5.8859
0.0371,0.0002,0.0000,0.0000,0.0367,0.0001,200,5.9094
0.0398,0.0002,0.0000,0.0001,0.0394,0.0001,200,5.9069
0.0524,0.0001,0.0000,0.0000,0.0522,0.0001,200,5.8950
0.0451,0.0002,0.0000,0.0001,0.0448,0.0000,200,5.9029
0.0429,0.0002,0.0000,0.0001,0.0425,0.0001,200,5.9146
0.0398,0.0002,0.0000,0.0001,0.0395,0.0001,200,5.9198
0.0416,0.0002,0.0000,0.0001,0.0412,0.0001,200,5.9279
0.0407,0.0001,0.0000,0.0000,0.0404,0.0001,200,5.9336
0.0361,0.0001,0.0000,0.0000,0.0359,0.0001,200,5.9481
0.0381,0.0002,0.0000,0.0000,0.0378,0.0000,200,5.9464
0.0422,0.0001,0.0000,0.0000,0.0420,0.0001,200,5.9467
0.0418,0.0001,0.0000,0.0000,0.0416,0.0000,200,5.9474
0.0425,0.0002,0.0000,0.0000,0.0422,0.0001,200,5.9575
0.0371,0.0002,0.0000,0.0000,0.0368,0.0001,200,5.9744
0.0526,0.0001,0.0000,0.0000,0.0523,0.0000,200,5.9596
0.0429,0.0002,0.0000,0.0001,0.0425,0.0000,200,5.9695
0.0409,0.0002,0.0000,0.0001,0.0405,0.0001,200,5.9842
0.0408,0.0001,0.0000,0.0000,0.0406,0.0000,200,5.9846
0.0380,0.0001,0.0000,0.0000,0.0378,0.0000,200,5.9889
0.0400,0.0001,0.0000,0.0000,0.0397,0.0001,200,5.9892
0.0389,0.0001,0.0000,0.0001,0.0385,0.0001,200,6.0001
0.0414,0.0002,0.0000,0.0000,0.0410,0.0001,200,6.0115
0.0456,0.0001,0.0000,0.0000,0.0454,0.0001,200,6.0124
0.0459,0.0001,0.0000,0.0000,0.0456,0.0001,200,6.0122
0.0378,0.0001,0.0000,0.0000,0.0376,0.0001,200,6.0270
0.0425,0.0002,0.0000,0.0001,0.0422,0.0001,200,6.0251
0.0441,0.0001,0.0000,0.0000,0.0439,0.0001,200,6.0254
0.0490,0.0002,0.0000,0.0000,0.0486,0.0001,200,6.0292
0.0419,0.0002,0.0000,0.0001,0.0415,0.0001,200,6.0390
0.0381,0.0002,0.0000,0.0001,0.0377,0.0001,200,6.0529
0.0459,0.0002,0.0000,0.0000,0.0455,0.0001,200,6.0581
0.0402,0.0002,0.0000,0.0001,0.0398,0.0000,200,6.0648
0.0478,0.0002,0.0000,0.0001,0.0474,0.0001,200,6.0580
0.0379,0.0001,0.0000,0.0000,0.0376,0.0000,200,6.0695
0.0478,0.0002,0.0000,0.0001,0.0474,0.0001,200,6.0676
0.0391,0.0002,0.0000,0.0001,0.0387,0.0001,200,6.0782
0.0452,0.0002,0.0000,0.0000,0.0448,0.0001,200,6.0809
0.0408,0.0002,0.0000,0.0001,0.0405,0.0001,200,6.0910
0.0396,0.0001,0.0000,0.0000,0.0394,0.0001,200,6.1050
0.0465,0.0002,0.0000,0.0001,0.0460,0.0001,200,6.1040
0.0376,0.0002,0.0000,0.0000,0.0373,0.0001,200,6.1154
0.0487,0.0001,0.0000,0.0000,0.0485,0.0001,200,6.1059
0.0389,0.0001,0.0000,0.0000,0.0386,0.0000,200,6.1173
0.0518,0.0001,0.0000,0.0000,0.0515,0.0001,200,6.1074
0.0360,0.0002,0.0000,0.0001,0.0356,0.0001,200,6.1260
0.0382,0.0001,0.0000,0.0000,0.0378,0.0001,200,6.1318
0.0418,0.0002,0.0000,0.0001,0.0414,0.0001,200,6.1446
0.0364,0.0001,0.0000,0.0000,0.0361,0.0001,200,6.1546
0.0405,0.0002,0.0000,0.0001,0.0401,0.0001,200,6.1531
0.0368,0.0002,0.0000,0.0001,0.0364,0.0001,200,6.1591
0.0482,0.0002,0.0000,0.0001,0.0477,0.0001,200,6.1504
0.0449,0.0001,0.0000,0.0000,0.0446,0.0001,200,6.1562
0.0376,0.0001,0.0000,0.0001,0.0372,0.0001,200,6.1700
0.0468,0.0002,0.0000,0.0001,0.0464,0.0000,200,6.1621
0.0352,0.0002,0.0000,0.0001,0.0348,0.0001,200,6.1910
0.0382,0.0002,0.0000,0.0001,0.0378,0.0001,200,6.1936
0.0499,0.0002,0.0000,0.0000,0.0495,0.0001,200,6.1865
0.0354,0.0001,0.0000,0.0001,0.0351,0.0001,200,6.2011
0.0361,0.0002,0.0000,0.0001,0.0356,0.0002,200,6.2076
0.0518,0.0001,0.0000,0.0000,0.0515,0.0001,200,6.1959
0.0511,0.0002,0.0000,0.0000,0.0507,0.0001,200,6.1986
0.0452,0.0001,0.0000,0.0000,0.0450,0.0001,200,6.2089
0.0365,0.0001,0.0000,0.0000,0.0362,0.0001,200,6.2365
0.0368,0.0002,0.0000,0.0000,0.0365,0.0000,200,6.2364
0.0473,0.0001,0.0000,0.0001,0.0470,0.0000,200,6.2262
0.0420,0.0002,0.0000,0.0000,0.0417,0.0000,200,6.2317
0.0379,0.0002,0.0000,0.0001,0.0374,0.0001,200,6.2437
0.0376,0.0002,0.0000,0.0001,0.0373,0.0001,200,6.2478
0.0447,0.0001,0.0000,0.0000,0.0444,0.0001,200,6.2497
0.0428,0.0002,0.0000,0.0001,0.0425,0.0001,200,6.2541
0.0366,0.0001,0.0000,0.0000,0.0364,0.0001,200,6.2737
0.0371,0.0001,0.0000,0.0000,0.0369,0.0000,200,6.2735
0.0465,0.0001,0.0000,0.0000,0.0462,0.0001,200,6.2732
0.0505,0.0002,0.0000,0.0001,0.0501,0.0001,200,6.2730
0.0459,0.0002,0.0000,0.0000,0.0456,0.0001,200,6.2817
0.0461,0.0002,0.0000,0.0001,0.0457,0.0001,200,6.2854
0.0405,0.0001,0.0000,0.0000,0.0402,0.0001,200,6.2969
0.0454,0.0002,0.0000,0.0001,0.0450,0.0001,200,6.2945
0.0419,0.0002,0.0000,0.0001,0.0415,0.0001,200,6.3103
0.0339,0.0002,0.0000,0.0001,0.0335,0.0001,200,6.3235
0.0479,0.0001,0.0000,0.0000,0.0477,0.0001,200,6.3106
0.0443,0.0002,0.0000,0.0001,0.0439,0.0001,200,6.3197
0.0346,0.0002,0.0000,0.0001,0.0342,0.0001,200,6.3315
0.0448,0.0002,0.0000,0.0001,0.0444,0.0001,200,6.3276
0.0389,0.0001,0.0000,0.0000,0.0386,0.0001,200,6.3399
0.0496,0.0002,0.0000,0.0001,0.0492,0.0001,200,6.3374
0.0449,0.0002,0.0000,0.0001,0.0445,0.0001,200,6.3522
0.0403,0.0002,0.0000,0.0001,0.0400,0.0000,200,6.3574
0.0345,0.0002,0.0000,0.0001,0.0341,0.0000,200,6.3640
0.0470,0.0001,0.0000,0.0000,0.0467,0.0001,200,6.3585
0.0381,0.0002,0.0000,0.0001,0.0377,0.0001,200,6.3725
0.0454,0.0002,0.0000,0.0000,0.0451,0.0001,200,6.3661
0.0431,0.0002,0.0000,0.0001,0.0427,0.0001,200,6.3788
0.0360,0.0002,0.0000,0.0001,0.0357,0.0001,200,6.3870
0.0396,0.0001,0.0000,0.0000,0.0394,0.0001,200,6.3977
0.0425,0.0002,0.0000,0.0000,0.0422,0.0001,200,6.3971
0.0413,0.0001,0.0000,0.0000,0.0411,0.0000,200,6.3985
0.0388,0.0002,0.0000,0.0001,0.0384,0.0001,200,6.4055
0.0445,0.0002,0.0000,0.0000,0.0442,0.0001,200,6.4106
0.0467,0.0001,0.0000,0.0000,0.0464,0.0001,200,6.4115
0.0459,0.0002,0.0000,0.0001,0.0455,0.0001,200,6.4219
0.0461,0.0001,0.0000,0.0001,0.0458,0.0001,200,6.4231
0.0384,0.0002,0.0000,0.0001,0.0379,0.0001,200,6.4373
0.0382,0.0001,0.0000,0.0000,0.0379,0.0001,200,6.4398
0.0396,0.0001,0.0000,0.0000,0.0394,0.0001,200,6.4396
0.0401,0.0002,0.0000,0.0000,0.0397,0.0001,200,6.4444
0.0477,0.0002,0.0000,0.0001,0.0473,0.0001,200,6.4551
0.0462,0.0002,0.0000,0.0000,0.0459,0.0001,200,6.4582
0.0406,0.0001,0.0000,0.0001,0.0402,0.0002,200,6.4692
0.0371,0.0002,0.0000,0.0001,0.0367,0.0001,200,6.4757
0.0355,0.0001,0.0000,0.0000,0.0352,0.0001,200,6.4793
0.0384,0.0001,0.0000,0.0000,0.0381,0.0001,200,6.4779
0.0533,0.0002,0.0000,0.0001,0.0530,0.0001,200,6.4678
0.0408,0.0002,0.0000,0.0001,0.0403,0.0001,200,6.4844
0.0398,0.0002,0.0000,0.0001,0.0394,0.0001,200,6.5028
0.0401,0.0001,0.0000,0.0000,0.0399,0.0001,200,6.5044
0.0377,0.0002,0.0000,0.0000,0.0373,0.0001,200,6.5148
0.0462,0.0002,0.0000,0.0001,0.0458,0.0001,200,6.5097
0.0383,0.0002,0.0000,0.0001,0.0379,0.0001,200,6.5212
0.0481,0.0002,0.0000,0.0001,0.0477,0.0001,200,6.5128
0.0492,0.0001,0.0000,0.0000,0.0489,0.0001,200,6.5164
0.0454,0.0002,0.0000,0.0001,0.0450,0.0001,200,6.5252
0.0376,0.0002,0.0000,0.0001,0.0372,0.0001,200,6.5426
0.0400,0.0002,0.0000,0.0001,0.0396,0.0001,200,6.5445
0.0445,0.0002,0.0000,0.0001,0.0440,0.0001,200,6.5524
0.0361,0.0002,0.0000,0.0000,0.0356,0.0001,200,6.5655
0.0473,0.0002,0.0000,0.0001,0.0469,0.0001,200,6.5595
0.0522,0.0002,0.0000,0.0001,0.0518,0.0000,200,6.5560
0.0388,0.0001,0.0000,0.0001,0.0385,0.0000,200,6.5706
0.0509,0.0001,0.0000,0.0000,0.0506,0.0001,200,6.5609
0.0379,0.0002,0.0000,0.0001,0.0376,0.0001,200,6.5801
0.0343,0.0001,0.0000,0.0000,0.0340,0.0000,200,6.5845
0.0385,0.0002,0.0000,0.0001,0.0381,0.0001,200,6.5970
0.0341,0.0001,0.0000,0.0000,0.0338,0.0001,200,6.6117
0.0458,0.0002,0.0000,0.0001,0.0454,0.0001,200,6.6016
0.0365,0.0001,0.0000,0.0000,0.0361,0.0001,200,6.6188
0.0486,0.0002,0.0000,0.0001,0.0483,0.0001,200,6.6067
0.0478,0.0001,0.0000,0.0000,0.0476,0.0000,200,6.6082
0.0485,0.0001,0.0000,0.0000,0.0483,0.0001,200,6.6094
0.0440,0.0002,0.0000,0.0001,0.0436,0.0001,200,6.6181
0.0386,0.0001,0.0000,0.0001,0.0382,0.0001,200,6.6354
0.0370,0.0002,0.0000,0.0001,0.0366,0.0001,200,6.6459
0.0408,0.0001,0.0000,0.0000,0.0405,0.0001,200,6.6474
0.0376,0.0002,0.0000,0.0001,0.0373,0.0001,200,6.6554
0.0374,0.0001,0.0000,0.0000,0.0371,0.0001,200,6.6579
0.0449,0.0001,0.0000,0.0000,0.0447,0.0001,200,6.6560
0.0390,0.0002,0.0000,0.0000,0.0387,0.0000,200,6.6621
0.0525,0.0002,0.0000,0.0001,0.0521,0.0001,200,6.6553
0.0441,0.0002,0.0000,0.0001,0.0437,0.0001,200,6.6740
0.0362,0.0002,0.0000,0.0000,0.0359,0.0001,200,6.6829
0.0384,0.0002,0.0000,0.0000,0.0380,0.0001,200,6.6882
0.0363,0.0003,0.0000,0.0001,0.0358,0.0001,200,6.6930
0.0373,0.0001,0.0000,0.0000,0.0371,0.0001,200,6.7011
0.0432,0.0001,0.0000,0.0000,0.0429,0.0000,200,6.6953
0.0477,0.0002,0.0000,0.0000,0.0472,0.0001,200,6.7009
0.0471,0.0002,0.0000,0.0001,0.0466,0.0001,200,6.7078
0.0428,0.0001,0.0000,0.0000,0.0425,0.0001,200,6.7191
0.0362,0.0002,0.0000,0.0000,0.0359,0.0000,200,6.7265
0.0390,0.0002,0.0000,0.0001,0.0386,0.0001,200,6.7293
0.0518,0.0002,0.0000,0.0001,0.0515,0.0001,200,6.7182
0.0374,0.0002,0.0000,0.0001,0.0370,0.0001,200,6.7384
0.0393,0.0001,0.0000,0.0000,0.0391,0.0001,200,6.7385
0.0455,0.0002,0.0000,0.0001,0.0451,0.0001,200,6.7486
0.0354,0.0002,0.0000,0.0000,0.0349,0.0001,200,6.7619
0.0474,0.0002,0.0000,0.0001,0.0469,0.0001,200,6.7549
0.0370,0.0001,0.0000,0.0000,0.0366,0.0001,200,6.7700
0.0442,0.0002,0.0000,0.0001,0.0438,0.0001,200,6.7684
0.0367,0.0001,0.0000,0.0000,0.0364,0.0001,200,6.7778
0.0520,0.0001,0.0000,0.0000,0.0518,0.0001,200,6.7627
0.0435,0.0002,0.0000,0.0000,0.0430,0.0001,200,6.7758
0.0355,0.0002,0.0000,0.0001,0.0350,0.0001,200,6.7941
0.0424,0.0001,0.0000,0.0000,0.0421,0.0001,200,6.7973
0.0435,0.0002,0.0000,0.0001,0.0431,0.0001,200,6.8023
0.0347,0.0002,0.0000,0.0001,0.0343,0.0002,200,6.8145
0.0381,0.0001,0.0000,0.0000,0.0378,0.0001,200,6.8148
0.0476,0.0002,0.0000,0.0001,0.0472,0.0001,200,6.8069
0.0383,0.0002,0.0000,0.0000,0.0380,0.0001,200,6.8193
0.0475,0.0002,0.0000,0.0001,0.0471,0.0001,200,6.8126
0.0411,0.0002,0.0000,0.0001,0.0407,0.0002,200,6.8296
0.0363,0.0002,0.0000,0.0000,0.0359,0.0001,200,6.8397
0.0387,0.0002,0.0000,0.0001,0.0382,0.0001,200,6.8529
0.0460,0.0002,0.0000,0.0001,0.0456,0.0001,200,6.8458
0.0431,0.0002,0.0000,0.0001,0.0427,0.0001,200,6.8493
0.0349,0.0001,0.0000,0.0000,0.0346,0.0000,200,6.8576
0.0429,0.0001,0.0000,0.0000,0.0426,0.0001,200,6.8545
0.0388,0.0002,0.0000,0.0001,0.0385,0.0000,200,6.8601
0.0434,0.0002,0.0000,0.0001,0.0429,0.0001,200,6.8707
0.0414,0.0002,0.0000,0.0001,0.0410,0.0001,200,6.8760
0.0375,0.0002,0.0000,0.0000,0.0371,0.0001,200,6.8916
0.0371,0.0001,0.0000,0.0000,0.0369,0.0000,200,6.8924
0.0394,0.0001,0.0000,0.0000,0.0392,0.0001,200,6.8924
0.0357,0.0002,0.0000,0.0001,0.0354,0.0000,200,6.8974
0.0440,0.0001,0.0000,0.0000,0.0437,0.0001,200,6.8989
0.0544,0.0001,0.0000,0.0000,0.0542,0.0001,200,6.8918
0.0417,0.0002,0.0000,0.0001,0.0414,0.0001,200,6.9141
0.0430,0.0002,0.0000,0.0001,0.0425,0.0002,200,6.9174
0.0375,0.0001,0.0000,0.0000,0.0372,0.0001,200,6.9294
0.0390,0.0002,0.0000,0.0001,0.0387,0.0001,200,6.9291
0.0360,0.0001,0.0000,0.0000,0.0358,0.0000,200,6.9331
0.0436,0.0001,0.0000,0.0000,0.0433,0.0001,200,6.9318
0.0450,0.0002,0.0000,0.0001,0.0446,0.0001,200,6.9429
0.0431,0.0002,0.0000,0.0000,0.0428,0.0000,200,6.9462
0.0483,0.0002,0.0000,0.0001,0.0479,0.0001,200,6.9558
0.0385,0.0002,0.0000,0.0001,0.0382,0.0001,200,6.9670
0.0414,0.0001,0.0000,0.0000,0.0410,0.0002,200,6.9682
0.0526,0.0003,0.0000,0.0001,0.0521,0.0001,200,6.9604
0.0424,0.0002,0.0000,0.0000,0.0420,0.0001,200,6.9754
0.0489,0.0001,0.0000,0.0000,0.0486,0.0001,200,6.9691
0.0483,0.0002,0.0000,0.0000,0.0480,0.0001,200,6.9880
0.0484,0.0001,0.0000,0.0000,0.0482,0.0000,200,6.9894
0.0387,0.0002,0.0000,0.0000,0.0383,0.0001,200,7.0041
0.0426,0.0001,0.0000,0.0000,0.0423,0.0001,200,7.0055
0.0476,0.0003,0.0000,0.0001,0.0471,0.0001,200,7.0096
0.0443,0.0002,0.0000,0.0001,0.0440,0.0001,200,7.0130
0.0442,0.0001,0.0000,0.0000,0.0440,0.0001,200,7.0179
0.0459,0.0002,0.0000,0.0000,0.0455,0.0001,200,7.0178
0.0446,0.0001,0.0000,0.0000,0.0443,0.0001,200,7.0377
0.0473,0.0002,0.0000,0.0001,0.0470,0.0001,200,7.0363
0.0459,0.0002,0.0000,0.0001,0.0455,0.0001,200,7.0428
0.0427,0.0001,0.0000,0.0001,0.0424,0.0001,200,7.0481
0.0442,0.0001,0.0000,0.0001,0.0438,0.0001,200,7.0573
0.0425,0.0002,0.0000,0.0001,0.0421,0.0001,200,7.0622
0.0502,0.0002,0.0000,0.0001,0.0498,0.0001,200,7.0572
0.0445,0.0001,0.0000,0.0000,0.0442,0.0001,200,7.0637
0.0411,0.0001,0.0000,0.0000,0.0408,0.0001,200,7.0836
0.0425,0.0002,0.0000,0.0001,0.0421,0.0001,200,7.0823
0.0475,0.0001,0.0000,0.0000,0.0472,0.0001,200,7.0908
0.0390,0.0002,0.0000,0.0001,0.0385,0.0001,200,7.1015
0.0523,0.0002,0.0000,0.0001,0.0520,0.0001,200,7.0888
0.0363,0.0002,0.0000,0.0000,0.0359,0.0001,200,7.1074
0.0393,0.0001,0.0000,0.0000,0.0391,0.0001,200,7.1082
0.0440,0.0002,0.0000,0.0001,0.0437,0.0000,200,7.1047
0.0466,0.0002,0.0000,0.0000,0.0463,0.0001,200,7.1247
0.0475,0.0001,0.0000,0.0000,0.0472,0.0001,200,7.1248
0.0330,0.0002,0.0000,0.0000,0.0326,0.0001,200,7.1475
0.0402,0.0001,0.0000,0.0000,0.0399,0.0001,200,7.1411
0.0330,0.0001,0.0000,0.0000,0.0328,0.0000,200,7.1488
0.0434,0.0002,0.0000,0.0000,0.0430,0.0001,200,7.1437
0.0513,0.0002,0.0000,0.0001,0.0508,0.0001,200,7.1384
0.0520,0.0002,0.0000,0.0000,0.0516,0.0001,200,7.1405
0.0353,0.0001,0.0000,0.0000,0.0350,0.0001,200,7.1723
0.0481,0.0001,0.0000,0.0000,0.0478,0.0001,200,7.1714
0.0324,0.0001,0.0000,0.0000,0.0321,0.0001,200,7.1871
0.0341,0.0002,0.0000,0.0000,0.0338,0.0001,200,7.1896
0.0507,0.0002,0.0000,0.0001,0.0503,0.0001,200,7.1805
0.0495,0.0001,0.0000,0.0000,0.0493,0.0001,200,7.1817
0.0505,0.0001,0.0000,0.0000,0.0503,0.0000,200,7.1813
0.0513,0.0001,0.0000,0.0000,0.0510,0.0001,200,7.1925
0.0417,0.0002,0.0000,0.0001,0.0413,0.0001,200,7.2076
0.0375,0.0002,0.0000,0.0000,0.0371,0.0001,200,7.2195
0.0376,0.0002,0.0000,0.0000,0.0373,0.0001,200,7.2195
0.0355,0.0001,0.0000,0.0000,0.0352,0.0001,200,7.2312
0.0349,0.0001,0.0000,0.0000,0.0346,0.0001,200,7.2319
0.0507,0.0002,0.0000,0.0001,0.0503,0.0001,200,7.2238
0.0499,0.0001,0.0000,0.0000,0.0496,0.0001,200,7.2312
0.0449,0.0002,0.0000,0.0001,0.0445,0.0001,200,7.2438
0.0404,0.0002,0.0000,0.0001,0.0400,0.0001,200,7.2493
0.0406,0.0001,0.0000,0.0000,0.0404,0.0001,200,7.2571
0.0512,0.0002,0.0000,0.0000,0.0508,0.0001,200,7.2570
0.0430,0.0002,0.0000,0.0000,0.0426,0.0001,200,7.2667
0.0434,0.0003,0.0000,0.0001,0.0429,0.0001,200,7.2745
0.0536,0.0002,0.0000,0.0000,0.0533,0.0001,200,7.2667
0.0478,0.0002,0.0000,0.0001,0.0474,0.0001,200,7.2811
0.0417,0.0002,0.0000,0.0001,0.0414,0.0000,200,7.2886
0.0423,0.0001,0.0000,0.0000,0.0421,0.0000,200,7.2897
0.0457,0.0002,0.0000,0.0001,0.0454,0.0001,200,7.2978
0.0459,0.0001,0.0000,0.0001,0.0455,0.0001,200,7.3082
0.0491,0.0001,0.0000,0.0000,0.0488,0.0001,200,7.3097
0.0427,0.0001,0.0000,0.0000,0.0424,0.0000,200,7.3179
0.0403,0.0001,0.0000,0.0000,0.0401,0.0000,200,7.3203
0.0452,0.0001,0.0000,0.0000,0.0449,0.0001,200,7.3304
0.0443,0.0001,0.0000,0.0000,0.0441,0.0001,200,7.3320
0.0492,0.0002,0.0000,0.0001,0.0488,0.0001,200,7.3290
0.0440,0.0002,0.0000,0.0001,0.0437,0.0001,200,7.3435
0.0396,0.0001,0.0000,0.0000,0.0393,0.0001,200,7.3606
0.0397,0.0001,0.0000,0.0000,0.0395,0.0000,200,7.3606
0.0422,0.0001,0.0000,0.0000,0.0419,0.0000,200,7.3588
0.0472,0.0003,0.0000,0.0001,0.0467,0.0001,200,7.3541
0.0414,0.0001,0.0000,0.0000,0.0411,0.0001,200,7.3764
0.0503,0.0002,0.0000,0.0001,0.0500,0.0001,200,7.3756
0.0487,0.0001,0.0000,0.0001,0.0484,0.0000,200,7.3781
0.0460,0.0001,0.0000,0.0000,0.0457,0.0001,200,7.3875
0.0459,0.0002,0.0000,0.0000,0.0456,0.0001,200,7.4002
0.0458,0.0001,0.0000,0.0000,0.0456,0.0001,200,7.4012
0.0476,0.0001,0.0000,0.0000,0.0474,0.0000,200,7.4003
0.0510,0.0001,0.0000,0.0000,0.0508,0.0001,200,7.4010
0.0377,0.0002,0.0000,0.0001,0.0374,0.0001,200,7.4177
0.0436,0.0002,0.0000,0.0000,0.0433,0.0001,200,7.4259
0.0429,0.0001,0.0000,0.0000,0.0427,0.0000,200,7.4268
0.0334,0.0002,0.0000,0.0001,0.0330,0.0001,200,7.4462
0.0492,0.0001,0.0000,0.0001,0.0489,0.0001,200,7.4335
0.0353,0.0001,0.0000,0.0000,0.0350,0.0001,200,7.4520
0.0456,0.0001,0.0000,0.0000,0.0453,0.0001,200,7.4479
0.0490,0.0001,0.0000,0.0000,0.0487,0.0001,200,7.4470
0.0416,0.0001,0.0000,0.0000,0.0414,0.0000,200,7.4555
0.0372,0.0002,0.0000,0.0001,0.0368,0.0001,200,7.4696
0.0442,0.0001,0.0000,0.0000,0.0439,0.0001,200,7.4697
0.0370,0.0001,0.0000,0.0000,0.0367,0.0001,200,7.4827
0.0405,0.0002,0.0000,0.0000,0.0401,0.0001,200,7.4796
0.0408,0.0003,0.0000,0.0001,0.0403,0.0001,200,7.4873
0.0408,0.0001,0.0000,0.0000,0.0405,0.0001,200,7.4971
0.0462,0.0002,0.0000,0.0001,0.0458,0.0001,200,7.4935
0.0482,0.0001,0.0000,0.0000,0.0479,0.0001,200,7.4960
0.0527,0.0002,0.0000,0.0001,0.0522,0.0002,200,7.5068
0.0403,0.0002,0.0000,0.0001,0.0400,0.0001,200,7.5197
0.0484,0.0002,0.0000,0.0001,0.0481,0.0001,200,7.5139
0.0469,0.0001,0.0000,0.0000,0.0466,0.0001,200,7.5201
0.0401,0.0001,0.0000,0.0000,0.0399,0.0001,200,7.5281
0.0363,0.0002,0.0000,0.0000,0.0360,0.0001,200,7.5379
0.0380,0.0001,0.0000,0.0000,0.0377,0.0001,200,7.5397
0.0392,0.0002,0.0000,0.0001,0.0388,0.0001,200,7.5442
0.0401,0.0001,0.0000,0.0000,0.0398,0.0001,200,7.5623
0.0433,0.0001,0.0000,0.0000,0.0431,0.0001,200,7.5600
0.0374,0.0002,0.0000,0.0001,0.0369,0.0001,200,7.5670
0.0477,0.0002,0.0000,0.0001,0.0473,0.0001,200,7.5595
0.0400,0.0001,0.0000,0.0000,0.0398,0.0001,200,7.5683
0.0369,0.0002,0.0000,0.0001,0.0366,0.0001,200,7.5742
0.0499,0.0002,0.0000,0.0001,0.0495,0.0001,200,7.5778
0.0459,0.0002,0.0000,0.0001,0.0455,0.0000,200,7.5834
0.0391,0.0001,0.0000,0.0000,0.0388,0.0001,200,7.6034
0.0389,0.0001,0.0000,0.0000,0.0386,0.0001,200,7.6044
0.0383,0.0001,0.0000,0.0000,0.0381,0.0001,200,7.6083
0.0487,0.0002,0.0000,0.0000,0.0483,0.0001,200,7.6024
0.0487,0.0002,0.0000,0.0001,0.0483,0.0001,200,7.6073
0.0458,0.0001,0.0000,0.0000,0.0456,0.0001,200,7.6112
0.0451,0.0002,0.0000,0.0001,0.0448,0.0001,200,7.6277
0.0503,0.0001,0.0000,0.0000,0.0500,0.0001,200,7.6293
0.0442,0.0002,0.0000,0.0001,0.0438,0.0002,200,7.6425
0.0442,0.0001,0.0000,0.0000,0.0438,0.0002,200,7.6432
0.0501,0.0002,0.0000,0.0001,0.0496,0.0001,200,7.6466
0.0403,0.0001,0.0000,0.0000,0.0400,0.0000,200,7.6570
0.0414,0.0002,0.0000,0.0001,0.0410,0.0000,200,7.6559
0.0473,0.0002,0.0000,0.0001,0.0470,0.0000,200,7.6511
0.0430,0.0002,0.0000,0.0001,0.0425,0.0001,200,7.6728
0.0416,0.0002,0.0000,0.0001,0.0412,0.0001,200,7.6796
0.0404,0.0001,0.0000,0.0000,0.0401,0.0001,200,7.6874
0.0467,0.0003,0.0000,0.0001,0.0461,0.0001,200,7.6867
0.0362,0.0001,0.0000,0.0000,0.0361,0.0001,200,7.6974
0.0371,0.0001,0.0000,0.0000,0.0370,0.0001,200,7.6984
0.0411,0.0001,0.0000,0.0000,0.0409,0.0001,200,7.6973
0.0541,0.0002,0.0000,0.0000,0.0537,0.0001,200,7.6967
0.0370,0.0002,0.0000,0.0000,0.0367,0.0001,200,7.7158
0.0371,0.0002,0.0000,0.0001,0.0366,0.0001,200,7.7278
0.0465,0.0001,0.0000,0.0001,0.0462,0.0001,200,7.7212
0.0345,0.0001,0.0000,0.0000,0.0342,0.0001,200,7.7356
0.0388,0.0001,0.0000,0.0000,0.0385,0.0001,200,7.7336
0.0462,0.0002,0.0000,0.0000,0.0459,0.0001,200,7.7335
0.0446,0.0002,0.0000,0.0000,0.0442,0.0001,200,7.7384
0.0404,0.0002,0.0000,0.0000,0.0400,0.0001,200,7.7508
0.0443,0.0001,0.0000,0.0000,0.0440,0.0001,200,7.7528
0.0390,0.0002,0.0000,0.0001,0.0386,0.0001,200,7.7649
0.0378,0.0002,0.0000,0.0001,0.0375,0.0001,200,7.7677
0.0417,0.0001,0.0000,0.0001,0.0414,0.0001,200,7.7700
0.0423,0.0002,0.0000,0.0000,0.0419,0.0001,200,7.7797
0.0416,0.0002,0.0000,0.0000,0.0413,0.0001,200,7.7830
0.0539,0.0002,0.0000,0.0001,0.0536,0.0001,200,7.7724
0.0363,0.0001,0.0000,0.0001,0.0360,0.0001,200,7.7912
0.0368,0.0002,0.0000,0.0000,0.0364,0.0001,200,7.8039
0.0440,0.0003,0.0000,0.0001,0.0435,0.0000,200,7.7971
0.0448,0.0001,0.0000,0.0000,0.0445,0.0001,200,7.8055
0.0339,0.0002,0.0000,0.0001,0.0336,0.0001,200,7.8220
0.0490,0.0002,0.0000,0.0000,0.0487,0.0001,200,7.8118
0.0339,0.0001,0.0000,0.0000,0.0337,0.0001,200,7.8275
0.0432,0.0001,0.0000,0.0000,0.0430,0.0001,200,7.8263
0.0485,0.0002,0.0000,0.0001,0.0482,0.0001,200,7.8246
0.0404,0.0002,0.0000,0.0001,0.0400,0.0001,200,7.8407
0.0455,0.0001,0.0000,0.0000,0.0452,0.0001,200,7.8411
0.0371,0.0002,0.0000,0.0001,0.0368,0.0001,200,7.8503
0.0366,0.0002,0.0000,0.0000,0.0363,0.0001,200,7.8560
0.0374,0.0001,0.0000,0.0000,0.0372,0.0001,200,7.8614
0.0436,0.0002,0.0000,0.0001,0.0433,0.0001,200,7.8608
0.0413,0.0002,0.0000,0.0001,0.0409,0.0001,200,7.8732
0.0459,0.0002,0.0000,0.0000,0.0456,0.0000,200,7.8695
0.0392,0.0002,0.0000,0.0001,0.0388,0.0001,200,7.8865
0.0367,0.0002,0.0000,0.0000,0.0362,0.0001,200,7.8926
0.0519,0.0002,0.0000,0.0001,0.0515,0.0001,200,7.8811
0.0516,0.0001,0.0000,0.0000,0.0513,0.0001,200,7.8874
0.0409,0.0002,0.0000,0.0001,0.0405,0.0001,200,7.8988
0.0401,0.0002,0.0000,0.0001,0.0398,0.0001,200,7.9044
0.0429,0.0002,0.0000,0.0001,0.0425,0.0001,200,7.9145
0.0428,0.0001,0.0000,0.0000,0.0426,0.0000,200,7.9154
0.0367,0.0002,0.0000,0.0001,0.0363,0.0001,200,7.9257
0.0379,0.0002,0.0000,0.0001,0.0375,0.0001,200,7.9330
0.0497,0.0002,0.0000,0.0001,0.0493,0.0001,200,7.9293
0.0378,0.0001,0.0000,0.0000,0.0375,0.0001,200,7.9446
0.0438,0.0002,0.0000,0.0001,0.0434,0.0000,200,7.9391
0.0515,0.0001,0.0000,0.0000,0.0512,0.0001,200,7.9397
0.0347,0.0001,0.0000,0.0000,0.0345,0.0001,200,7.9582
0.0441,0.0002,0.0000,0.0001,0.0437,0.0001,200,7.9574
0.0408,0.0001,0.0000,0.0001,0.0405,0.0001,200,7.9625
0.0472,0.0002,0.0000,0.0001,0.0467,0.0001,200,7.9709
0.0432,0.0002,0.0000,0.0001,0.0427,0.0001,200,7.9790
0.0400,0.0001,0.0000,0.0000,0.0398,0.0001,200,7.9829
0.0423,0.0001,0.0000,0.0000,0.0420,0.0001,200,7.9823
0.0374,0.0002,0.0000,0.0000,0.0370,0.0001,200,7.9912
0.0347,0.0001,0.0000,0.0000,0.0344,0.0001,200,8.0032
0.0456,0.0002,0.0000,0.0000,0.0453,0.0001,200,7.9929
0.0510,0.0002,0.0000,0.0001,0.0506,0.0001,200,8.0015
0.0367,0.0001,0.0000,0.0000,0.0364,0.0001,200,8.0229
0.0359,0.0001,0.0000,0.0000,0.0357,0.0000,200,8.0246
0.0498,0.0002,0.0000,0.0001,0.0494,0.0001,200,8.0181
0.0445,0.0002,0.0000,0.0000,0.0442,0.0001,200,8.0286
0.0352,0.0002,0.0000,0.0001,0.0349,0.0001,200,8.0380
0.0557,0.0002,0.0000,0.0001,0.0553,0.0001,200,8.0222
0.0492,0.0001,0.0000,0.0000,0.0489,0.0001,200,8.0385
0.0388,0.0002,0.0000,0.0001,0.0384,0.0001,200,8.0525
0.0368,0.0001,0.0000,0.0000,0.0366,0.0001,200,8.0606
0.0422,0.0002,0.0000,0.0001,0.0418,0.0001,200,8.0595
0.0420,0.0002,0.0000,0.0001,0.0416,0.0001,200,8.0679
0.0377,0.0002,0.0000,0.0001,0.0374,0.0000,200,8.0731
0.0415,0.0001,0.0000,0.0000,0.0413,0.0001,200,8.0732
0.0430,0.0002,0.0000,0.0000,0.0427,0.0001,200,8.0779
0.0472,0.0002,0.0000,0.0001,0.0468,0.0001,200,8.0877
0.0366,0.0002,0.0000,0.0001,0.0362,0.0001,200,8.1017
0.0518,0.0002,0.0000,0.0001,0.0514,0.0001,200,8.0913
0.0457,0.0002,0.0000,0.0001,0.0453,0.0001,200,8.0974
0.0334,0.0002,0.0000,0.0000,0.0331,0.0001,200,8.1147
0.0479,0.0002,0.0000,0.0001,0.0475,0.0001,200,8.1100
0.0471,0.0001,0.0000,0.0000,0.0469,0.0001,200,8.1107
0.0380,0.0002,0.0000,0.0001,0.0377,0.0000,200,8.1209
0.0365,0.0002,0.0000,0.0001,0.0361,0.0001,200,8.1350
0.0368,0.0002,0.0000,0.0000,0.0365,0.0001,200,8.1481
0.0478,0.0002,0.0000,0.0001,0.0475,0.0000,200,8.1383
0.0440,0.0002,0.0000,0.0000,0.0437,0.0000,200,8.1431
0.0468,0.0002,0.0000,0.0000,0.0465,0.0001,200,8.1431
0.0398,0.0002,0.0000,0.0000,0.0395,0.0001,200,8.1579
0.0437,0.0002,0.0000,0.0000,0.0434,0.0001,200,8.1578
0.0536,0.0001,0.0000,0.0000,0.0533,0.0001,200,8.1589
0.0445,0.0002,0.0000,0.0001,0.0442,0.0001,200,8.1715
0.0364,0.0001,0.0000,0.0000,0.0362,0.0001,200,8.1861
0.0426,0.0002,0.0000,0.0000,0.0422,0.0001,200,8.1850
0.0479,0.0001,0.0000,0.0000,0.0476,0.0001,200,8.1871
0.0417,0.0002,0.0000,0.0001,0.0414,0.0001,200,8.1977
0.0383,0.0001,0.0000,0.0001,0.0381,0.0000,200,8.2016
0.0502,0.0002,0.0000,0.0001,0.0499,0.0000,200,8.1900
0.0414,0.0002,0.0000,0.0000,0.0410,0.0001,200,8.2125
0.0422,0.0002,0.0000,0.0000,0.0418,0.0001,200,8.2160
0.0415,0.0002,0.0000,0.0000,0.0411,0.0001,200,8.2226
0.0415,0.0002,0.0000,0.0001,0.0411,0.0001,200,8.2276
0.0351,0.0002,0.0000,0.0001,0.0347,0.0001,200,8.2350
0.0355,0.0001,0.0000,0.0000,0.0352,0.0001,200,8.2399
0.0408,0.0002,0.0000,0.0001,0.0404,0.0001,200,8.2394
0.0448,0.0001,0.0000,0.0000,0.0446,0.0001,200,8.2402
0.0373,0.0002,0.0000,0.0000,0.0369,0.0001,200,8.2539
0.0477,0.0002,0.0000,0.0001,0.0473,0.0001,200,8.2582
0.0422,0.0002,0.0000,0.0001,0.0418,0.0000,200,8.2641
0.0386,0.0002,0.0000,0.0001,0.0383,0.0000,200,8.2691
0.0462,0.0001,0.0000,0.0000,0.0459,0.0001,200,8.2701
0.0457,0.0002,0.0000,0.0001,0.0453,0.0001,200,8.2754
0.0412,0.0002,0.0000,0.0000,0.0409,0.0000,200,8.2802
0.0402,0.0002,0.0000,0.0001,0.0398,0.0001,200,8.2850
0.0451,0.0002,0.0000,0.0001,0.0447,0.0001,200,8.2912
0.0374,0.0001,0.0000,0.0000,0.0370,0.0001,200,8.3059
0.0399,0.0001,0.0000,0.0000,0.0397,0.0001,200,8.3064
0.0449,0.0001,0.0000,0.0000,0.0446,0.0001,200,8.3077
0.0380,0.0001,0.0000,0.0000,0.0377,0.0001,200,8.3214
0.0379,0.0002,0.0000,0.0001,0.0375,0.0001,200,8.3251
0.0478,0.0003,0.0000,0.0001,0.0474,0.0000,200,8.3163
0.0461,0.0002,0.0000,0.0001,0.0458,0.0001,200,8.3211
0.0391,0.0002,0.0000,0.0001,0.0387,0.0001,200,8.3363
0.0430,0.0002,0.0000,0.0001,0.0426,0.0001,200,8.3433
0.0413,0.0001,0.0000,0.0000,0.0410,0.0001,200,8.3463
0.0392,0.0002,0.0000,0.0001,0.0388,0.0001,200,8.3526
0.0338,0.0001,0.0000,0.0000,0.0335,0.0001,200,8.3642
0.0480,0.0003,0.0000,0.0001,0.0474,0.0001,200,8.3594
0.0445,0.0002,0.0000,0.0000,0.0441,0.0001,200,8.3630
0.0445,0.0001,0.0000,0.0001,0.0441,0.0001,200,8.3672
0.0382,0.0002,0.0000,0.0000,0.0378,0.0001,200,8.3754
0.0360,0.0002,0.0000,0.0000,0.0356,0.0001,200,8.3863
0.0434,0.0001,0.0000,0.0000,0.0431,0.0001,200,8.3875
0.0425,0.0002,0.0000,0.0001,0.0421,0.0001,200,8.3919
0.0411,0.0002,0.0000,0.0001,0.0407,0.0001,200,8.3979
0.0405,0.0001,0.0000,0.0000,0.0401,0.0001,200,8.4075
0.0381,0.0001,0.0000,0.0000,0.0379,0.0001,200,8.4117
0.0458,0.0002,0.0000,0.0001,0.0454,0.0001,200,8.4074
0.0477,0.0001,0.0000,0.0000,0.0474,0.0001,200,8.4136
0.0374,0.0002,0.0000,0.0001,0.0369,0.0001,200,8.4309
0.0537,0.0002,0.0000,0.0001,0.0533,0.0001,200,8.4223
0.0452,0.0002,0.0000,0.0001,0.0448,0.0001,200,8.4343
0.0404,0.0002,0.0000,0.0000,0.0400,0.0001,200,8.4480
0.0498,0.0002,0.0000,0.0000,0.0495,0.0001,200,8.4391
0.0393,0.0001,0.0000,0.0000,0.0391,0.0000,200,8.4498
0.0365,0.0002,0.0000,0.0001,0.0361,0.0001,200,8.4532
0.0394,0.0002,0.0000,0.0000,0.0390,0.0001,200,8.4613
0.0372,0.0002,0.0000,0.0001,0.0368,0.0001,200,8.4683
0.0373,0.0002,0.0000,0.0001,0.0368,0.0001,200,8.4795
0.0422,0.0002,0.0000,0.0000,0.0419,0.0001,200,8.4760
0.0356,0.0001,0.0000,0.0000,0.0354,0.0001,200,8.4897
0.0373,0.0002,0.0000,0.0001,0.0369,0.0001,200,8.5007
0.0494,0.0001,0.0000,0.0000,0.0492,0.0000,200,8.4891
0.0503,0.0001,0.0000,0.0000,0.0501,0.0000,200,8.4889
0.0563,0.0002,0.0000,0.0000,0.0558,0.0001,200,8.4883
0.0487,0.0002,0.0000,0.0000,0.0483,0.0002,200,8.5056
0.0396,0.0001,0.0000,0.0000,0.0393,0.0001,200,8.5182
0.0461,0.0002,0.0000,0.0001,0.0457,0.0001,200,8.5168
0.0497,0.0002,0.0000,0.0001,0.0493,0.0001,200,8.5252
0.0441,0.0001,0.0000,0.0000,0.0439,0.0001,200,8.5385
0.0390,0.0002,0.0000,0.0000,0.0386,0.0000,200,8.5446
0.0495,0.0002,0.0000,0.0000,0.0492,0.0001,200,8.5380
0.0505,0.0001,0.0000,0.0000,0.0502,0.0001,200,8.5392
0.0390,0.0002,0.0000,0.0001,0.0385,0.0001,200,8.5543
0.0400,0.0001,0.0000,0.0000,0.0396,0.0001,200,8.5629
0.0464,0.0002,0.0000,0.0001,0.0461,0.0001,200,8.5578
0.0377,0.0002,0.0000,0.0000,0.0373,0.0001,200,8.5875
0.0517,0.0002,0.0000,0.0001,0.0513,0.0000,200,8.5749
0.0446,0.0001,0.0000,0.0000,0.0445,0.0001,200,8.5835
0.0533,0.0002,0.0000,0.0001,0.0529,0.0001,200,8.5826
0.0460,0.0002,0.0000,0.0001,0.0456,0.0001,200,8.5932
0.0360,0.0001,0.0000,0.0000,0.0358,0.0001,200,8.6042
0.0550,0.0001,0.0000,0.0000,0.0546,0.0001,200,8.5897
0.0480,0.0002,0.0000,0.0001,0.0476,0.0001,200,8.6029
0.0443,0.0002,0.0000,0.0001,0.0438,0.0001,200,8.6252
0.0473,0.0001,0.0000,0.0000,0.0471,0.0001,200,8.6282
0.0492,0.0001,0.0000,0.0000,0.0490,0.0000,200,8.6267
0.0369,0.0001,0.0000,0.0000,0.0367,0.0000,200,8.6402
0.0414,0.0002,0.0000,0.0001,0.0411,0.0000,200,8.6360
0.0406,0.0002,0.0000,0.0000,0.0403,0.0001,200,8.6392
0.0367,0.0003,0.0000,0.0001,0.0363,0.0001,200,8.6446
0.0408,0.0001,0.0000,0.0001,0.0405,0.0001,200,8.6509
0.0371,0.0002,0.0000,0.0001,0.0366,0.0001,200,8.6695
0.0353,0.0001,0.0000,0.0000,0.0351,0.0001,200,8.6774
0.0378,0.0002,0.0000,0.0001,0.0374,0.0001,200,8.6755
0.0345,0.0001,0.0000,0.0000,0.0343,0.0000,200,8.6799
0.0432,0.0001,0.0000,0.0000,0.0430,0.0001,200,8.6759
0.0405,0.0001,0.0000,0.0000,0.0403,0.0001,200,8.6814
0.0488,0.0001,0.0000,0.0000,0.0486,0.0001,200,8.6771
0.0443,0.0002,0.0000,0.0001,0.0439,0.0001,200,8.6917
0.0370,0.0002,0.0000,0.0001,0.0366,0.0001,200,8.7128
0.0440,0.0002,0.0000,0.0001,0.0436,0.0001,200,8.7066
0.0435,0.0001,0.0000,0.0000,0.0432,0.0001,200,8.7133
0.0425,0.0001,0.0000,0.0000,0.0423,0.0001,200,8.7144
0.0371,0.0001,0.0000,0.0000,0.0369,0.0001,200,8.7219
0.0407,0.0002,0.0000,0.0001,0.0404,0.0001,200,8.7192
0.0407,0.0002,0.0000,0.0001,0.0403,0.0001,200,8.7360
0.0538,0.0002,0.0000,0.0000,0.0535,0.0001,200,8.7259
0.0389,0.0001,0.0000,0.0000,0.0385,0.0001,200,8.7507
0.0441,0.0002,0.0000,0.0001,0.0437,0.0001,200,8.7498
0.0380,0.0001,0.0000,0.0000,0.0378,0.0001,200,8.7599
0.0415,0.0002,0.0000,0.0000,0.0412,0.0000,200,8.7568
0.0397,0.0001,0.0000,0.0000,0.0394,0.0001,200,8.7590
0.0466,0.0001,0.0000,0.0000,0.0464,0.0001,200,8.7569
0.0408,0.0002,0.0000,0.0001,0.0403,0.0001,200,8.7768
0.0426,0.0001,0.0000,0.0000,0.0423,0.0001,200,8.7798
0.0367,0.0002,0.0000,0.0001,0.0362,0.0001,200,8.7939
0.0344,0.0001,0.0000,0.0000,0.0342,0.0001,200,8.7987
0.0458,0.0002,0.0000,0.0001,0.0454,0.0001,200,8.7896
0.0436,0.0002,0.0000,0.0001,0.0431,0.0001,200,8.7979
0.0431,0.0002,0.0000,0.0001,0.0427,0.0001,200,8.8035
0.0528,0.0001,0.0000,0.0000,0.0525,0.0001,200,8.7983
0.0342,0.0002,0.0000,0.0001,0.0338,0.0000,200,8.8176
0.0382,0.0002,0.0000,0.0000,0.0378,0.0001,200,8.8224
0.0421,0.0002,0.0000,0.0000,0.0418,0.0001,200,8.8331
0.0450,0.0002,0.0000,0.0001,0.0447,0.0001,200,8.8306
0.0354,0.0002,0.0000,0.0001,0.0350,0.0001,200,8.8415
0.0417,0.0001,0.0000,0.0001,0.0414,0.0000,200,8.8354
0.0398,0.0002,0.0000,0.0001,0.0394,0.0001,200,8.8466
0.0439,0.0002,0.0000,0.0001,0.0435,0.0001,200,8.8511
0.0441,0.0001,0.0000,0.0000,0.0439,0.0001,200,8.8518
0.0424,0.0002,0.0000,0.0000,0.0420,0.0001,200,8.8606
0.0382,0.0002,0.0000,0.0001,0.0378,0.0001,200,8.8753
0.0423,0.0001,0.0000,0.0000,0.0420,0.0001,200,8.8769
0.0476,0.0001,0.0000,0.0000,0.0473,0.0001,200,8.8756
0.0462,0.0001,0.0000,0.0000,0.0460,0.0001,200,8.8771
0.0418,0.0002,0.0000,0.0001,0.0414,0.0001,200,8.8865
0.0366,0.0002,0.0000,0.0000,0.0362,0.0001,200,8.9030
0.0453,0.0002,0.0000,0.0001,0.0449,0.0001,200,8.8950
0.0464,0.0001,0.0000,0.0000,0.0461,0.0000,200,8.8959
0.0357,0.0001,0.0000,0.0000,0.0353,0.0001,200,8.9232
0.0411,0.0002,0.0000,0.0001,0.0407,0.0001,200,8.9191
0.0478,0.0002,0.0000,0.0001,0.0475,0.0001,200,8.9134
0.0449,0.0001,0.0000,0.0000,0.0446,0.0001,200,8.9233
0.0467,0.0002,0.0000,0.0000,0.0463,0.0001,200,8.9282
0.0402,0.0002,0.0000,0.0000,0.0398,0.0001,200,8.9396
0.0432,0.0001,0.0000,0.0000,0.0429,0.0001,200,8.9403
0.0447,0.0001,0.0000,0.0000,0.0445,0.0001,200,8.9422
0.0351,0.0002,0.0000,0.0000,0.0347,0.0001,200,8.9589
0.0360,0.0002,0.0000,0.0000,0.0356,0.0001,200,8.9682
0.0431,0.0001,0.0000,0.0000,0.0429,0.0000,200,8.9613
0.0528,0.0001,0.0000,0.0000,0.0525,0.0001,200,8.9602
0.0378,0.0002,0.0000,0.0001,0.0373,0.0001,200,8.9798
0.0393,0.0002,0.0000,0.0000,0.0390,0.0001,200,8.9835
0.0507,0.0002,0.0000,0.0001,0.0503,0.0001,200,8.9749
0.0373,0.0001,0.0000,0.0000,0.0370,0.0001,200,8.9940
0.0499,0.0002,0.0000,0.0001,0.0495,0.0001,200,8.9869
0.0377,0.0001,0.0000,0.0000,0.0375,0.0001,200,9.0044
0.0422,0.0002,0.0000,0.0000,0.0418,0.0001,200,9.0042
0.0378,0.0002,0.0000,0.0001,0.0374,0.0001,200,9.0130
0.0445,0.0002,0.0000,0.0001,0.0440,0.0001,200,9.0177
0.0430,0.0002,0.0000,0.0001,0.0425,0.0001,200,9.0229
0.0410,0.0002,0.0000,0.0001,0.0405,0.0001,200,9.0312
0.0471,0.0002,0.0000,0.0001,0.0468,0.0000,200,9.0256
0.0365,0.0002,0.0000,0.0001,0.0362,0.0000,200,9.0369
0.0375,0.0002,0.0000,0.0001,0.0371,0.0001,200,9.0421
0.0377,0.0002,0.0000,0.0001,0.0372,0.0001,200,9.0464
0.0524,0.0002,0.0000,0.0001,0.0520,0.0001,200,9.0508
0.0382,0.0002,0.0000,0.0001,0.0378,0.0001,200,9.0659
0.0454,0.0002,0.0000,0.0001,0.0450,0.0001,200,9.0621
0.0368,0.0002,0.0000,0.0000,0.0364,0.0001,200,9.0722
0.0395,0.0001,0.0000,0.0000,0.0393,0.0001,200,9.0734
0.0372,0.0002,0.0000,0.0001,0.0369,0.0001,200,9.0796
0.0455,0.0001,0.0000,0.0000,0.0452,0.0001,200,9.0727
0.0457,0.0002,0.0000,0.0000,0.0453,0.0001,200,9.0841
0.0382,0.0002,0.0000,0.0001,0.0379,0.0001,200,9.1075
0.0374,0.0001,0.0000,0.0000,0.0371,0.0000,200,9.1090
0.0441,0.0001,0.0000,0.0000,0.0439,0.0001,200,9.1041
0.0471,0.0002,0.0000,0.0001,0.0467,0.0001,200,9.1032
0.0375,0.0002,0.0000,0.0001,0.0371,0.0000,200,9.1130
0.0445,0.0001,0.0000,0.0000,0.0442,0.0001,200,9.1182
0.0388,0.0002,0.0000,0.0001,0.0383,0.0001,200,9.1298
0.0537,0.0002,0.0000,0.0000,0.0533,0.0001,200,9.1168
0.0356,0.0001,0.0000,0.0000,0.0354,0.0001,200,9.1464
0.0367,0.0002,0.0000,0.0001,0.0364,0.0000,200,9.1458
0.0369,0.0001,0.0000,0.0000,0.0366,0.0001,200,9.1482
0.0469,0.0001,0.0000,0.0000,0.0467,0.0001,200,9.1504
0.0473,0.0001,0.0000,0.0000,0.0471,0.0000,200,9.1504
0.0385,0.0002,0.0000,0.0001,0.0381,0.0001,200,9.1627
0.0389,0.0002,0.0000,0.0001,0.0385,0.0001,200,9.1685
0.0409,0.0001,0.0000,0.0000,0.0406,0.0001,200,9.1705
0.0369,0.0001,0.0000,0.0000,0.0367,0.0001,200,9.1825
0.0441,0.0001,0.0000,0.0000,0.0438,0.0001,200,9.1851
0.0344,0.0001,0.0000,0.0000,0.0341,0.0001,200,9.1977
0.0544,0.0002,0.0000,0.0000,0.0540,0.0001,200,9.1820
0.0371,0.0002,0.0000,0.0001,0.0367,0.0001,200,9.2011
0.0357,0.0002,0.0000,0.0001,0.0353,0.0001,200,9.2074
0.0474,0.0002,0.0000,0.0001,0.0470,0.0001,200,9.1973
0.0359,0.0002,0.0000,0.0001,0.0355,0.0001,200,9.2114
0.0455,0.0002,0.0000,0.0001,0.0451,0.0001,200,9.2194
0.0369,0.0002,0.0000,0.0001,0.0365,0.0001,200,9.2364
0.0376,0.0002,0.0000,0.0000,0.0372,0.0001,200,9.2383
0.0486,0.0002,0.0000,0.0001,0.0482,0.0001,200,9.2292
0.0481,0.0002,0.0000,0.0000,0.0478,0.0001,200,9.2320
0.0394,0.0002,0.0000,0.0001,0.0390,0.0001,200,9.2432
0.0367,0.0002,0.0000,0.0001,0.0364,0.0001,200,9.2474
0.0403,0.0001,0.0000,0.0000,0.0401,0.0000,200,9.2447
0.0377,0.0002,0.0000,0.0000,0.0373,0.0001,200,9.2649
0.0358,0.0001,0.0000,0.0000,0.0355,0.0001,200,9.2779
0.0375,0.0002,0.0000,0.0000,0.0371,0.0001,200,9.2802
0.0444,0.0002,0.0000,0.0001,0.0440,0.0001,200,9.2733
0.0424,0.0002,0.0000,0.0001,0.0420,0.0000,200,9.2758
0.0471,0.0001,0.0000,0.0000,0.0468,0.0001,200,9.2825
0.0474,0.0001,0.0000,0.0000,0.0471,0.0001,200,9.2840
0.0488,0.0001,0.0000,0.0000,0.0486,0.0001,200,9.2850
0.0368,0.0002,0.0000,0.0000,0.0364,0.0001,200,9.3026
0.0355,0.0002,0.0000,0.0000,0.0351,0.0001,200,9.3176
0.0455,0.0002,0.0000,0.0000,0.0451,0.0001,200,9.3137
0.0471,0.0001,0.0000,0.0000,0.0469,0.0001,200,9.3182
0.0357,0.0002,0.0000,0.0001,0.0354,0.0001,200,9.3297
0.0481,0.0001,0.0000,0.0000,0.0479,0.0001,200,9.3178
0.0419,0.0002,0.0000,0.0000,0.0416,0.0001,200,9.3338
0.0366,0.0002,0.0000,0.0001,0.0363,0.0000,200,9.3394
0.0500,0.0001,0.0000,0.0000,0.0497,0.0001,200,9.3314
0.0360,0.0002,0.0000,0.0000,0.0356,0.0001,200,9.3592
0.0424,0.0002,0.0000,0.0000,0.0421,0.0000,200,9.3531
0.0401,0.0002,0.0000,0.0001,0.0397,0.0001,200,9.3654
0.0407,0.0002,0.0000,0.0000,0.0404,0.0001,200,9.3654
0.0382,0.0002,0.0000,0.0001,0.0378,0.0001,200,9.3758
0.0549,0.0001,0.0000,0.0000,0.0547,0.0001,200,9.3658
0.0452,0.0001,0.0000,0.0000,0.0450,0.0000,200,9.3761
0.0476,0.0002,0.0000,0.0001,0.0471,0.0001,200,9.3815
0.0381,0.0001,0.0000,0.0000,0.0378,0.0001,200,9.3952
0.0405,0.0001,0.0000,0.0000,0.0402,0.0001,200,9.3955
0.0366,0.0002,0.0000,0.0001,0.0362,0.0001,200,9.4055
0.0436,0.0001,0.0000,0.0000,0.0433,0.0001,200,9.4061
0.0437,0.0002,0.0000,0.0001,0.0433,0.0001,200,9.4139
0.0379,0.0001,0.0000,0.0000,0.0376,0.0001,200,9.4213
0.0462,0.0002,0.0000,0.0001,0.0458,0.0001,200,9.4208
0.0441,0.0003,0.0000,0.0001,0.0436,0.0001,200,9.4291
0.0427,0.0002,0.0000,0.0001,0.0423,0.0001,200,9.4360
0.0499,0.0002,0.0000,0.0001,0.0494,0.0001,200,9.4333
0.0369,0.0002,0.0000,0.0001,0.0364,0.0001,200,9.4496
0.0508,0.0002,0.0000,0.0001,0.0504,0.0001,200,9.4420
0.0371,0.0001,0.0000,0.0000,0.0368,0.0001,200,9.4591
0.0478,0.0002,0.0000,0.0001,0.0474,0.0001,200,9.4576
0.0396,0.0002,0.0000,0.0000,0.0393,0.0001,200,9.4670
0.0376,0.0002,0.0000,0.0001,0.0371,0.0001,200,9.4832
0.0494,0.0002,0.0000,0.0001,0.0489,0.0001,200,9.4732
0.0382,0.0002,0.0000,0.0001,0.0378,0.0001,200,9.4865
0.0484,0.0002,0.0000,0.0001,0.0480,0.0001,200,9.4787
0.0370,0.0001,0.0000,0.0001,0.0366,0.0001,200,9.4928
0.0445,0.0001,0.0000,0.0000,0.0442,0.0001,200,9.4962
0.0367,0.0002,0.0000,0.0000,0.0364,0.0000,200,9.5054
0.0453,0.0001,0.0000,0.0000,0.0451,0.0001,200,9.5066
0.0398,0.0002,0.0000,0.0001,0.0394,0.0001,200,9.5207
0.0395,0.0001,0.0000,0.0000,0.0391,0.0001,200,9.5247
0.0455,0.0001,0.0000,0.0000,0.0452,0.0001,200,9.5226
0.0414,0.0001,0.0000,0.0000,0.0411,0.0001,200,9.5298
0.0517,0.0002,0.0000,0.0000,0.0513,0.0001,200,9.5272
0.0381,0.0001,0.0000,0.0000,0.0379,0.0001,200,9.5421
0.0474,0.0002,0.0000,0.0001,0.0470,0.0001,200,9.5407
0.0451,0.0002,0.0000,0.0001,0.0445,0.0001,200,9.5520
0.0386,0.0002,0.0000,0.0000,0.0383,0.0001,200,9.5681
0.0379,0.0002,0.0000,0.0001,0.0375,0.0001,200,9.5712
0.0488,0.0002,0.0000,0.0001,0.0484,0.0001,200,9.5606
0.0482,0.0002,0.0000,0.0001,0.0479,0.0001,200,9.5642
0.0389,0.0002,0.0000,0.0001,0.0385,0.0001,200,9.5789
0.0476,0.0001,0.0000,0.0000,0.0473,0.0001,200,9.5802
0.0399,0.0002,0.0000,0.0001,0.0394,0.0000,200,9.5881
0.0379,0.0002,0.0000,0.0001,0.0375,0.0001,200,9.6068
0.0382,0.0002,0.0000,0.0000,0.0379,0.0001,200,9.6091
0.0522,0.0002,0.0000,0.0001,0.0519,0.0001,200,9.5970
0.0381,0.0002,0.0000,0.0001,0.0377,0.0001,200,9.6177
0.0490,0.0001,0.0000,0.0000,0.0488,0.0001,200,9.6094
0.0486,0.0002,0.0000,0.0000,0.0482,0.0001,200,9.6124
0.0451,0.0002,0.0000,0.0001,0.0447,0.0001,200,9.6278
0.0498,0.0001,0.0000,0.0000,0.0495,0.0001,200,9.6280
0.0417,0.0002,0.0000,0.0001,0.0413,0.0001,200,9.6474
0.0424,0.0001,0.0000,0.0000,0.0420,0.0001,200,9.6493
0.0470,0.0002,0.0000,0.0001,0.0467,0.0000,200,9.6447
0.0401,0.0002,0.0000,0.0000,0.0398,0.0001,200,9.6558
0.0381,0.0001,0.0000,0.0001,0.0379,0.0000,200,9.6584
0.0452,0.0001,0.0000,0.0000,0.0449,0.0001,200,9.6610
0.0432,0.0002,0.0000,0.0000,0.0428,0.0001,200,9.6729
0.0437,0.0001,0.0000,0.0000,0.0433,0.0002,200,9.6778
0.0359,0.0002,0.0000,0.0000,0.0356,0.0001,200,9.6917
0.0378,0.0002,0.0000,0.0000,0.0375,0.0001,200,9.6917
0.0442,0.0002,0.0000,0.0001,0.0438,0.0001,200,9.6891
0.0484,0.0002,0.0000,0.0000,0.0480,0.0001,200,9.6960
0.0383,0.0002,0.0000,0.0001,0.0379,0.0001,200,9.7063
0.0487,0.0001,0.0000,0.0000,0.0486,0.0000,200,9.6965
0.0441,0.0001,0.0000,0.0000,0.0438,0.0001,200,9.7161
0.0417,0.0001,0.0000,0.0000,0.0414,0.0001,200,9.7295
0.0382,0.0002,0.0000,0.0000,0.0379,0.0000,200,9.7333
0.0447,0.0002,0.0000,0.0000,0.0444,0.0000,200,9.7276
0.0512,0.0003,0.0000,0.0001,0.0507,0.0000,200,9.7215
0.0376,0.0002,0.0000,0.0000,0.0372,0.0001,200,9.7443
0.0455,0.0001,0.0000,0.0000,0.0452,0.0001,200,9.7446
0.0450,0.0001,0.0000,0.0000,0.0449,0.0001,200,9.7453
0.0380,0.0002,0.0000,0.0000,0.0377,0.0001,200,9.7602
0.0374,0.0001,0.0000,0.0000,0.0372,0.0001,200,9.7723
0.0487,0.0002,0.0000,0.0001,0.0484,0.0001,200,9.7711
0.0398,0.0003,0.0000,0.0001,0.0394,0.0000,200,9.7819
0.0494,0.0001,0.0000,0.0000,0.0492,0.0001,200,9.7727
0.0527,0.0001,0.0000,0.0000,0.0525,0.0001,200,9.7715
0.0390,0.0002,0.0000,0.0000,0.0386,0.0001,200,9.7982
0.0510,0.0002,0.0000,0.0001,0.0505,0.0002,200,9.7901
0.0508,0.0001,0.0000,0.0000,0.0505,0.0001,200,9.7903
0.0385,0.0002,0.0000,0.0000,0.0381,0.0001,200,9.8097
0.0437,0.0002,0.0000,0.0001,0.0433,0.0001,200,9.8199
0.0430,0.0001,0.0000,0.0000,0.0428,0.0001,200,9.8221
0.0424,0.0001,0.0000,0.0000,0.0422,0.0001,200,9.8241
0.0453,0.0001,0.0000,0.0000,0.0451,0.0000,200,9.8217
0.0392,0.0002,0.0000,0.0001,0.0388,0.0001,200,9.8411
0.0396,0.0002,0.0000,0.0000,0.0393,0.0000,200,9.8411
0.0441,0.0002,0.0000,0.0001,0.0437,0.0001,200,9.8372
0.0418,0.0001,0.0000,0.0001,0.0415,0.0001,200,9.8482
0.0354,0.0002,0.0000,0.0001,0.0350,0.0001,200,9.8636
0.0405,0.0001,0.0000,0.0000,0.0402,0.0001,200,9.8666
0.0444,0.0001,0.0000,0.0000,0.0442,0.0001,200,9.8670
0.0524,0.0001,0.0000,0.0000,0.0522,0.0001,200,9.8650
0.0391,0.0001,0.0000,0.0000,0.0388,0.0001,200,9.8806
0.0379,0.0002,0.0000,0.0000,0.0375,0.0001,200,9.8900
0.0503,0.0002,0.0000,0.0001,0.0499,0.0001,200,9.8802
0.0502,0.0001,0.0000,0.0000,0.0500,0.0000,200,9.8813
0.0489,0.0001,0.0000,0.0000,0.0486,0.0001,200,9.8990
0.0421,0.0002,0.0000,0.0001,0.0418,0.0001,200,9.9071
0.0394,0.0002,0.0000,0.0000,0.0390,0.0001,200,9.9115
0.0419,0.0001,0.0000,0.0001,0.0415,0.0001,200,9.9175
0.0472,0.0002,0.0000,0.0000,0.0467,0.0001,200,9.9197
0.0425,0.0002,0.0000,0.0000,0.0421,0.0001,200,9.9306
0.0452,0.0002,0.0000,0.0001,0.0447,0.0001,200,9.9279
0.0429,0.0001,0.0000,0.0000,0.0426,0.0001,200,9.9316
0.0394,0.0002,0.0000,0.0001,0.0390,0.0001,200,9.9480
0.0375,0.0001,0.0000,0.0001,0.0372,0.0001,200,9.9509
0.0378,0.0002,0.0000,0.0001,0.0373,0.0001,200,9.9594
0.0502,0.0001,0.0000,0.0000,0.0499,0.0001,200,9.9492
0.0339,0.0002,0.0000,0.0000,0.0335,0.0002,200,9.9730
0.0391,0.0001,0.0000,0.0000,0.0388,0.0001,200,9.9744
0.0452,0.0002,0.0000,0.0000,0.0449,0.0001,200,9.9730
0.0514,0.0002,0.0000,0.0001,0.0511,0.0001,200,9.9669
0.0470,0.0002,0.0000,0.0001,0.0465,0.0001,200,9.9874
0.0463,0.0001,0.0000,0.0000,0.0461,0.0000,200,9.9884
0.0377,0.0001,0.0000,0.0000,0.0374,0.0000,200,9.9972
0.0431,0.0001,0.0000,0.0000,0.0428,0.0001,200,9.9994
0.0397,0.0003,0.0000,0.0001,0.0391,0.0001,200,10.0069
0.0389,0.0002,0.0000,0.0001,0.0385,0.0001,200,10.0183
0.0450,0.0001,0.0000,0.0001,0.0447,0.0001,200,10.0135
0.0457,0.0002,0.0000,0.0001,0.0453,0.0001,200,10.0183
0.0415,0.0002,0.0000,0.0001,0.0412,0.0001,200,10.0343
0.0420,0.0001,0.0000,0.0000,0.0418,0.0001,200,10.0347
0.0446,0.0001,0.0000,0.0000,0.0444,0.0001,200,10.0349
0.0402,0.0002,0.0000,0.0001,0.0398,0.0001,200,10.0466
0.0446,0.0001,0.0000,0.0000,0.0443,0.0000,200,10.0425
0.0370,0.0002,0.0000,0.0000,0.0367,0.0001,200,10.0640
0.0448,0.0001,0.0000,0.0000,0.0445,0.0001,200,10.0585
0.0528,0.0002,0.0000,0.0001,0.0523,0.0001,200,10.0573
0.0389,0.0002,0.0000,0.0001,0.0385,0.0001,200,10.0759
0.0404,0.0002,0.0000,0.0001,0.0399,0.0001,200,10.0795
0.0454,0.0001,0.0000,0.0000,0.0451,0.0001,200,10.0767
0.0380,0.0002,0.0000,0.0001,0.0376,0.0001,200,10.0868
0.0447,0.0001,0.0000,0.0000,0.0444,0.0001,200,10.0871
0.0381,0.0002,0.0000,0.0001,0.0376,0.0002,200,10.1010
0.0455,0.0001,0.0000,0.0000,0.0452,0.0001,200,10.1033
0.0399,0.0002,0.0000,0.0001,0.0395,0.0001,200,10.1148
0.0459,0.0002,0.0000,0.0001,0.0456,0.0001,200,10.1101
0.0369,0.0002,0.0000,0.0000,0.0366,0.0000,200,10.1199
0.0360,0.0001,0.0000,0.0000,0.0357,0.0001,200,10.1248
0.0454,0.0001,0.0000,0.0001,0.0450,0.0001,200,10.1220
0.0399,0.0002,0.0000,0.0001,0.0396,0.0001,200,10.1318
0.0473,0.0002,0.0000,0.0001,0.0470,0.0001,200,10.1391
0.0446,0.0002,0.0000,0.0001,0.0442,0.0001,200,10.1488
0.0413,0.0002,0.0000,0.0000,0.0409,0.0001,200,10.1547
0.0383,0.0002,0.0000,0.0001,0.0379,0.0001,200,10.1608
0.0452,0.0001,0.0000,0.0000,0.0449,0.0001,200,10.1559
0.0480,0.0001,0.0000,0.0000,0.0477,0.0001,200,10.1567
0.0415,0.0002,0.0000,0.0001,0.0411,0.0001,200,10.1674
0.0383,0.0001,0.0000,0.0000,0.0381,0.0000,200,10.1717
0.0400,0.0002,0.0000,0.0000,0.0396,0.0001,200,10.1864
0.0371,0.0002,0.0000,0.0001,0.0367,0.0001,200,10.1960
0.0406,0.0002,0.0000,0.0001,0.0402,0.0000,200,10.1934
0.0358,0.0002,0.0000,0.0001,0.0354,0.0001,200,10.2011
0.0415,0.0002,0.0000,0.0001,0.0410,0.0001,200,10.1990
0.0360,0.0002,0.0000,0.0001,0.0356,0.0001,200,10.2048
0.0390,0.0002,0.0000,0.0001,0.0386,0.0001,200,10.2089
0.0480,0.0001,0.0000,0.0000,0.0477,0.0001,200,10.2100
0.0387,0.0001,0.0000,0.0000,0.0384,0.0001,200,10.2340
0.0391,0.0002,0.0000,0.0001,0.0386,0.0001,200,10.2370
0.0437,0.0002,0.0000,0.0001,0.0433,0.0000,200,10.2332
0.0379,0.0001,0.0000,0.0000,0.0378,0.0001,200,10.2407
0.0549,0.0002,0.0000,0.0001,0.0545,0.0001,200,10.2264
0.0442,0.0002,0.0000,0.0000,0.0438,0.0001,200,10.2405
0.0378,0.0002,0.0000,0.0001,0.0374,0.0001,200,10.2478
0.0396,0.0002,0.0000,0.0001,0.0392,0.0001,200,10.2580
0.0375,0.0001,0.0000,0.0000,0.0372,0.0001,200,10.2768
0.0417,0.0002,0.0000,0.0001,0.0413,0.0000,200,10.2728
0.0388,0.0002,0.0000,0.0000,0.0385,0.0000,200,10.2760
0.0370,0.0002,0.0000,0.0001,0.0366,0.0002,200,10.2847
0.0471,0.0001,0.0000,0.0000,0.0468,0.0001,200,10.2787
0.0415,0.0001,0.0000,0.0000,0.0413,0.0001,200,10.2856
0.0489,0.0002,0.0000,0.0001,0.0485,0.0001,200,10.2813
0.0427,0.0002,0.0000,0.0001,0.0424,0.0001,200,10.2976
0.0349,0.0001,0.0000,0.0000,0.0347,0.0001,200,10.3145
0.0384,0.0001,0.0000,0.0000,0.0382,0.0001,200,10.3148
0.0459,0.0002,0.0000,0.0000,0.0456,0.0001,200,10.3143
0.0361,0.0001,0.0000,0.0000,0.0359,0.0001,200,10.3271
0.0432,0.0003,0.0000,0.0001,0.0427,0.0001,200,10.3217
0.0460,0.0002,0.0000,0.0001,0.0456,0.0001,200,10.3258
0.0490,0.0002,0.0000,0.0000,0.0486,0.0001,200,10.3302
0.0398,0.0002,0.0000,0.0000,0.0395,0.0001,200,10.3403
0.0455,0.0002,0.0000,0.0000,0.0451,0.0001,200,10.3494
0.0356,0.0002,0.0000,0.0001,0.0352,0.0001,200,10.3633
0.0371,0.0001,0.0000,0.0000,0.0368,0.0001,200,10.3649
0.0489,0.0002,0.0000,0.0000,0.0485,0.0001,200,10.3533
0.0476,0.0002,0.0000,0.0001,0.0472,0.0001,200,10.3603
0.0394,0.0002,0.0000,0.0001,0.0389,0.0001,200,10.3718
0.0368,0.0002,0.0000,0.0000,0.0363,0.0002,200,10.3792
0.0389,0.0001,0.0000,0.0000,0.0386,0.0001,200,10.3802
0.0355,0.0002,0.0000,0.0001,0.0350,0.0001,200,10.3949
0.0354,0.0002,0.0000,0.0001,0.0350,0.0001,200,10.4020
0.0407,0.0002,0.0000,0.0001,0.0403,0.0001,200,10.3989
0.0440,0.0001,0.0000,0.0000,0.0437,0.0001,200,10.4022
0.0399,0.0002,0.0000,0.0001,0.0394,0.0001,200,10.4113
0.0462,0.0002,0.0000,0.0001,0.0458,0.0001,200,10.4079
0.0479,0.0002,0.0000,0.0001,0.0474,0.0001,200,10.4160
0.0452,0.0002,0.0000,0.0001,0.0449,0.0000,200,10.4190
0.0432,0.0002,0.0000,0.0001,0.0428,0.0001,200,10.4304
0.0372,0.0002,0.0000,0.0001,0.0368,0.0001,200,10.4375
0.0384,0.0002,0.0000,0.0000,0.0381,0.0001,200,10.4397
0.0384,0.0002,0.0000,0.0001,0.0380,0.0001,200,10.4462
0.0409,0.0002,0.0000,0.0001,0.0406,0.0001,200,10.4541
0.0455,0.0002,0.0000,0.0000,0.0451,0.0001,200,10.4512
0.0384,0.0001,0.0000,0.0000,0.0382,0.0001,200,10.4643
0.0414,0.0002,0.0000,0.0000,0.0410,0.0001,200,10.4639
0.0393,0.0002,0.0000,0.0001,0.0389,0.0001,200,10.4781
0.0441,0.0002,0.0000,0.0001,0.0438,0.0000,200,10.4736
0.0475,0.0001,0.0000,0.0000,0.0472,0.0001,200,10.4746
0.0445,0.0001,0.0000,0.0000,0.0442,0.0001,200,10.4845
0.0383,0.0002,0.0000,0.0001,0.0380,0.0001,200,10.4950
0.0423,0.0002,0.0000,0.0001,0.0418,0.0001,200,10.5027
0.0492,0.0001,0.0000,0.0000,0.0489,0.0000,200,10.4966
0.0415,0.0001,0.0000,0.0001,0.0413,0.0000,200,10.5053
0.0373,0.0001,0.0000,0.0000,0.0370,0.0001,200,10.5177
0.0414,0.0002,0.0000,0.0001,0.0410,0.0001,200,10.5174
0.0419,0.0001,0.0000,0.0000,0.0416,0.0001,200,10.5221
0.0397,0.0002,0.0000,0.0000,0.0394,0.0001,200,10.5333
0.0456,0.0002,0.0000,0.0001,0.0452,0.0001,200,10.5291
0.0344,0.0001,0.0000,0.0000,0.0342,0.0001,200,10.5458
0.0455,0.0002,0.0000,0.0000,0.0451,0.0001,200,10.5450
0.0359,0.0002,0.0000,0.0001,0.0356,0.0000,200,10.5550
0.0469,0.0001,0.0000,0.0000,0.0466,0.0001,200,10.5469
0.0376,0.0002,0.0000,0.0000,0.0372,0.0001,200,10.5587
0.0473,0.0002,0.0000,0.0000,0.0469,0.0001,200,10.5640
0.0373,0.0002,0.0000,0.0000,0.0370,0.0001,200,10.5803
0.0469,0.0001,0.0000,0.0000,0.0466,0.0001,200,10.5746
0.0485,0.0002,0.0000,0.0000,0.0482,0.0001,200,10.5731
0.0383,0.0002,0.0000,0.0001,0.0379,0.0001,200,10.5905
0.0382,0.0001,0.0000,0.0000,0.0380,0.0001,200,10.5909
0.0373,0.0001,0.0000,0.0000,0.0370,0.0001,200,10.5963
0.0538,0.0002,0.0000,0.0000,0.0534,0.0001,200,10.5938
0.0367,0.0002,0.0000,0.0001,0.0363,0.0000,200,10.6112
0.0370,0.0002,0.0000,0.0000,0.0366,0.0001,200,10.6216
0.0457,0.0002,0.0000,0.0001,0.0453,0.0001,200,10.6176
0.0370,0.0001,0.0000,0.0000,0.0368,0.0001,200,10.6291
0.0382,0.0002,0.0000,0.0000,0.0378,0.0001,200,10.6289
0.0462,0.0002,0.0000,0.0000,0.0459,0.0000,200,10.6216
0.0454,0.0002,0.0000,0.0000,0.0450,0.0001,200,10.6337
0.0396,0.0002,0.0000,0.0001,0.0392,0.0001,200,10.6475
0.0412,0.0001,0.0000,0.0000,0.0410,0.0001,200,10.6479
0.0422,0.0002,0.0000,0.0002,0.0415,0.0001,200,10.6586
0.0371,0.0002,0.0000,0.0001,0.0368,0.0001,200,10.6661
0.0386,0.0001,0.0000,0.0000,0.0384,0.0001,200,10.6670
0.0471,0.0003,0.0000,0.0001,0.0466,0.0001,200,10.6633
0.0487,0.0001,0.0000,0.0000,0.0485,0.0001,200,10.6678
0.0411,0.0002,0.0000,0.0001,0.0408,0.0001,200,10.6790
0.0408,0.0002,0.0000,0.0000,0.0404,0.0001,200,10.6871
0.0435,0.0001,0.0000,0.0000,0.0432,0.0001,200,10.6891
0.0361,0.0001,0.0000,0.0000,0.0358,0.0001,200,10.7056
0.0462,0.0002,0.0000,0.0001,0.0458,0.0001,200,10.7008
0.0455,0.0002,0.0000,0.0000,0.0452,0.0000,200,10.7032
0.0400,0.0002,0.0000,0.0001,0.0397,0.0001,200,10.7104
0.0398,0.0002,0.0000,0.0001,0.0394,0.0001,200,10.7202
0.0446,0.0002,0.0000,0.0001,0.0443,0.0001,200,10.7165
0.0377,0.0002,0.0000,0.0001,0.0373,0.0001,200,10.7279
0.0446,0.0002,0.0000,0.0000,0.0442,0.0001,200,10.7326
0.0361,0.0001,0.0000,0.0000,0.0358,0.0001,200,10.7470
0.0473,0.0002,0.0000,0.0001,0.0469,0.0001,200,10.7417
0.0407,0.0001,0.0000,0.0000,0.0405,0.0000,200,10.7488
0.0452,0.0001,0.0000,0.0000,0.0449,0.0001,200,10.7504
0.0465,0.0002,0.0000,0.0001,0.0461,0.0001,200,10.7600
0.0464,0.0002,0.0000,0.0001,0.0459,0.0001,200,10.7656
0.0521,0.0001,0.0000,0.0000,0.0518,0.0001,200,10.7611
0.0368,0.0002,0.0000,0.0000,0.0365,0.0000,200,10.7772
0.0376,0.0002,0.0000,0.0001,0.0372,0.0001,200,10.7832
0.0364,0.0001,0.0000,0.0001,0.0360,0.0001,200,10.7891
0.0443,0.0001,0.0000,0.0000,0.0440,0.0001,200,10.7894
0.0392,0.0002,0.0000,0.0001,0.0389,0.0001,200,10.7956
0.0354,0.0001,0.0000,0.0000,0.0351,0.0001,200,10.8132
0.0389,0.0001,0.0000,0.0000,0.0387,0.0001,200,10.8141
0.0465,0.0002,0.0000,0.0000,0.0461,0.0001,200,10.8065
0.0478,0.0002,0.0000,0.0001,0.0474,0.0001,200,10.8120
0.0392,0.0002,0.0000,0.0000,0.0389,0.0000,200,10.8208
0.0348,0.0002,0.0000,0.0001,0.0343,0.0002,200,10.8337
0.0400,0.0001,0.0000,0.0000,0.0397,0.0001,200,10.8348
0.0524,0.0002,0.0000,0.0001,0.0520,0.0001,200,10.8255
0.0386,0.0002,0.0000,0.0000,0.0382,0.0001,200,10.8530
0.0417,0.0002,0.0000,0.0000,0.0414,0.0001,200,10.8531
0.0467,0.0002,0.0000,0.0000,0.0464,0.0001,200,10.8487
0.0384,0.0001,0.0000,0.0000,0.0382,0.0001,200,10.8600
0.0458,0.0002,0.0000,0.0000,0.0454,0.0001,200,10.8599
0.0411,0.0002,0.0000,0.0000,0.0407,0.0001,200,10.8685
0.0435,0.0002,0.0000,0.0001,0.0431,0.0001,200,10.8748
0.0426,0.0001,0.0000,0.0000,0.0423,0.0001,200,10.8779
0.0454,0.0002,0.0000,0.0001,0.0451,0.0001,200,10.8948
0.0421,0.0001,0.0000,0.0000,0.0418,0.0001,200,10.8985
0.0361,0.0002,0.0000,0.0001,0.0358,0.0000,200,10.9056
0.0502,0.0002,0.0000,0.0001,0.0498,0.0000,200,10.8917
0.0486,0.0001,0.0000,0.0000,0.0483,0.0001,200,10.8954
0.0461,0.0002,0.0000,0.0001,0.0457,0.0001,200,10.9096
0.0391,0.0002,0.0000,0.0001,0.0387,0.0000,200,10.9183
0.0502,0.0002,0.0000,0.0000,0.0499,0.0001,200,10.9204
0.0345,0.0002,0.0000,0.0001,0.0341,0.0001,200,10.9402
0.0404,0.0001,0.0000,0.0000,0.0401,0.0001,200,10.9417
0.0456,0.0001,0.0000,0.0000,0.0454,0.0001,200,10.9439
0.0477,0.0001,0.0000,0.0000,0.0476,0.0001,200,10.9418
0.0494,0.0001,0.0000,0.0000,0.0492,0.0000,200,10.9406
0.0396,0.0001,0.0000,0.0000,0.0392,0.0001,200,10.9558
0.0451,0.0001,0.0000,0.0000,0.0448,0.0001,200,10.9574
0.0374,0.0002,0.0000,0.0001,0.0370,0.0001,200,10.9707
0.0438,0.0002,0.0000,0.0000,0.0434,0.0001,200,10.9747
0.0366,0.0002,0.0000,0.0000,0.0362,0.0001,200,10.9896
0.0378,0.0001,0.0000,0.0000,0.0375,0.0001,200,10.9896
0.0488,0.0002,0.0000,0.0001,0.0484,0.0001,200,10.9821
0.0360,0.0002,0.0000,0.0000,0.0357,0.0001,200,10.9954
0.0477,0.0001,0.0000,0.0000,0.0474,0.0001,200,10.9899
0.0479,0.0002,0.0000,0.0001,0.0475,0.0001,200,11.0025
0.0462,0.0002,0.0000,0.0000,0.0458,0.0001,200,11.0081
0.0361,0.0002,0.0000,0.0001,0.0356,0.0001,200,11.0261
0.0391,0.0001,0.0000,0.0000,0.0387,0.0001,200,11.0274
0.0492,0.0002,0.0000,0.0001,0.0489,0.0001,200,11.0185
0.0380,0.0001,0.0000,0.0000,0.0378,0.0000,200,11.0314
0.0386,0.0002,0.0000,0.0000,0.0383,0.0000,200,11.0310
0.0402,0.0002,0.0000,0.0000,0.0398,0.0001,200,11.0377
0.0383,0.0001,0.0000,0.0000,0.0379,0.0001,200,11.0504
0.0439,0.0002,0.0000,0.0001,0.0435,0.0001,200,11.0543
0.0400,0.0002,0.0000,0.0001,0.0396,0.0001,200,11.0622
0.0377,0.0001,0.0000,0.0000,0.0375,0.0001,200,11.0696
0.0396,0.0001,0.0000,0.0000,0.0393,0.0000,200,11.0678
0.0529,0.0002,0.0000,0.0001,0.0524,0.0001,200,11.0665
0.0440,0.0002,0.0000,0.0001,0.0436,0.0001,200,11.0778
0.0544,0.0002,0.0000,0.0001,0.0541,0.0001,200,11.0694
0.0400,0.0002,0.0000,0.0000,0.0397,0.0001,200,11.0886
0.0425,0.0002,0.0000,0.0000,0.0421,0.0001,200,11.0982
0.0454,0.0002,0.0000,0.0001,0.0450,0.0001,200,11.1022
0.0411,0.0002,0.0000,0.0000,0.0408,0.0000,200,11.1073
0.0474,0.0002,0.0000,0.0000,0.0470,0.0001,200,11.1073
0.0366,0.0002,0.0000,0.0000,0.0363,0.0001,200,11.1219
0.0392,0.0002,0.0000,0.0001,0.0389,0.0000,200,11.1193
0.0470,0.0001,0.0000,0.0001,0.0466,0.0001,200,11.1238
0.0432,0.0002,0.0000,0.0001,0.0428,0.0001,200,11.1286
0.0381,0.0002,0.0000,0.0001,0.0377,0.0001,200,11.1407
0.0440,0.0002,0.0000,0.0001,0.0435,0.0001,200,11.1476
0.0367,0.0001,0.0000,0.0000,0.0364,0.0001,200,11.1585
0.0470,0.0001,0.0000,0.0000,0.0468,0.0000,200,11.1484
0.0420,0.0002,0.0000,0.0000,0.0417,0.0000,200,11.1547
0.0404,0.0002,0.0000,0.0001,0.0399,0.0001,200,11.1708
0.0405,0.0001,0.0000,0.0000,0.0403,0.0000,200,11.1718
0.0559,0.0001,0.0000,0.0000,0.0557,0.0001,200,11.1586
0.0433,0.0002,0.0000,0.0000,0.0430,0.0001,200,11.1788
0.0336,0.0001,0.0000,0.0000,0.0334,0.0001,200,11.1967
0.0445,0.0001,0.0000,0.0000,0.0442,0.0001,200,11.1954
0.0452,0.0001,0.0000,0.0000,0.0449,0.0001,200,11.1952
0.0507,0.0002,0.0000,0.0001,0.0503,0.0001,200,11.1916
0.0357,0.0001,0.0000,0.0001,0.0354,0.0001,200,11.2221
0.0439,0.0001,0.0000,0.0001,0.0437,0.0000,200,11.2145
0.0468,0.0001,0.0000,0.0000,0.0466,0.0001,200,11.2124
0.0487,0.0002,0.0000,0.0000,0.0484,0.0000,200,11.2112
0.0344,0.0002,0.0000,0.0001,0.0340,0.0001,200,11.2399
0.0443,0.0002,0.0000,0.0000,0.0439,0.0000,200,11.2303
0.0434,0.0001,0.0000,0.0000,0.0431,0.0001,200,11.2423
0.0453,0.0001,0.0000,0.0000,0.0451,0.0001,200,11.2404
0.0369,0.0001,0.0000,0.0000,0.0366,0.0001,200,11.2599
0.0432,0.0001,0.0000,0.0000,0.0430,0.0001,200,11.2584
0.0475,0.0002,0.0000,0.0001,0.0471,0.0001,200,11.2579
0.0489,0.0001,0.0000,0.0000,0.0487,0.0001,200,11.2592
0.0384,0.0001,0.0000,0.0000,0.0382,0.0001,200,11.2746
0.0396,0.0002,0.0000,0.0000,0.0393,0.0001,200,11.2743
0.0382,0.0002,0.0000,0.0000,0.0379,0.0001,200,11.2857
0.0370,0.0002,0.0000,0.0001,0.0366,0.0001,200,11.2968
0.0531,0.0002,0.0000,0.0000,0.0527,0.0001,200,11.2857
0.0371,0.0002,0.0000,0.0001,0.0367,0.0001,200,11.3054
0.0406,0.0002,0.0000,0.0001,0.0402,0.0001,200,11.3081
0.0480,0.0002,0.0000,0.0001,0.0477,0.0000,200,11.3016
0.0365,0.0001,0.0000,0.0000,0.0363,0.0000,200,11.3138
0.0457,0.0002,0.0000,0.0001,0.0454,0.0001,200,11.3130
0.0409,0.0002,0.0000,0.0000,0.0405,0.0001,200,11.3239
0.0365,0.0002,0.0000,0.0001,0.0361,0.0001,200,11.3339
0.0427,0.0002,0.0000,0.0001,0.0423,0.0001,200,11.3388
0.0470,0.0002,0.0000,0.0001,0.0466,0.0001,200,11.3425
0.0453,0.0001,0.0000,0.0000,0.0451,0.0001,200,11.3497
0.0467,0.0002,0.0000,0.0000,0.0463,0.0001,200,11.3487
0.0370,0.0002,0.0000,0.0000,0.0367,0.0000,200,11.3588
0.0354,0.0002,0.0000,0.0001,0.0350,0.0001,200,11.3648
0.0527,0.0001,0.0000,0.0000,0.0525,0.0001,200,11.3503
0.0433,0.0002,0.0000,0.0000,0.0429,0.0001,200,11.3704
0.0411,0.0002,0.0000,0.0000,0.0407,0.0001,200,11.3815
0.0378,0.0002,0.0000,0.0001,0.0374,0.0001,200,11.3896
0.0360,0.0002,0.0000,0.0001,0.0355,0.0001,200,11.3950
0.0397,0.0001,0.0000,0.0000,0.0394,0.0001,200,11.3954
0.0376,0.0001,0.0000,0.0000,0.0372,0.0001,200,11.4030
0.0459,0.0001,0.0000,0.0000,0.0457,0.0001,200,11.3958
0.0436,0.0002,0.0000,0.0000,0.0432,0.0001,200,11.4003
0.0363,0.0002,0.0000,0.0001,0.0359,0.0001,200,11.4137
0.0368,0.0002,0.0000,0.0000,0.0364,0.0001,200,11.4310
0.0466,0.0002,0.0000,0.0001,0.0462,0.0000,200,11.4226
0.0348,0.0002,0.0000,0.0001,0.0344,0.0001,200,11.4351
0.0525,0.0002,0.0000,0.0000,0.0521,0.0001,200,11.4274
0.0447,0.0002,0.0000,0.0000,0.0442,0.0002,200,11.4406
0.0468,0.0001,0.0000,0.0000,0.0465,0.0001,200,11.4417
0.0395,0.0002,0.0000,0.0001,0.0392,0.0001,200,11.4500
0.0479,0.0002,0.0000,0.0000,0.0475,0.0001,200,11.4438
0.0367,0.0002,0.0000,0.0001,0.0363,0.0001,200,11.4678
0.0380,0.0001,0.0000,0.0000,0.0378,0.0001,200,11.4699
0.0413,0.0001,0.0000,0.0000,0.0411,0.0001,200,11.4692
0.0373,0.0002,0.0000,0.0001,0.0369,0.0001,200,11.4799
0.0457,0.0002,0.0000,0.0001,0.0452,0.0001,200,11.4853
0.0478,0.0002,0.0000,0.0001,0.0473,0.0001,200,11.4885
0.0472,0.0001,0.0000,0.0000,0.0470,0.0000,200,11.4895
0.0469,0.0001,0.0000,0.0000,0.0466,0.0001,200,11.4917
0.0360,0.0002,0.0000,0.0001,0.0355,0.0001,200,11.5080
0.0395,0.0002,0.0000,0.0001,0.0391,0.0001,200,11.5045
0.0435,0.0002,0.0000,0.0001,0.0431,0.0001,200,11.5105
0.0421,0.0002,0.0000,0.0001,0.0417,0.0001,200,11.5172
0.0365,0.0007,0.0000,0.0000,0.0356,0.0001,200,11.5367
0.0357,0.0001,0.0000,0.0000,0.0354,0.0000,200,11.5386
0.0448,0.0002,0.0000,0.0001,0.0444,0.0001,200,11.5309
0.0397,0.0002,0.0000,0.0001,0.0393,0.0000,200,11.5362
0.0376,0.0001,0.0000,0.0001,0.0373,0.0001,200,11.5440
0.0528,0.0001,0.0000,0.0001,0.0525,0.0001,200,11.5440
0.0434,0.0002,0.0000,0.0001,0.0430,0.0000,200,11.5540
0.0393,0.0002,0.0000,0.0001,0.0389,0.0000,200,11.5593
0.0354,0.0001,0.0000,0.0000,0.0351,0.0002,200,11.5759
0.0390,0.0003,0.0000,0.0001,0.0385,0.0001,200,11.5733
0.0434,0.0001,0.0000,0.0000,0.0431,0.0001,200,11.5743
0.0373,0.0002,0.0000,0.0001,0.0369,0.0001,200,11.5816
0.0459,0.0001,0.0000,0.0000,0.0456,0.0001,200,11.5758
0.0372,0.0002,0.0000,0.0000,0.0369,0.0001,200,11.5968
0.0444,0.0001,0.0000,0.0000,0.0441,0.0001,200,11.5986
0.0458,0.0001,0.0000,0.0000,0.0456,0.0000,200,11.5974
0.0384,0.0002,0.0000,0.0001,0.0379,0.0001,200,11.6113
0.0354,0.0001,0.0000,0.0000,0.0351,0.0001,200,11.6216
0.0407,0.0002,0.0000,0.0001,0.0403,0.0000,200,11.6177
0.0463,0.0001,0.0000,0.0000,0.0461,0.0000,200,11.6123
0.0515,0.0001,0.0000,0.0000,0.0512,0.0001,200,11.6189
0.0408,0.0002,0.0000,0.0001,0.0404,0.0001,200,11.6340
0.0359,0.0002,0.0000,0.0001,0.0355,0.0001,200,11.6430
0.0451,0.0001,0.0000,0.0000,0.0449,0.0001,200,11.6433
0.0388,0.0002,0.0000,0.0001,0.0384,0.0001,200,11.6497
0.0376,0.0001,0.0000,0.0000,0.0374,0.0001,200,11.6586
0.0414,0.0002,0.0000,0.0001,0.0411,0.0001,200,11.6571
0.0415,0.0001,0.0000,0.0000,0.0413,0.0001,200,11.6584
0.0383,0.0001,0.0000,0.0000,0.0379,0.0001,200,11.6748
0.0469,0.0002,0.0000,0.0001,0.0465,0.0001,200,11.6703
0.0416,0.0002,0.0000,0.0000,0.0413,0.0001,200,11.6789
0.0385,0.0001,0.0000,0.0000,0.0382,0.0001,200,11.6885
0.0464,0.0002,0.0000,0.0000,0.0459,0.0001,200,11.6884
0.0406,0.0001,0.0000,0.0000,0.0403,0.0001,200,11.6985
0.0394,0.0001,0.0000,0.0000,0.0392,0.0000,200,11.7000
0.0459,0.0002,0.0000,0.0001,0.0456,0.0001,200,11.6962
0.0401,0.0002,0.0000,0.0001,0.0397,0.0001,200,11.7131
0.0380,0.0002,0.0000,0.0001,0.0377,0.0001,200,11.7173
0.0434,0.0002,0.0000,0.0000,0.0430,0.0001,200,11.7206
0.0380,0.0001,0.0000,0.0000,0.0377,0.0000,200,11.7270
0.0392,0.0001,0.0000,0.0000,0.0390,0.0001,200,11.7394
0.0492,0.0002,0.0000,0.0001,0.0487,0.0001,200,11.7348
0.0452,0.0002,0.0000,0.0001,0.0449,0.0000,200,11.7391
0.0380,0.0001,0.0000,0.0001,0.0376,0.0001,200,11.7553
0.0548,0.0002,0.0000,0.0001,0.0544,0.0001,200,11.7422
0.0379,0.0001,0.0000,0.0000,0.0375,0.0001,200,11.7640
0.0497,0.0002,0.0000,0.0001,0.0494,0.0001,200,11.7532
0.0456,0.0001,0.0000,0.0000,0.0453,0.0001,200,11.7650
0.0370,0.0002,0.0000,0.0000,0.0366,0.0001,200,11.7787
0.0359,0.0001,0.0000,0.0000,0.0356,0.0001,200,11.7843
0.0428,0.0002,0.0000,0.0000,0.0424,0.0001,200,11.7840
0.0337,0.0002,0.0000,0.0001,0.0333,0.0001,200,11.8019
0.0441,0.0002,0.0000,0.0001,0.0437,0.0001,200,11.7933
0.0448,0.0002,0.0000,0.0001,0.0442,0.0001,200,11.7970
0.0365,0.0002,0.0000,0.0001,0.0361,0.0001,200,11.8106
0.0484,0.0001,0.0000,0.0000,0.0481,0.0001,200,11.8029
0.0415,0.0002,0.0000,0.0001,0.0411,0.0001,200,11.8202
0.0379,0.0001,0.0000,0.0000,0.0376,0.0001,200,11.8267
0.0503,0.0002,0.0000,0.0001,0.0500,0.0000,200,11.8157
0.0360,0.0002,0.0000,0.0001,0.0356,0.0001,200,11.8356
0.0378,0.0001,0.0000,0.0000,0.0376,0.0001,200,11.8375
0.0366,0.0001,0.0000,0.0000,0.0363,0.0001,200,11.8471
0.0441,0.0001,0.0000,0.0000,0.0438,0.0001,200,11.8513
0.0537,0.0002,0.0000,0.0001,0.0533,0.0000,200,11.8418
0.0352,0.0002,0.0000,0.0001,0.0348,0.0001,200,11.8647
0.0476,0.0002,0.0000,0.0000,0.0472,0.0001,200,11.8618
0.0386,0.0002,0.0000,0.0001,0.0382,0.0000,200,11.8716
0.0449,0.0001,0.0000,0.0000,0.0447,0.0000,200,11.8660
0.0469,0.0001,0.0000,0.0000,0.0466,0.0001,200,11.8753
0.0422,0.0001,0.0000,0.0000,0.0419,0.0001,200,11.8837
0.0421,0.0002,0.0000,0.0000,0.0417,0.0001,200,11.8954
0.0444,0.0002,0.0000,0.0000,0.0440,0.0001,200,11.8954
0.0453,0.0002,0.0000,0.0001,0.0448,0.0001,200,11.8998
0.0386,0.0001,0.0000,0.0000,0.0384,0.0001,200,11.9101
0.0415,0.0002,0.0000,0.0000,0.0412,0.0001,200,11.9094
0.0455,0.0001,0.0000,0.0000,0.0452,0.0001,200,11.9109
0.0384,0.0002,0.0000,0.0001,0.0380,0.0001,200,11.9222
0.0451,0.0002,0.0000,0.0000,0.0447,0.0001,200,11.9259
0.0408,0.0002,0.0000,0.0001,0.0404,0.0001,200,11.9398
0.0436,0.0002,0.0000,0.0000,0.0433,0.0000,200,11.9375
0.0377,0.0002,0.0000,0.0001,0.0373,0.0001,200,11.9451
0.0381,0.0002,0.0000,0.0001,0.0377,0.0001,200,11.9487
0.0410,0.0001,0.0000,0.0000,0.0407,0.0001,200,11.9510
0.0462,0.0002,0.0000,0.0001,0.0458,0.0001,200,11.9564
0.0422,0.0002,0.0000,0.0001,0.0419,0.0001,200,11.9605
0.0446,0.0002,0.0000,0.0000,0.0442,0.0002,200,11.9710
0.0388,0.0001,0.0000,0.0000,0.0386,0.0001,200,11.9811
0.0369,0.0002,0.0000,0.0001,0.0365,0.0001,200,11.9868
0.0445,0.0002,0.0000,0.0001,0.0442,0.0001,200,11.9806
0.0374,0.0002,0.0000,0.0001,0.0370,0.0001,200,11.9919
0.0529,0.0001,0.0000,0.0001,0.0526,0.0001,200,11.9828
0.0366,0.0001,0.0000,0.0000,0.0363,0.0001,200,12.0028
0.0428,0.0002,0.0000,0.0000,0.0424,0.0001,200,12.0026
0.0408,0.0002,0.0000,0.0001,0.0404,0.0001,200,12.0157
0.0364,0.0001,0.0000,0.0000,0.0361,0.0001,200,12.0251
0.0356,0.0002,0.0000,0.0001,0.0352,0.0001,200,12.0294
0.0482,0.0002,0.0000,0.0001,0.0479,0.0001,200,12.0199
0.0476,0.0002,0.0000,0.0001,0.0473,0.0001,200,12.0237
0.0413,0.0002,0.0000,0.0000,0.0410,0.0001,200,12.0356
0.0380,0.0002,0.0000,0.0001,0.0377,0.0001,200,12.0454
0.0467,0.0002,0.0000,0.0001,0.0463,0.0001,200,12.0394
0.0405,0.0002,0.0000,0.0001,0.0401,0.0001,200,12.0565
0.0408,0.0003,0.0000,0.0001,0.0403,0.0001,200,12.0616
0.0354,0.0002,0.0000,0.0000,0.0351,0.0000,200,12.0682
0.0445,0.0002,0.0000,0.0001,0.0440,0.0001,200,12.0650
0.0447,0.0001,0.0000,0.0000,0.0444,0.0001,200,12.0714
0.0392,0.0002,0.0000,0.0001,0.0388,0.0000,200,12.0770
0.0414,0.0002,0.0000,0.0000,0.0410,0.0001,200,12.0860
0.0476,0.0002,0.0000,0.0001,0.0472,0.0001,200,12.0834
0.0365,0.0002,0.0000,0.0001,0.0361,0.0001,200,12.0970
0.0385,0.0001,0.0000,0.0000,0.0382,0.0001,200,12.1036
0.0466,0.0002,0.0000,0.0000,0.0462,0.0001,200,12.1024
0.0473,0.0002,0.0000,0.0001,0.0469,0.0001,200,12.1095
0.0443,0.0002,0.0000,0.0000,0.0440,0.0001,200,12.1161
0.0464,0.0001,0.0000,0.0000,0.0462,0.0001,200,12.1162
0.0424,0.0002,0.0000,0.0001,0.0419,0.0001,200,12.1274
0.0404,0.0002,0.0000,0.0001,0.0401,0.0001,200,12.1310
0.0447,0.0001,0.0000,0.0000,0.0443,0.0001,200,12.1335
0.0400,0.0002,0.0000,0.0000,0.0396,0.0001,200,12.1421
0.0395,0.0001,0.0000,0.0001,0.0392,0.0001,200,12.1490
0.0439,0.0002,0.0000,0.0001,0.0435,0.0001,200,12.1568
0.0420,0.0002,0.0000,0.0000,0.0417,0.0000,200,12.1604
0.0398,0.0002,0.0000,0.0001,0.0395,0.0000,200,12.1626
0.0415,0.0001,0.0000,0.0000,0.0411,0.0001,200,12.1714
0.0356,0.0002,0.0000,0.0001,0.0352,0.0001,200,12.1821
0.0485,0.0002,0.0000,0.0001,0.0482,0.0001,200,12.1698
0.0468,0.0002,0.0000,0.0001,0.0464,0.0001,200,12.1782
0.0441,0.0002,0.0000,0.0000,0.0438,0.0001,200,12.1886
0.0354,0.0001,0.0000,0.0000,0.0352,0.0001,200,12.2025
0.0372,0.0002,0.0000,0.0000,0.0369,0.0000,200,12.2007
0.0446,0.0001,0.0000,0.0000,0.0444,0.0001,200,12.2025
0.0372,0.0002,0.0000,0.0001,0.0368,0.0001,200,12.2176
0.0366,0.0001,0.0000,0.0000,0.0364,0.0000,200,12.2183
0.0353,0.0002,0.0000,0.0000,0.0349,0.0001,200,12.2249
0.0534,0.0002,0.0000,0.0001,0.0529,0.0001,200,12.2129
0.0464,0.0002,0.0000,0.0001,0.0459,0.0001,200,12.2327
0.0451,0.0002,0.0000,0.0000,0.0448,0.0001,200,12.2379
0.0379,0.0002,0.0000,0.0000,0.0375,0.0001,200,12.2471
0.0479,0.0002,0.0000,0.0000,0.0476,0.0000,200,12.2379
0.0397,0.0001,0.0000,0.0000,0.0394,0.0001,200,12.2549
0.0381,0.0002,0.0000,0.0000,0.0377,0.0001,200,12.2602
0.0447,0.0001,0.0000,0.0000,0.0444,0.0001,200,12.2549
0.0408,0.0001,0.0000,0.0000,0.0405,0.0001,200,12.2663
0.0415,0.0002,0.0000,0.0001,0.0411,0.0001,200,12.2792
0.0398,0.0002,0.0000,0.0001,0.0395,0.0001,200,12.2830
0.0404,0.0001,0.0000,0.0000,0.0401,0.0001,200,12.2850
0.0402,0.0001,0.0000,0.0000,0.0399,0.0000,200,12.2858
0.0385,0.0002,0.0000,0.0001,0.0381,0.0001,200,12.2946
0.0425,0.0002,0.0000,0.0001,0.0420,0.0001,200,12.2984
0.0453,0.0001,0.0000,0.0000,0.0449,0.0001,200,12.2996
0.0470,0.0002,0.0000,0.0001,0.0466,0.0001,200,12.3071
0.0383,0.0001,0.0000,0.0000,0.0380,0.0001,200,12.3228
0.0374,0.0001,0.0000,0.0000,0.0371,0.0001,200,12.3254
0.0397,0.0001,0.0000,0.0000,0.0395,0.0001,200,12.3259
0.0381,0.0002,0.0000,0.0001,0.0377,0.0001,200,12.3331
0.0523,0.0002,0.0000,0.0001,0.0519,0.0001,200,12.3207
0.0388,0.0002,0.0000,0.0001,0.0384,0.0001,200,12.3409
0.0392,0.0002,0.0000,0.0000,0.0388,0.0001,200,12.3448
0.0397,0.0002,0.0000,0.0001,0.0393,0.0001,200,12.3542
0.0363,0.0002,0.0000,0.0001,0.0360,0.0001,200,12.3611
0.0375,0.0002,0.0000,0.0001,0.0372,0.0001,200,12.3656
0.0477,0.0001,0.0000,0.0000,0.0473,0.0001,200,12.3628
0.0475,0.0001,0.0000,0.0000,0.0471,0.0001,200,12.3712
0.0375,0.0001,0.0000,0.0000,0.0372,0.0001,200,12.3840
0.0493,0.0001,0.0000,0.0000,0.0490,0.0000,200,12.3731
0.0468,0.0002,0.0000,0.0001,0.0464,0.0001,200,12.3796
0.0390,0.0002,0.0000,0.0000,0.0386,0.0001,200,12.3939
0.0421,0.0002,0.0000,0.0001,0.0417,0.0001,200,12.3974
0.0378,0.0001,0.0000,0.0000,0.0375,0.0001,200,12.4031
0.0378,0.0002,0.0000,0.0000,0.0374,0.0001,200,12.4104
0.0400,0.0002,0.0000,0.0001,0.0395,0.0001,200,12.4187
0.0354,0.0001,0.0000,0.0000,0.0351,0.0001,200,12.4265
0.0405,0.0002,0.0000,0.0000,0.0402,0.0000,200,12.4215
0.0391,0.0002,0.0000,0.0001,0.0387,0.0001,200,12.4329
0.0512,0.0001,0.0000,0.0000,0.0510,0.0001,200,12.4223
0.0356,0.0002,0.0000,0.0000,0.0352,0.0001,200,12.4482
0.0499,0.0002,0.0000,0.0001,0.0495,0.0001,200,12.4394
0.0501,0.0001,0.0000,0.0000,0.0499,0.0001,200,12.4410
0.0367,0.0001,0.0000,0.0000,0.0365,0.0001,200,12.4620
0.0387,0.0002,0.0000,0.0000,0.0384,0.0001,200,12.4618
0.0440,0.0002,0.0000,0.0000,0.0437,0.0001,200,12.4587
0.0418,0.0001,0.0000,0.0000,0.0415,0.0001,200,12.4736
0.0451,0.0002,0.0000,0.0001,0.0448,0.0001,200,12.4721
0.0360,0.0002,0.0000,0.0000,0.0357,0.0001,200,12.4893
0.0370,0.0002,0.0000,0.0000,0.0366,0.0001,200,12.4988
0.0447,0.0002,0.0000,0.0000,0.0444,0.0001,200,12.4911
0.0534,0.0002,0.0000,0.0001,0.0531,0.0000,200,12.4838
0.0359,0.0001,0.0000,0.0000,0.0356,0.0001,200,12.5027
0.0500,0.0001,0.0000,0.0000,0.0497,0.0001,200,12.5006
0.0386,0.0001,0.0000,0.0000,0.0383,0.0001,200,12.5154
0.0441,0.0001,0.0000,0.0000,0.0438,0.0001,200,12.5172
0.0387,0.0002,0.0000,0.0000,0.0383,0.0001,200,12.5253
0.0382,0.0001,0.0000,0.0000,0.0380,0.0001,200,12.5386
0.0428,0.0002,0.0000,0.0000,0.0425,0.0001,200,12.5358
0.0471,0.0001,0.0000,0.0000,0.0469,0.0001,200,12.5373
0.0486,0.0001,0.0000,0.0000,0.0484,0.0001,200,12.5358
0.0382,0.0001,0.0000,0.0000,0.0379,0.0001,200,12.5641
0.0411,0.0002,0.0000,0.0001,0.0407,0.0000,200,12.5612
0.0521,0.0002,0.0000,0.0001,0.0518,0.0000,200,12.5506
0.0539,0.0002,0.0000,0.0001,0.0534,0.0001,200,12.5540
0.0357,0.0001,0.0000,0.0000,0.0353,0.0001,200,12.5786
0.0363,0.0002,0.0000,0.0000,0.0360,0.0001,200,12.5845
0.0455,0.0002,0.0000,0.0001,0.0452,0.0000,200,12.5768
0.0473,0.0001,0.0000,0.0000,0.0470,0.0001,200,12.5844
0.0379,0.0002,0.0000,0.0000,0.0376,0.0001,200,12.6078
0.0480,0.0001,0.0000,0.0000,0.0478,0.0001,200,12.6028
0.0485,0.0001,0.0000,0.0000,0.0483,0.0001,200,12.6023
0.0497,0.0002,0.0000,0.0001,0.0494,0.0000,200,12.6022
0.0423,0.0002,0.0000,0.0001,0.0419,0.0001,200,12.6143
0.0372,0.0001,0.0000,0.0000,0.0369,0.0001,200,12.6224
0.0361,0.0002,0.0000,0.0000,0.0357,0.0001,200,12.6318
0.0480,0.0002,0.0000,0.0000,0.0477,0.0000,200,12.6208
0.0333,0.0002,0.0000,0.0000,0.0329,0.0001,200,12.6567
0.0449,0.0002,0.0000,0.0001,0.0445,0.0000,200,12.6458
0.0451,0.0001,0.0000,0.0000,0.0449,0.0001,200,12.6520
0.0466,0.0001,0.0000,0.0000,0.0464,0.0000,200,12.6509
0.0467,0.0002,0.0000,0.0000,0.0465,0.0000,200,12.6508
0.0340,0.0001,0.0000,0.0000,0.0337,0.0001,200,12.6688
0.0424,0.0002,0.0000,0.0001,0.0420,0.0001,200,12.6678
0.0553,0.0002,0.0000,0.0001,0.0549,0.0001,200,12.6595
0.0389,0.0002,0.0000,0.0000,0.0384,0.0002,200,12.6899
0.0360,0.0002,0.0000,0.0000,0.0356,0.0001,200,12.6971
0.0439,0.0001,0.0000,0.0000,0.0436,0.0001,200,12.6906
0.0455,0.0001,0.0000,0.0000,0.0452,0.0001,200,12.6975
0.0416,0.0002,0.0000,0.0001,0.0413,0.0001,200,12.7027
0.0488,0.0001,0.0000,0.0000,0.0486,0.0001,200,12.6975
0.0459,0.0002,0.0000,0.0001,0.0454,0.0001,200,12.7103
0.0502,0.0002,0.0000,0.0001,0.0498,0.0001,200,12.7149
0.0435,0.0002,0.0000,0.0000,0.0431,0.0001,200,12.7345
0.0456,0.0002,0.0000,0.0000,0.0453,0.0000,200,12.7331
0.0503,0.0002,0.0000,0.0000,0.0500,0.0000,200,12.7288
0.0474,0.0002,0.0000,0.0000,0.0470,0.0001,200,12.7430
0.0484,0.0001,0.0000,0.0000,0.0481,0.0001,200,12.7463
0.0539,0.0001,0.0000,0.0000,0.0537,0.0001,200,12.7444
0.0475,0.0002,0.0000,0.0001,0.0471,0.0001,200,12.7561
0.0487,0.0002,0.0000,0.0001,0.0483,0.0001,200,12.7651
0.0414,0.0001,0.0000,0.0000,0.0412,0.0001,200,12.7787
0.0410,0.0001,0.0000,0.0000,0.0408,0.0000,200,12.7792
0.0440,0.0001,0.0000,0.0000,0.0438,0.0001,200,12.7780
0.0403,0.0002,0.0000,0.0001,0.0400,0.0001,200,12.7947
0.0462,0.0002,0.0000,0.0001,0.0457,0.0001,200,12.7904
0.0407,0.0001,0.0000,0.0000,0.0403,0.0001,200,12.8037
0.0519,0.0001,0.0000,0.0000,0.0516,0.0001,200,12.7983
0.0405,0.0002,0.0000,0.0000,0.0401,0.0001,200,12.8201
0.0396,0.0001,0.0000,0.0000,0.0394,0.0001,200,12.8220
0.0491,0.0002,0.0000,0.0001,0.0487,0.0001,200,12.8138
0.0474,0.0001,0.0000,0.0000,0.0470,0.0001,200,12.8201
0.0357,0.0001,0.0000,0.0000,0.0354,0.0001,200,12.8365
0.0393,0.0001,0.0000,0.0000,0.0390,0.0001,200,12.8350
0.0422,0.0002,0.0000,0.0000,0.0418,0.0001,200,12.8443
0.0363,0.0001,0.0000,0.0000,0.0360,0.0001,200,12.8629
0.0491,0.0002,0.0000,0.0000,0.0488,0.0000,200,12.8502
0.0416,0.0002,0.0000,0.0000,0.0413,0.0001,200,12.8606
0.0349,0.0001,0.0000,0.0000,0.0346,0.0001,200,12.8722
0.0507,0.0001,0.0000,0.0000,0.0504,0.0001,200,12.8616
0.0382,0.0001,0.0000,0.0000,0.0380,0.0001,200,12.8743
0.0515,0.0002,0.0000,0.0001,0.0510,0.0001,200,12.8675
0.0403,0.0002,0.0000,0.0001,0.0400,0.0001,200,12.8865
0.0418,0.0002,0.0000,0.0000,0.0414,0.0001,200,12.8992
0.0429,0.0001,0.0000,0.0000,0.0426,0.0001,200,12.8993
0.0394,0.0002,0.0000,0.0001,0.0390,0.0001,200,12.9072
0.0449,0.0002,0.0000,0.0000,0.0446,0.0001,200,12.9022
0.0429,0.0002,0.0000,0.0000,0.0425,0.0001,200,12.9123
0.0481,0.0001,0.0000,0.0000,0.0478,0.0001,200,12.9126
0.0427,0.0002,0.0000,0.0001,0.0424,0.0001,200,12.9190
0.0402,0.0001,0.0000,0.0001,0.0399,0.0001,200,12.9269
0.0410,0.0001,0.0000,0.0000,0.0407,0.0001,200,12.9422
0.0368,0.0001,0.0000,0.0000,0.0366,0.0001,200,12.9471
0.0438,0.0002,0.0000,0.0001,0.0434,0.0001,200,12.9466
0.0535,0.0002,0.0000,0.0001,0.0531,0.0001,200,12.9410
0.0399,0.0002,0.0000,0.0001,0.0395,0.0001,200,12.9552
0.0380,0.0002,0.0000,0.0000,0.0377,0.0001,200,12.9607
0.0422,0.0001,0.0000,0.0000,0.0420,0.0001,200,12.9617
0.0492,0.0002,0.0000,0.0001,0.0488,0.0001,200,12.9671
0.0403,0.0002,0.0000,0.0001,0.0399,0.0001,200,12.9904
0.0479,0.0001,0.0000,0.0000,0.0477,0.0001,200,12.9839
0.0374,0.0002,0.0000,0.0001,0.0371,0.0000,200,12.9945
0.0515,0.0002,0.0000,0.0001,0.0511,0.0001,200,12.9832
0.0381,0.0001,0.0000,0.0000,0.0379,0.0000,200,12.9987
0.0341,0.0001,0.0000,0.0000,0.0339,0.0000,200,13.0039
0.0513,0.0001,0.0000,0.0000,0.0510,0.0001,200,12.9951
0.0424,0.0001,0.0000,0.0000,0.0421,0.0001,200,13.0163
0.0386,0.0002,0.0000,0.0001,0.0381,0.0001,200,13.0307
0.0383,0.0001,0.0000,0.0000,0.0381,0.0000,200,13.0318
0.0346,0.0001,0.0000,0.0000,0.0344,0.0000,200,13.0368
0.0422,0.0001,0.0000,0.0000,0.0419,0.0001,200,13.0347
0.0389,0.0001,0.0000,0.0000,0.0387,0.0001,200,13.0380
0.0519,0.0001,0.0000,0.0000,0.0516,0.0001,200,13.0318
0.0410,0.0002,0.0000,0.0001,0.0406,0.0001,200,13.0464
0.0396,0.0001,0.0000,0.0000,0.0393,0.0001,200,13.0588
0.0382,0.0002,0.0000,0.0001,0.0378,0.0001,200,13.0693
0.0371,0.0001,0.0000,0.0000,0.0368,0.0000,200,13.0714
0.0371,0.0002,0.0000,0.0001,0.0367,0.0001,200,13.0769
0.0509,0.0001,0.0000,0.0000,0.0506,0.0001,200,13.0701
0.0391,0.0002,0.0000,0.0001,0.0387,0.0001,200,13.0837
0.0471,0.0002,0.0000,0.0000,0.0468,0.0001,200,13.0769
0.0476,0.0002,0.0000,0.0001,0.0472,0.0001,200,13.0874
0.0442,0.0002,0.0000,0.0001,0.0438,0.0001,200,13.0984
0.0417,0.0001,0.0000,0.0000,0.0415,0.0001,200,13.1085
0.0434,0.0002,0.0000,0.0001,0.0431,0.0000,200,13.1075
0.0410,0.0002,0.0000,0.0000,0.0406,0.0001,200,13.1210
0.0480,0.0002,0.0000,0.0001,0.0476,0.0001,200,13.1140
0.0461,0.0001,0.0000,0.0000,0.0458,0.0001,200,13.1240
0.0482,0.0001,0.0000,0.0000,0.0480,0.0000,200,13.1228
0.0375,0.0002,0.0000,0.0001,0.0372,0.0001,200,13.1350
0.0400,0.0002,0.0000,0.0001,0.0395,0.0001,200,13.1426
0.0426,0.0001,0.0000,0.0000,0.0422,0.0001,200,13.1502
0.0356,0.0002,0.0000,0.0000,0.0352,0.0001,200,13.1620
0.0366,0.0002,0.0000,0.0000,0.0363,0.0001,200,13.1620
0.0536,0.0001,0.0000,0.0000,0.0534,0.0001,200,13.1510
0.0368,0.0002,0.0000,0.0001,0.0364,0.0001,200,13.1701
0.0383,0.0001,0.0000,0.0000,0.0381,0.0001,200,13.1725
0.0408,0.0001,0.0000,0.0000,0.0406,0.0001,200,13.1710
0.0435,0.0002,0.0000,0.0000,0.0431,0.0001,200,13.1826
0.0397,0.0002,0.0000,0.0001,0.0393,0.0001,200,13.1976
0.0454,0.0002,0.0000,0.0001,0.0450,0.0000,200,13.1928
0.0483,0.0001,0.0000,0.0000,0.0480,0.0001,200,13.1986
0.0381,0.0001,0.0000,0.0000,0.0378,0.0001,200,13.2109
0.0483,0.0002,0.0000,0.0001,0.0479,0.0001,200,13.2046
0.0419,0.0001,0.0000,0.0000,0.0417,0.0000,200,13.2118
0.0493,0.0001,0.0000,0.0000,0.0490,0.0001,200,13.2069
0.0394,0.0002,0.0000,0.0001,0.0390,0.0001,200,13.2261
0.0381,0.0001,0.0000,0.0000,0.0379,0.0001,200,13.2382
0.0459,0.0001,0.0000,0.0001,0.0456,0.0001,200,13.2373
0.0352,0.0001,0.0000,0.0000,0.0349,0.0001,200,13.2537
0.0445,0.0001,0.0000,0.0000,0.0442,0.0001,200,13.2489
0.0522,0.0002,0.0000,0.0000,0.0518,0.0001,200,13.2470
0.0486,0.0002,0.0000,0.0001,0.0483,0.0001,200,13.2529
0.0377,0.0002,0.0000,0.0000,0.0374,0.0001,200,13.2655
0.0481,0.0001,0.0000,0.0000,0.0478,0.0000,200,13.2561
0.0374,0.0002,0.0000,0.0001,0.0370,0.0001,200,13.2763
0.0412,0.0001,0.0000,0.0001,0.0409,0.0001,200,13.2832
0.0469,0.0002,0.0000,0.0001,0.0465,0.0001,200,13.2889
0.0430,0.0002,0.0000,0.0001,0.0426,0.0001,200,13.2935
0.0369,0.0001,0.0000,0.0000,0.0366,0.0001,200,13.3042
0.0429,0.0002,0.0000,0.0000,0.0426,0.0001,200,13.2992
0.0505,0.0001,0.0000,0.0000,0.0502,0.0001,200,13.3016
0.0495,0.0001,0.0000,0.0000,0.0493,0.0000,200,13.3032
0.0393,0.0002,0.0000,0.0000,0.0390,0.0000,200,13.3137
0.0457,0.0001,0.0000,0.0000,0.0454,0.0001,200,13.3245
0.0390,0.0002,0.0000,0.0001,0.0386,0.0001,200,13.3411
0.0453,0.0002,0.0000,0.0001,0.0450,0.0001,200,13.3358
0.0449,0.0001,0.0000,0.0000,0.0447,0.0000,200,13.3365
0.0460,0.0001,0.0000,0.0000,0.0457,0.0001,200,13.3421
0.0394,0.0002,0.0000,0.0000,0.0390,0.0001,200,13.3520
0.0443,0.0001,0.0000,0.0000,0.0440,0.0001,200,13.3530
0.0464,0.0001,0.0000,0.0000,0.0461,0.0001,200,13.3527
0.0411,0.0001,0.0000,0.0001,0.0407,0.0001,200,13.3702
0.0359,0.0002,0.0000,0.0000,0.0355,0.0001,200,13.3802
0.0447,0.0001,0.0000,0.0000,0.0445,0.0001,200,13.3811
0.0479,0.0001,0.0000,0.0000,0.0477,0.0001,200,13.3814
0.0461,0.0002,0.0000,0.0001,0.0456,0.0001,200,13.3881
0.0395,0.0002,0.0000,0.0000,0.0392,0.0001,200,13.3972
0.0521,0.0002,0.0000,0.0001,0.0516,0.0001,200,13.3914
0.0482,0.0001,0.0000,0.0000,0.0479,0.0001,200,13.3990
0.0382,0.0001,0.0000,0.0001,0.0379,0.0001,200,13.4113
0.0464,0.0002,0.0000,0.0001,0.0460,0.0001,200,13.4160
0.0378,0.0002,0.0000,0.0001,0.0375,0.0001,200,13.4258
0.0403,0.0002,0.0000,0.0001,0.0399,0.0001,200,13.4342
0.0453,0.0002,0.0000,0.0001,0.0449,0.0000,200,13.4294
0.0394,0.0001,0.0000,0.0000,0.0392,0.0000,200,13.4367
0.0372,0.0001,0.0000,0.0000,0.0368,0.0001,200,13.4473
0.0437,0.0001,0.0000,0.0000,0.0434,0.0001,200,13.4495
0.0503,0.0002,0.0000,0.0001,0.0500,0.0001,200,13.4435
0.0391,0.0002,0.0000,0.0001,0.0387,0.0001,200,13.4624
0.0389,0.0001,0.0000,0.0000,0.0387,0.0001,200,13.4637
0.0369,0.0001,0.0000,0.0000,0.0366,0.0001,200,13.4745
0.0389,0.0001,0.0000,0.0000,0.0387,0.0001,200,13.4747
0.0445,0.0001,0.0000,0.0000,0.0442,0.0001,200,13.4761
0.0407,0.0002,0.0000,0.0001,0.0402,0.0001,200,13.4845
0.0450,0.0002,0.0000,0.0001,0.0445,0.0001,200,13.4932
0.0465,0.0001,0.0000,0.0000,0.0462,0.0001,200,13.4938
0.0405,0.0002,0.0000,0.0001,0.0401,0.0001,200,13.5015
0.0407,0.0001,0.0000,0.0000,0.0405,0.0001,200,13.5026
0.0404,0.0001,0.0000,0.0000,0.0401,0.0001,200,13.5114
0.0387,0.0001,0.0000,0.0000,0.0385,0.0000,200,13.5135
0.0396,0.0002,0.0000,0.0000,0.0392,0.0001,200,13.5252
0.0529,0.0002,0.0000,0.0001,0.0524,0.0001,200,13.5206
0.0374,0.0001,0.0000,0.0000,0.0371,0.0001,200,13.5433
0.0404,0.0001,0.0000,0.0000,0.0402,0.0000,200,13.5403
0.0438,0.0002,0.0000,0.0001,0.0435,0.0001,200,13.5381
0.0423,0.0001,0.0000,0.0000,0.0420,0.0001,200,13.5420
0.0459,0.0001,0.0000,0.0000,0.0456,0.0001,200,13.5518
0.0477,0.0001,0.0000,0.0000,0.0474,0.0001,200,13.5523
0.0445,0.0002,0.0000,0.0001,0.0440,0.0001,200,13.5648
0.0433,0.0002,0.0000,0.0001,0.0428,0.0001,200,13.5735
0.0384,0.0001,0.0000,0.0000,0.0381,0.0001,200,13.5843
0.0450,0.0002,0.0000,0.0000,0.0447,0.0001,200,13.5808
0.0471,0.0002,0.0000,0.0000,0.0467,0.0001,200,13.5807
0.0463,0.0001,0.0000,0.0000,0.0461,0.0000,200,13.5819
0.0355,0.0001,0.0000,0.0001,0.0352,0.0001,200,13.6000
0.0448,0.0001,0.0000,0.0000,0.0445,0.0001,200,13.5978
0.0406,0.0002,0.0000,0.0001,0.0402,0.0001,200,13.6092
0.0411,0.0002,0.0000,0.0001,0.0407,0.0001,200,13.6168
0.0404,0.0001,0.0000,0.0000,0.0401,0.0001,200,13.6278
0.0433,0.0001,0.0000,0.0000,0.0430,0.0001,200,13.6258
0.0476,0.0002,0.0000,0.0001,0.0472,0.0001,200,13.6228
0.0382,0.0002,0.0000,0.0001,0.0378,0.0001,200,13.6355
0.0474,0.0001,0.0000,0.0000,0.0471,0.0001,200,13.6283
0.0478,0.0002,0.0000,0.0001,0.0474,0.0001,200,13.6426
0.0464,0.0002,0.0000,0.0001,0.0459,0.0001,200,13.6499
0.0448,0.0001,0.0000,0.0000,0.0445,0.0001,200,13.6579
0.0376,0.0001,0.0000,0.0000,0.0373,0.0001,200,13.6737
0.0426,0.0001,0.0000,0.0001,0.0424,0.0001,200,13.6703
0.0448,0.0001,0.0000,0.0000,0.0446,0.0000,200,13.6691
0.0400,0.0001,0.0000,0.0000,0.0397,0.0001,200,13.6756
0.0511,0.0002,0.0000,0.0000,0.0507,0.0001,200,13.6682
0.0349,0.0002,0.0000,0.0000,0.0346,0.0001,200,13.6904
0.0372,0.0001,0.0000,0.0000,0.0369,0.0001,200,13.7027
0.0440,0.0002,0.0000,0.0001,0.0437,0.0000,200,13.6962
0.0346,0.0001,0.0000,0.0000,0.0343,0.0001,200,13.7156
0.0461,0.0002,0.0000,0.0000,0.0457,0.0001,200,13.7113
0.0399,0.0002,0.0000,0.0001,0.0395,0.0001,200,13.7193
0.0478,0.0001,0.0000,0.0000,0.0475,0.0001,200,13.7130
0.0479,0.0001,0.0000,0.0000,0.0477,0.0000,200,13.7139
0.0498,0.0002,0.0000,0.0001,0.0494,0.0001,200,13.7253
0.0398,0.0002,0.0000,0.0000,0.0395,0.0001,200,13.7399
0.0463,0.0001,0.0000,0.0000,0.0461,0.0001,200,13.7403
0.0378,0.0002,0.0000,0.0001,0.0375,0.0001,200,13.7502
0.0348,0.0002,0.0000,0.0001,0.0344,0.0001,200,13.7574
0.0386,0.0001,0.0000,0.0000,0.0384,0.0001,200,13.7618
0.0462,0.0001,0.0000,0.0000,0.0459,0.0001,200,13.7593
0.0483,0.0001,0.0000,0.0000,0.0481,0.0001,200,13.7607
0.0381,0.0002,0.0000,0.0001,0.0378,0.0001,200,13.7751
0.0417,0.0002,0.0000,0.0001,0.0413,0.0001,200,13.7797
0.0370,0.0002,0.0000,0.0001,0.0367,0.0001,200,13.7866
0.0376,0.0002,0.0000,0.0001,0.0371,0.0001,200,13.8004
0.0471,0.0002,0.0000,0.0001,0.0467,0.0001,200,13.7922
0.0514,0.0001,0.0000,0.0000,0.0511,0.0000,200,13.7880
0.0383,0.0002,0.0000,0.0001,0.0379,0.0001,200,13.8054
0.0450,0.0002,0.0000,0.0000,0.0446,0.0001,200,13.8091
0.0440,0.0002,0.0000,0.0000,0.0436,0.0001,200,13.8132
0.0416,0.0002,0.0000,0.0001,0.0412,0.0001,200,13.8215
0.0450,0.0001,0.0000,0.0000,0.0447,0.0001,200,13.8237
0.0375,0.0002,0.0000,0.0001,0.0371,0.0002,200,13.8380
0.0416,0.0001,0.0000,0.0000,0.0414,0.0001,200,13.8393
0.0377,0.0002,0.0000,0.0001,0.0373,0.0001,200,13.8437
0.0439,0.0001,0.0000,0.0000,0.0437,0.0001,200,13.8394
0.0436,0.0002,0.0000,0.0001,0.0431,0.0001,200,13.8541
0.0434,0.0002,0.0000,0.0000,0.0431,0.0001,200,13.8631
0.0379,0.0002,0.0000,0.0000,0.0375,0.0001,200,13.8687
0.0495,0.0002,0.0000,0.0001,0.0492,0.0000,200,13.8572
0.0445,0.0002,0.0000,0.0001,0.0440,0.0001,200,13.8755
0.0418,0.0001,0.0000,0.0000,0.0416,0.0001,200,13.8814
0.0494,0.0002,0.0000,0.0001,0.0490,0.0001,200,13.8810
0.0473,0.0001,0.0000,0.0000,0.0471,0.0001,200,13.8833
0.0468,0.0002,0.0000,0.0000,0.0464,0.0001,200,13.8977
0.0380,0.0001,0.0000,0.0000,0.0378,0.0000,200,13.9065
0.0475,0.0001,0.0000,0.0000,0.0472,0.0001,200,13.9065
0.0473,0.0001,0.0000,0.0000,0.0471,0.0001,200,13.9067
0.0463,0.0002,0.0000,0.0001,0.0458,0.0001,200,13.9200
0.0485,0.0002,0.0000,0.0001,0.0481,0.0001,200,13.9233
0.0412,0.0001,0.0000,0.0000,0.0410,0.0001,200,13.9306
0.0421,0.0002,0.0000,0.0001,0.0418,0.0000,200,13.9304
0.0367,0.0002,0.0000,0.0001,0.0364,0.0001,200,13.9445
0.0387,0.0002,0.0000,0.0000,0.0384,0.0001,200,13.9540
0.0482,0.0002,0.0000,0.0001,0.0478,0.0001,200,13.9445
0.0419,0.0001,0.0000,0.0000,0.0416,0.0001,200,13.9540
0.0393,0.0001,0.0000,0.0000,0.0390,0.0001,200,13.9718
0.0389,0.0001,0.0000,0.0000,0.0387,0.0000,200,13.9726
0.0406,0.0001,0.0000,0.0000,0.0404,0.0001,200,13.9718
0.0468,0.0002,0.0000,0.0001,0.0464,0.0001,200,13.9663
0.0533,0.0002,0.0000,0.0001,0.0529,0.0001,200,13.9813
0.0387,0.0001,0.0000,0.0001,0.0384,0.0001,200,13.9959
0.0475,0.0002,0.0000,0.0000,0.0471,0.0001,200,13.9927
0.0476,0.0002,0.0000,0.0000,0.0473,0.0000,200,13.9928
0.0372,0.0001,0.0000,0.0000,0.0370,0.0001,200,14.0124
0.0397,0.0001,0.0000,0.0000,0.0395,0.0001,200,14.0131
0.0431,0.0001,0.0000,0.0001,0.0428,0.0000,200,14.0111
0.0430,0.0001,0.0000,0.0000,0.0429,0.0000,200,14.0115
0.0366,0.0002,0.0000,0.0000,0.0362,0.0001,200,14.0346
0.0409,0.0002,0.0000,0.0000,0.0405,0.0001,200,14.0346
0.0404,0.0002,0.0000,0.0000,0.0400,0.0001,200,14.0402
0.0377,0.0002,0.0000,0.0001,0.0373,0.0001,200,14.0497
0.0380,0.0001,0.0000,0.0000,0.0377,0.0001,200,14.0542
0.0529,0.0001,0.0000,0.0000,0.0527,0.0001,200,14.0403
0.0443,0.0002,0.0000,0.0000,0.0440,0.0001,200,14.0528
0.0428,0.0001,0.0000,0.0000,0.0426,0.0001,200,14.0545
0.0366,0.0001,0.0000,0.0000,0.0363,0.0001,200,14.0712
0.0401,0.0001,0.0000,0.0001,0.0397,0.0001,200,14.0755
0.0470,0.0002,0.0000,0.0000,0.0467,0.0001,200,14.0806
0.0403,0.0003,0.0000,0.0001,0.0398,0.0000,200,14.0874
0.0471,0.0001,0.0000,0.0000,0.0468,0.0001,200,14.0933
0.0439,0.0002,0.0000,0.0001,0.0436,0.0001,200,14.0972
0.0504,0.0002,0.0000,0.0001,0.0500,0.0001,200,14.0922
0.0474,0.0001,0.0000,0.0000,0.0472,0.0001,200,14.0973
0.0347,0.0002,0.0000,0.0000,0.0343,0.0001,200,14.1155
0.0495,0.0002,0.0000,0.0001,0.0491,0.0001,200,14.1078
0.0434,0.0001,0.0000,0.0000,0.0430,0.0001,200,14.1277
0.0503,0.0001,0.0000,0.0000,0.0499,0.0001,200,14.1277
0.0340,0.0001,0.0000,0.0000,0.0337,0.0001,200,14.1447
0.0392,0.0002,0.0000,0.0001,0.0388,0.0001,200,14.1404
0.0397,0.0001,0.0000,0.0000,0.0395,0.0001,200,14.1411
0.0389,0.0002,0.0000,0.0000,0.0385,0.0001,200,14.1502
0.0466,0.0001,0.0000,0.0000,0.0464,0.0001,200,14.1426
0.0375,0.0002,0.0000,0.0001,0.0371,0.0001,200,14.1573
0.0381,0.0002,0.0000,0.0001,0.0376,0.0001,200,14.1711
0.0385,0.0001,0.0000,0.0000,0.0382,0.0001,200,14.1808
0.0406,0.0001,0.0000,0.0000,0.0404,0.0001,200,14.1787
0.0413,0.0001,0.0000,0.0000,0.0411,0.0001,200,14.1796
0.0451,0.0002,0.0000,0.0001,0.0447,0.0001,200,14.1780
0.0382,0.0002,0.0000,0.0001,0.0378,0.0001,200,14.1948
0.0526,0.0002,0.0000,0.0000,0.0522,0.0001,200,14.1892
0.0528,0.0001,0.0000,0.0000,0.0525,0.0000,200,14.1892
0.0425,0.0002,0.0000,0.0001,0.0421,0.0001,200,14.2092
0.0365,0.0001,0.0000,0.0000,0.0362,0.0001,200,14.2193
0.0370,0.0001,0.0000,0.0000,0.0367,0.0001,200,14.2193
0.0399,0.0001,0.0000,0.0000,0.0397,0.0001,200,14.2231
0.0401,0.0002,0.0000,0.0001,0.0397,0.0001,200,14.2331
0.0530,0.0001,0.0000,0.0000,0.0528,0.0000,200,14.2209
0.0490,0.0002,0.0000,0.0001,0.0486,0.0001,200,14.2417
0.0488,0.0001,0.0000,0.0000,0.0486,0.0001,200,14.2420
0.0352,0.0001,0.0000,0.0000,0.0350,0.0000,200,14.2563
0.0422,0.0002,0.0000,0.0000,0.0418,0.0001,200,14.2517
0.0392,0.0002,0.0000,0.0000,0.0388,0.0001,200,14.2558
0.0397,0.0002,0.0000,0.0001,0.0393,0.0001,200,14.2630
0.0414,0.0001,0.0000,0.0000,0.0410,0.0001,200,14.2732
0.0412,0.0001,0.0000,0.0000,0.0411,0.0000,200,14.2739
0.0355,0.0001,0.0000,0.0000,0.0351,0.0001,200,14.2949
0.0392,0.0001,0.0000,0.0000,0.0390,0.0001,200,14.2915
0.0419,0.0001,0.0000,0.0001,0.0416,0.0001,200,14.2939
0.0490,0.0002,0.0000,0.0000,0.0486,0.0001,200,14.2908
0.0522,0.0002,0.0000,0.0000,0.0518,0.0001,200,14.2908
0.0435,0.0002,0.0000,0.0001,0.0432,0.0001,200,14.3027
0.0372,0.0002,0.0000,0.0000,0.0369,0.0001,200,14.3146
0.0523,0.0001,0.0000,0.0000,0.0520,0.0001,200,14.3151
0.0391,0.0002,0.0000,0.0001,0.0387,0.0001,200,14.3304
0.0392,0.0002,0.0000,0.0000,0.0388,0.0001,200,14.3359
0.0444,0.0001,0.0000,0.0000,0.0442,0.0001,200,14.3307
0.0396,0.0002,0.0000,0.0001,0.0392,0.0001,200,14.3398
0.0458,0.0002,0.0000,0.0001,0.0454,0.0001,200,14.3430
0.0439,0.0002,0.0000,0.0001,0.0435,0.0001,200,14.3518
0.0514,0.0002,0.0000,0.0001,0.0510,0.0001,200,14.3463
0.0352,0.0001,0.0000,0.0000,0.0349,0.0001,200,14.3751
0.0429,0.0002,0.0000,0.0001,0.0426,0.0001,200,14.3674
0.0436,0.0001,0.0000,0.0000,0.0433,0.0001,200,14.3695
0.0360,0.0001,0.0000,0.0000,0.0358,0.0001,200,14.3793
0.0478,0.0002,0.0000,0.0000,0.0475,0.0001,200,14.3751
0.0421,0.0002,0.0000,0.0001,0.0417,0.0001,200,14.3888
0.0393,0.0001,0.0000,0.0000,0.0391,0.0001,200,14.3977
0.0428,0.0001,0.0000,0.0000,0.0425,0.0000,200,14.3957
0.0377,0.0002,0.0000,0.0001,0.0373,0.0001,200,14.4103
0.0433,0.0002,0.0000,0.0000,0.0428,0.0001,200,14.4132
0.0448,0.0001,0.0000,0.0000,0.0445,0.0001,200,14.4154
0.0511,0.0002,0.0000,0.0001,0.0507,0.0000,200,14.4104
0.0413,0.0002,0.0000,0.0001,0.0409,0.0001,200,14.4229
0.0418,0.0002,0.0000,0.0001,0.0413,0.0001,200,14.4309
0.0358,0.0001,0.0000,0.0000,0.0355,0.0001,200,14.4370
0.0380,0.0001,0.0000,0.0000,0.0378,0.0001,200,14.4385
0.0426,0.0002,0.0000,0.0001,0.0422,0.0001,200,14.4480
0.0456,0.0002,0.0000,0.0001,0.0451,0.0001,200,14.4564
0.0466,0.0001,0.0000,0.0000,0.0463,0.0001,200,14.4602
0.0463,0.0001,0.0000,0.0000,0.0461,0.0001,200,14.4614
0.0347,0.0002,0.0000,0.0000,0.0344,0.0001,200,14.4766
0.0389,0.0002,0.0000,0.0000,0.0385,0.0000,200,14.4727
0.0478,0.0002,0.0000,0.0001,0.0475,0.0000,200,14.4642
0.0530,0.0002,0.0000,0.0000,0.0526,0.0001,200,14.4728
0.0363,0.0001,0.0000,0.0001,0.0360,0.0000,200,14.4906
0.0365,0.0001,0.0000,0.0000,0.0361,0.0001,200,14.5112
0.0405,0.0001,0.0000,0.0000,0.0402,0.0000,200,14.5078
0.0488,0.0002,0.0000,0.0001,0.0484,0.0001,200,14.5020
0.0473,0.0002,0.0000,0.0001,0.0469,0.0001,200,14.5068
0.0467,0.0001,0.0000,0.0000,0.0465,0.0001,200,14.5116
0.0482,0.0001,0.0000,0.0000,0.0480,0.0001,200,14.5120
0.0389,0.0001,0.0000,0.0000,0.0386,0.0001,200,14.5269
0.0427,0.0002,0.0000,0.0000,0.0424,0.0001,200,14.5258
0.0360,0.0002,0.0000,0.0001,0.0357,0.0001,200,14.5477
0.0353,0.0001,0.0000,0.0000,0.0350,0.0001,200,14.5541
0.0351,0.0002,0.0000,0.0001,0.0347,0.0001,200,14.5583
0.0464,0.0002,0.0000,0.0001,0.0460,0.0001,200,14.5508
0.0516,0.0001,0.0000,0.0000,0.0513,0.0001,200,14.5482
0.0408,0.0002,0.0000,0.0001,0.0404,0.0001,200,14.5658
0.0392,0.0002,0.0000,0.0001,0.0389,0.0001,200,14.5685
0.0483,0.0001,0.0000,0.0000,0.0480,0.0001,200,14.5603
0.0389,0.0002,0.0000,0.0000,0.0385,0.0001,200,14.5838
0.0359,0.0002,0.0000,0.0001,0.0355,0.0001,200,14.5894
0.0415,0.0001,0.0000,0.0001,0.0412,0.0001,200,14.5935
0.0388,0.0001,0.0000,0.0000,0.0385,0.0001,200,14.6077
0.0496,0.0002,0.0000,0.0001,0.0492,0.0000,200,14.5973
0.0403,0.0002,0.0000,0.0000,0.0400,0.0000,200,14.6066
0.0479,0.0002,0.0000,0.0000,0.0476,0.0000,200,14.5998
0.0490,0.0001,0.0000,0.0000,0.0488,0.0001,200,14.6086
0.0415,0.0001,0.0000,0.0000,0.0411,0.0001,200,14.6253
0.0364,0.0001,0.0000,0.0000,0.0361,0.0001,200,14.6350
0.0489,0.0002,0.0000,0.0001,0.0486,0.0000,200,14.6226
0.0387,0.0001,0.0000,0.0000,0.0385,0.0001,200,14.6470
0.0394,0.0001,0.0000,0.0000,0.0392,0.0000,200,14.6468
0.0416,0.0001,0.0000,0.0000,0.0413,0.0001,200,14.6465
0.0359,0.0002,0.0000,0.0001,0.0355,0.0001,200,14.6576
0.0521,0.0001,0.0000,0.0000,0.0519,0.0001,200,14.6477
0.0401,0.0002,0.0000,0.0001,0.0396,0.0001,200,14.6668
0.0396,0.0001,0.0000,0.0000,0.0393,0.0001,200,14.6714
0.0412,0.0001,0.0000,0.0000,0.0410,0.0001,200,14.6715
0.0407,0.0001,0.0000,0.0000,0.0405,0.0001,200,14.6863
0.0428,0.0001,0.0000,0.0000,0.0425,0.0001,200,14.6880
0.0378,0.0002,0.0000,0.0001,0.0375,0.0000,200,14.6935
0.0460,0.0002,0.0000,0.0001,0.0456,0.0000,200,14.6857
0.0470,0.0002,0.0000,0.0001,0.0466,0.0001,200,14.6998
0.0414,0.0002,0.0000,0.0001,0.0411,0.0001,200,14.7068
0.0389,0.0001,0.0000,0.0000,0.0386,0.0001,200,14.7127
0.0529,0.0001,0.0000,0.0000,0.0525,0.0002,200,14.7110
0.0440,0.0003,0.0000,0.0001,0.0435,0.0001,200,14.7270
0.0397,0.0001,0.0000,0.0000,0.0395,0.0001,200,14.7314
0.0410,0.0002,0.0000,0.0000,0.0408,0.0000,200,14.7309
0.0430,0.0001,0.0000,0.0000,0.0428,0.0001,200,14.7316
0.0358,0.0002,0.0000,0.0001,0.0353,0.0001,200,14.7468
0.0440,0.0001,0.0000,0.0000,0.0437,0.0001,200,14.7483
0.0438,0.0001,0.0000,0.0000,0.0435,0.0001,200,14.7515
0.0374,0.0001,0.0000,0.0000,0.0371,0.0002,200,14.7719
0.0488,0.0002,0.0000,0.0001,0.0483,0.0001,200,14.7640
0.0382,0.0001,0.0000,0.0000,0.0380,0.0000,200,14.7747
0.0426,0.0002,0.0000,0.0000,0.0423,0.0001,200,14.7711
0.0462,0.0002,0.0000,0.0000,0.0459,0.0001,200,14.7710
0.0447,0.0002,0.0000,0.0000,0.0444,0.0001,200,14.7825
0.0387,0.0002,0.0000,0.0001,0.0383,0.0001,200,14.7923
0.0482,0.0001,0.0000,0.0000,0.0479,0.0001,200,14.7954
0.0363,0.0002,0.0000,0.0001,0.0359,0.0001,200,14.8094
0.0409,0.0001,0.0000,0.0000,0.0407,0.0001,200,14.8129
0.0378,0.0001,0.0000,0.0000,0.0375,0.0001,200,14.8173
0.0434,0.0001,0.0000,0.0000,0.0432,0.0001,200,14.8137
0.0446,0.0002,0.0000,0.0000,0.0443,0.0000,200,14.8127
0.0412,0.0002,0.0000,0.0001,0.0408,0.0001,200,14.8273
0.0419,0.0001,0.0000,0.0000,0.0416,0.0001,200,14.8310
0.0344,0.0001,0.0000,0.0000,0.0342,0.0001,200,14.8551
0.0503,0.0001,0.0000,0.0001,0.0500,0.0001,200,14.8457
0.0529,0.0002,0.0000,0.0001,0.0525,0.0000,200,14.8436
0.0484,0.0002,0.0000,0.0001,0.0480,0.0001,200,14.8539
0.0466,0.0001,0.0000,0.0000,0.0464,0.0001,200,14.8573
0.0377,0.0002,0.0000,0.0001,0.0374,0.0001,200,14.8685
0.0524,0.0001,0.0000,0.0000,0.0521,0.0001,200,14.8571
0.0416,0.0001,0.0000,0.0001,0.0412,0.0001,200,14.8729
0.0399,0.0002,0.0000,0.0000,0.0395,0.0001,200,14.8895
0.0385,0.0002,0.0000,0.0001,0.0381,0.0001,200,14.8960
0.0423,0.0001,0.0000,0.0000,0.0421,0.0001,200,14.8964
0.0355,0.0001,0.0000,0.0000,0.0353,0.0001,200,14.9062
0.0448,0.0001,0.0000,0.0000,0.0445,0.0001,200,14.9040
0.0421,0.0001,0.0000,0.0000,0.0418,0.0001,200,14.9095
0.0391,0.0001,0.0000,0.0001,0.0388,0.0001,200,14.9145
0.0543,0.0002,0.0000,0.0001,0.0539,0.0001,200,14.9023
0.0412,0.0002,0.0000,0.0001,0.0408,0.0001,200,14.9294
0.0437,0.0002,0.0000,0.0000,0.0433,0.0001,200,14.9345
0.0375,0.0002,0.0000,0.0001,0.0372,0.0001,200,14.9418
0.0424,0.0002,0.0000,0.0001,0.0421,0.0001,200,14.9388
0.0376,0.0002,0.0000,0.0001,0.0371,0.0001,200,14.9488
0.0428,0.0002,0.0000,0.0000,0.0424,0.0002,200,14.9516
0.0379,0.0002,0.0000,0.0000,0.0376,0.0001,200,14.9565
0.0467,0.0001,0.0000,0.0000,0.0464,0.0001,200,14.9535
0.0409,0.0002,0.0000,0.0001,0.0405,0.0001,200,14.9706
0.0390,0.0001,0.0000,0.0000,0.0387,0.0001,200,14.9812
0.0482,0.0001,0.0000,0.0000,0.0479,0.0001,200,14.9793
0.0510,0.0002,0.0000,0.0000,0.0507,0.0001,200,14.9782
0.0362,0.0002,0.0000,0.0000,0.0359,0.0001,200,14.9944
0.0366,0.0002,0.0000,0.0000,0.0363,0.0001,200,14.9944
0.0386,0.0002,0.0000,0.0001,0.0382,0.0001,200,15.0003
0.0552,0.0002,0.0000,0.0001,0.0548,0.0001,200,14.9864
0.0425,0.0002,0.0000,0.0000,0.0422,0.0001,200,15.0115
0.0451,0.0002,0.0000,0.0000,0.0447,0.0001,200,15.0202
0.0374,0.0001,0.0000,0.0000,0.0371,0.0001,200,15.0310
0.0434,0.0002,0.0000,0.0001,0.0430,0.0001,200,15.0275
0.0453,0.0001,0.0000,0.0000,0.0450,0.0001,200,15.0292
0.0438,0.0002,0.0000,0.0001,0.0435,0.0001,200,15.0307
0.0394,0.0002,0.0000,0.0001,0.0391,0.0001,200,15.0416
0.0428,0.0002,0.0000,0.0001,0.0425,0.0000,200,15.0389
0.0469,0.0001,0.0000,0.0000,0.0466,0.0001,200,15.0540
0.0377,0.0002,0.0000,0.0001,0.0373,0.0001,200,15.0685
0.0367,0.0002,0.0000,0.0001,0.0364,0.0001,200,15.0709
0.0344,0.0002,0.0000,0.0001,0.0340,0.0001,200,15.0745
0.0493,0.0002,0.0000,0.0001,0.0488,0.0001,200,15.0653
0.0375,0.0002,0.0000,0.0000,0.0372,0.0001,200,15.0810
0.0468,0.0001,0.0000,0.0000,0.0465,0.0001,200,15.0817
0.0544,0.0002,0.0000,0.0001,0.0540,0.0000,200,15.0745
0.0377,0.0002,0.0000,0.0001,0.0372,0.0001,200,15.1010
0.0372,0.0002,0.0000,0.0000,0.0369,0.0001,200,15.1061
0.0370,0.0001,0.0000,0.0000,0.0367,0.0001,200,15.1076
0.0371,0.0002,0.0000,0.0000,0.0368,0.0001,200,15.1146
0.0453,0.0001,0.0000,0.0000,0.0451,0.0001,200,15.1089
0.0492,0.0002,0.0000,0.0001,0.0488,0.0001,200,15.1185
0.0434,0.0001,0.0000,0.0000,0.0431,0.0001,200,15.1288
0.0366,0.0001,0.0000,0.0000,0.0363,0.0001,200,15.1433
0.0516,0.0002,0.0000,0.0000,0.0513,0.0000,200,15.1285
0.0418,0.0002,0.0000,0.0001,0.0414,0.0000,200,15.1386
0.0445,0.0001,0.0000,0.0000,0.0442,0.0001,200,15.1446
0.0380,0.0002,0.0000,0.0001,0.0377,0.0000,200,15.1517
0.0484,0.0001,0.0000,0.0000,0.0481,0.0001,200,15.1542
0.0398,0.0002,0.0000,0.0001,0.0394,0.0001,200,15.1677
0.0457,0.0002,0.0000,0.0001,0.0452,0.0001,200,15.1722
0.0381,0.0002,0.0000,0.0000,0.0378,0.0001,200,15.1799
0.0374,0.0001,0.0000,0.0001,0.0371,0.0001,200,15.1891
0.0368,0.0001,0.0000,0.0000,0.0366,0.0001,200,15.1897
0.0462,0.0001,0.0000,0.0000,0.0460,0.0000,200,15.1804
0.0521,0.0001,0.0000,0.0000,0.0518,0.0001,200,15.1802
0.0433,0.0002,0.0000,0.0001,0.0429,0.0001,200,15.2026
0.0474,0.0002,0.0000,0.0001,0.0470,0.0001,200,15.2075
0.0378,0.0001,0.0000,0.0001,0.0376,0.0000,200,15.2180
0.0467,0.0002,0.0000,0.0000,0.0463,0.0001,200,15.2179
0.0420,0.0001,0.0000,0.0000,0.0418,0.0001,200,15.2266
0.0435,0.0002,0.0000,0.0000,0.0433,0.0000,200,15.2265
0.0441,0.0002,0.0000,0.0000,0.0438,0.0000,200,15.2265
0.0395,0.0002,0.0000,0.0001,0.0391,0.0001,200,15.2323
0.0389,0.0002,0.0000,0.0000,0.0385,0.0001,200,15.2549
0.0479,0.0002,0.0000,0.0001,0.0475,0.0000,200,15.2459
0.0390,0.0001,0.0000,0.0000,0.0389,0.0000,200,15.2559
0.0381,0.0001,0.0000,0.0000,0.0378,0.0001,200,15.2706
0.0406,0.0002,0.0000,0.0001,0.0403,0.0001,200,15.2686
0.0458,0.0002,0.0000,0.0001,0.0454,0.0001,200,15.2647
0.0425,0.0001,0.0000,0.0000,0.0422,0.0001,200,15.2717
0.0475,0.0001,0.0000,0.0000,0.0472,0.0001,200,15.2701
0.0372,0.0001,0.0000,0.0000,0.0369,0.0001,200,15.2938
0.0447,0.0001,0.0000,0.0000,0.0444,0.0001,200,15.2938
0.0459,0.0001,0.0000,0.0000,0.0457,0.0001,200,15.2949
0.0399,0.0002,0.0000,0.0001,0.0395,0.0001,200,15.3087
0.0392,0.0002,0.0000,0.0001,0.0387,0.0001,200,15.3142
0.0453,0.0001,0.0000,0.0000,0.0451,0.0001,200,15.3093
0.0424,0.0001,0.0000,0.0000,0.0421,0.0001,200,15.3175
0.0521,0.0001,0.0000,0.0000,0.0518,0.0001,200,15.3105
0.0454,0.0002,0.0000,0.0001,0.0450,0.0001,200,15.3310
0.0385,0.0001,0.0000,0.0000,0.0382,0.0001,200,15.3385
0.0364,0.0001,0.0000,0.0000,0.0361,0.0000,200,15.3408
0.0446,0.0002,0.0000,0.0001,0.0442,0.0002,200,15.3486
0.0405,0.0002,0.0000,0.0001,0.0401,0.0001,200,15.3534
0.0370,0.0002,0.0000,0.0000,0.0366,0.0001,200,15.3599
0.0404,0.0001,0.0000,0.0000,0.0401,0.0001,200,15.3626
0.0485,0.0001,0.0000,0.0000,0.0483,0.0001,200,15.3546
0.0408,0.0001,0.0000,0.0000,0.0405,0.0001,200,15.3772
0.0442,0.0001,0.0000,0.0000,0.0440,0.0001,200,15.3770
0.0465,0.0002,0.0000,0.0001,0.0461,0.0000,200,15.3764
0.0427,0.0002,0.0000,0.0001,0.0422,0.0002,200,15.3932
0.0370,0.0001,0.0000,0.0000,0.0368,0.0001,200,15.4032
0.0441,0.0002,0.0000,0.0001,0.0438,0.0001,200,15.3969
0.0389,0.0002,0.0000,0.0000,0.0386,0.0000,200,15.4030
0.0524,0.0001,0.0000,0.0000,0.0522,0.0001,200,15.3939
0.0368,0.0002,0.0000,0.0001,0.0364,0.0001,200,15.4180
0.0396,0.0001,0.0000,0.0000,0.0393,0.0001,200,15.4212
0.0482,0.0001,0.0000,0.0000,0.0480,0.0001,200,15.4229
0.0357,0.0003,0.0000,0.0001,0.0353,0.0000,200,15.4360
0.0411,0.0002,0.0000,0.0000,0.0407,0.0001,200,15.4401
0.0462,0.0001,0.0000,0.0000,0.0459,0.0001,200,15.4410
0.0465,0.0001,0.0000,0.0000,0.0463,0.0000,200,15.4419
0.0421,0.0002,0.0000,0.0000,0.0418,0.0000,200,15.4464
0.0395,0.0002,0.0000,0.0001,0.0391,0.0001,200,15.4548
0.0387,0.0002,0.0000,0.0001,0.0383,0.0001,200,15.4608
0.0424,0.0001,0.0000,0.0000,0.0422,0.0001,200,15.4717
0.0479,0.0002,0.0000,0.0000,0.0475,0.0001,200,15.4711
0.0385,0.0001,0.0000,0.0000,0.0383,0.0001,200,15.4885
0.0386,0.0001,0.0000,0.0000,0.0383,0.0001,200,15.4884
0.0416,0.0002,0.0000,0.0001,0.0413,0.0001,200,15.4872
0.0556,0.0003,0.0000,0.0001,0.0551,0.0001,200,15.4813
0.0386,0.0002,0.0000,0.0001,0.0383,0.0000,200,15.4995
0.0468,0.0002,0.0000,0.0001,0.0464,0.0001,200,15.4943
0.0402,0.0002,0.0000,0.0001,0.0399,0.0001,200,15.5190
0.0483,0.0002,0.0000,0.0000,0.0480,0.0001,200,15.5142
0.0396,0.0001,0.0000,0.0000,0.0393,0.0001,200,15.5288
0.0356,0.0001,0.0000,0.0000,0.0353,0.0001,200,15.5382
0.0353,0.0002,0.0000,0.0001,0.0350,0.0001,200,15.5412
0.0512,0.0002,0.0000,0.0000,0.0509,0.0001,200,15.5269
0.0518,0.0002,0.0000,0.0000,0.0515,0.0000,200,15.5270
0.0509,0.0001,0.0000,0.0000,0.0506,0.0001,200,15.5368
0.0376,0.0001,0.0000,0.0000,0.0373,0.0001,200,15.5592
0.0388,0.0002,0.0000,0.0000,0.0385,0.0001,200,15.5625
0.0349,0.0001,0.0000,0.0000,0.0347,0.0001,200,15.5765
0.0441,0.0002,0.0000,0.0001,0.0437,0.0000,200,15.5684
0.0449,0.0001,0.0000,0.0000,0.0445,0.0001,200,15.5738
0.0476,0.0001,0.0000,0.0000,0.0473,0.0001,200,15.5781
0.0413,0.0002,0.0000,0.0001,0.0409,0.0001,200,15.5877
0.0541,0.0001,0.0000,0.0000,0.0539,0.0001,200,15.5787
0.0377,0.0002,0.0000,0.0000,0.0374,0.0001,200,15.5969
0.0449,0.0001,0.0000,0.0000,0.0446,0.0001,200,15.6012
0.0359,0.0002,0.0000,0.0000,0.0355,0.0001,200,15.6114
0.0438,0.0001,0.0000,0.0000,0.0435,0.0002,200,15.6125
0.0419,0.0002,0.0000,0.0000,0.0414,0.0002,200,15.6186
0.0378,0.0002,0.0000,0.0001,0.0374,0.0001,200,15.6290
0.0418,0.0002,0.0000,0.0001,0.0414,0.0001,200,15.6258
0.0379,0.0001,0.0000,0.0001,0.0376,0.0001,200,15.6328
0.0456,0.0001,0.0000,0.0000,0.0453,0.0001,200,15.6346
0.0386,0.0001,0.0000,0.0000,0.0383,0.0001,200,15.6473
0.0405,0.0002,0.0000,0.0000,0.0403,0.0000,200,15.6461
0.0436,0.0003,0.0000,0.0001,0.0431,0.0001,200,15.6605
0.0490,0.0002,0.0000,0.0001,0.0486,0.0000,200,15.6563
0.0447,0.0002,0.0000,0.0001,0.0443,0.0001,200,15.6669
0.0444,0.0002,0.0000,0.0001,0.0439,0.0001,200,15.6707
0.0396,0.0002,0.0000,0.0001,0.0392,0.0001,200,15.6802
0.0545,0.0001,0.0000,0.0000,0.0543,0.0001,200,15.6675
0.0376,0.0002,0.0000,0.0000,0.0373,0.0001,200,15.6859
0.0435,0.0001,0.0000,0.0000,0.0432,0.0001,200,15.6867
0.0413,0.0001,0.0000,0.0000,0.0410,0.0001,200,15.7053
0.0429,0.0002,0.0000,0.0000,0.0426,0.0000,200,15.7041
0.0446,0.0002,0.0000,0.0001,0.0442,0.0001,200,15.7151
0.0388,0.0001,0.0000,0.0000,0.0385,0.0000,200,15.7220
0.0509,0.0002,0.0000,0.0001,0.0505,0.0001,200,15.7116
0.0402,0.0001,0.0000,0.0000,0.0399,0.0001,200,15.7235
0.0365,0.0002,0.0000,0.0000,0.0361,0.0001,200,15.7302
0.0541,0.0002,0.0000,0.0001,0.0536,0.0001,200,15.7198
0.0421,0.0001,0.0000,0.0000,0.0419,0.0001,200,15.7471
0.0452,0.0001,0.0000,0.0000,0.0449,0.0001,200,15.7466
0.0400,0.0001,0.0000,0.0000,0.0398,0.0001,200,15.7608
0.0372,0.0001,0.0000,0.0000,0.0370,0.0001,200,15.7637
0.0393,0.0001,0.0000,0.0000,0.0392,0.0000,200,15.7625
0.0464,0.0002,0.0000,0.0001,0.0460,0.0001,200,15.7597
0.0449,0.0002,0.0000,0.0001,0.0445,0.0001,200,15.7666
0.0473,0.0002,0.0000,0.0001,0.0468,0.0001,200,15.7739
0.0408,0.0002,0.0000,0.0001,0.0403,0.0001,200,15.7918
0.0363,0.0002,0.0000,0.0000,0.0360,0.0001,200,15.8008
0.0485,0.0002,0.0000,0.0000,0.0482,0.0000,200,15.7892
0.0364,0.0001,0.0000,0.0000,0.0362,0.0000,200,15.8018
0.0367,0.0002,0.0000,0.0001,0.0363,0.0001,200,15.8061
0.0432,0.0002,0.0000,0.0001,0.0427,0.0001,200,15.8116
0.0552,0.0001,0.0000,0.0000,0.0549,0.0001,200,15.8009
0.0370,0.0002,0.0000,0.0001,0.0367,0.0001,200,15.8212
0.0412,0.0002,0.0000,0.0001,0.0408,0.0001,200,15.8326
0.0363,0.0001,0.0000,0.0000,0.0361,0.0001,200,15.8381
0.0350,0.0002,0.0000,0.0000,0.0347,0.0001,200,15.8428
0.0477,0.0001,0.0000,0.0001,0.0474,0.0001,200,15.8371
0.0474,0.0001,0.0000,0.0000,0.0472,0.0001,200,15.8377
0.0403,0.0001,0.0000,0.0000,0.0400,0.0001,200,15.8561
0.0471,0.0002,0.0000,0.0000,0.0467,0.0001,200,15.8548
0.0486,0.0001,0.0000,0.0000,0.0483,0.0001,200,15.8582
0.0401,0.0002,0.0000,0.0001,0.0397,0.0001,200,15.8738
0.0383,0.0002,0.0000,0.0001,0.0379,0.0001,200,15.8778
0.0504,0.0001,0.0000,0.0000,0.0501,0.0001,200,15.8745
0.0433,0.0001,0.0000,0.0001,0.0429,0.0001,200,15.8848
0.0506,0.0001,0.0000,0.0000,0.0503,0.0001,200,15.8851
0.0401,0.0002,0.0000,0.0001,0.0397,0.0000,200,15.8964
0.0401,0.0002,0.0000,0.0001,0.0397,0.0001,200,15.9019
0.0414,0.0002,0.0000,0.0001,0.0409,0.0001,200,15.9068
0.0384,0.0002,0.0000,0.0000,0.0380,0.0001,200,15.9139
0.0402,0.0001,0.0000,0.0001,0.0399,0.0001,200,15.9162
0.0350,0.0001,0.0000,0.0000,0.0347,0.0001,200,15.9366
0.0482,0.0002,0.0000,0.0001,0.0478,0.0001,200,15.9281
0.0533,0.0002,0.0000,0.0001,0.0530,0.0001,200,15.9249
0.0377,0.0002,0.0000,0.0001,0.0373,0.0001,200,15.9420
0.0475,0.0002,0.0000,0.0001,0.0470,0.0001,200,15.9356
0.0419,0.0002,0.0000,0.0001,0.0415,0.0001,200,15.9482
0.0384,0.0002,0.0000,0.0001,0.0381,0.0000,200,15.9523
0.0378,0.0002,0.0000,0.0001,0.0375,0.0001,200,15.9564
0.0370,0.0002,0.0000,0.0001,0.0365,0.0001,200,15.9716
0.0357,0.0002,0.0000,0.0000,0.0354,0.0001,200,15.9901
0.0496,0.0002,0.0000,0.0000,0.0493,0.0000,200,15.9763
0.0484,0.0001,0.0000,0.0000,0.0482,0.0000,200,15.9782
0.0477,0.0001,0.0000,0.0000,0.0475,0.0000,200,15.9797
0.0354,0.0001,0.0000,0.0001,0.0351,0.0001,200,15.9942
0.0469,0.0001,0.0000,0.0000,0.0466,0.0001,200,15.9908
0.0569,0.0002,0.0000,0.0001,0.0565,0.0001,200,15.9831
0.0430,0.0002,0.0000,0.0001,0.0426,0.0001,200,16.0086
0.0371,0.0001,0.0000,0.0000,0.0368,0.0001,200,16.0259
0.0344,0.0001,0.0000,0.0000,0.0341,0.0000,200,16.0296
0.0446,0.0001,0.0000,0.0000,0.0443,0.0001,200,16.0259
0.0372,0.0001,0.0000,0.0000,0.0369,0.0001,200,16.0376
0.0498,0.0001,0.0000,0.0000,0.0496,0.0001,200,16.0267
0.0491,0.0001,0.0000,0.0000,0.0490,0.0000,200,16.0274
0.0387,0.0001,0.0000,0.0000,0.0385,0.0001,200,16.0400
0.0447,0.0001,0.0000,0.0000,0.0444,0.0001,200,16.0516
0.0335,0.0002,0.0000,0.0001,0.0331,0.0001,200,16.0705
0.0440,0.0001,0.0000,0.0000,0.0437,0.0001,200,16.0640
0.0374,0.0001,0.0000,0.0000,0.0371,0.0001,200,16.0765
0.0360,0.0001,0.0000,0.0000,0.0358,0.0000,200,16.0787
0.0539,0.0002,0.0000,0.0000,0.0536,0.0001,200,16.0630
0.0474,0.0002,0.0000,0.0001,0.0470,0.0002,200,16.0748
0.0481,0.0001,0.0000,0.0000,0.0479,0.0001,200,16.0765
0.0374,0.0001,0.0000,0.0000,0.0371,0.0001,200,16.0963
0.0377,0.0002,0.0000,0.0001,0.0373,0.0001,200,16.1079
0.0452,0.0001,0.0000,0.0000,0.0449,0.0001,200,16.1040
0.0357,0.0002,0.0000,0.0001,0.0353,0.0000,200,16.1139
0.0354,0.0001,0.0000,0.0000,0.0352,0.0000,200,16.1147
0.0455,0.0002,0.0000,0.0000,0.0452,0.0001,200,16.1168
0.0448,0.0002,0.0000,0.0000,0.0443,0.0002,200,16.1223
0.0401,0.0001,0.0000,0.0001,0.0398,0.0001,200,16.1337
0.0498,0.0001,0.0000,0.0000,0.0495,0.0000,200,16.1247
0.0413,0.0002,0.0000,0.0001,0.0409,0.0001,200,16.1457
0.0409,0.0001,0.0000,0.0000,0.0407,0.0001,200,16.1502
0.0418,0.0001,0.0000,0.0000,0.0415,0.0000,200,16.1492
0.0410,0.0002,0.0000,0.0001,0.0405,0.0001,200,16.1623
0.0544,0.0001,0.0000,0.0000,0.0542,0.0000,200,16.1496
0.0378,0.0002,0.0000,0.0001,0.0374,0.0000,200,16.1671
0.0435,0.0001,0.0000,0.0000,0.0432,0.0001,200,16.1745
0.0442,0.0002,0.0000,0.0000,0.0439,0.0000,200,16.1738
0.0387,0.0002,0.0000,0.0000,0.0383,0.0001,200,16.1870
0.0469,0.0001,0.0000,0.0000,0.0465,0.0002,200,16.1911
0.0506,0.0001,0.0000,0.0000,0.0503,0.0001,200,16.1910
0.0387,0.0001,0.0000,0.0000,0.0385,0.0001,200,16.2040
0.0394,0.0001,0.0000,0.0000,0.0391,0.0001,200,16.2033
0.0414,0.0001,0.0000,0.0000,0.0412,0.0001,200,16.2049
0.0411,0.0001,0.0000,0.0000,0.0408,0.0001,200,16.2181
0.0479,0.0002,0.0000,0.0001,0.0475,0.0001,200,16.2179
0.0408,0.0002,0.0000,0.0000,0.0405,0.0001,200,16.2257
0.0368,0.0003,0.0000,0.0001,0.0363,0.0001,200,16.2380
0.0357,0.0001,0.0000,0.0000,0.0354,0.0001,200,16.2426
0.0380,0.0001,0.0000,0.0000,0.0377,0.0001,200,16.2463
0.0472,0.0002,0.0000,0.0000,0.0468,0.0001,200,16.2417
0.0527,0.0001,0.0000,0.0000,0.0525,0.0001,200,16.2427
0.0375,0.0002,0.0000,0.0000,0.0371,0.0001,200,16.2659
0.0475,0.0002,0.0000,0.0001,0.0471,0.0001,200,16.2592
0.0383,0.0001,0.0000,0.0000,0.0379,0.0001,200,16.2747
0.0471,0.0001,0.0000,0.0000,0.0469,0.0000,200,16.2665
0.0382,0.0002,0.0000,0.0001,0.0379,0.0001,200,16.2783
0.0378,0.0002,0.0000,0.0001,0.0374,0.0001,200,16.2889
0.0458,0.0002,0.0000,0.0001,0.0454,0.0001,200,16.2843
0.0417,0.0002,0.0000,0.0001,0.0413,0.0001,200,16.2954
0.0397,0.0002,0.0000,0.0001,0.0393,0.0001,200,16.3067
0.0467,0.0002,0.0000,0.0001,0.0463,0.0001,200,16.3034
0.0453,0.0001,0.0000,0.0000,0.0451,0.0001,200,16.3136
0.0489,0.0002,0.0000,0.0001,0.0485,0.0001,200,16.3130
0.0483,0.0002,0.0000,0.0000,0.0480,0.0001,200,16.3166
0.0365,0.0002,0.0000,0.0001,0.0361,0.0001,200,16.3301
0.0454,0.0002,0.0000,0.0001,0.0450,0.0001,200,16.3267
0.0441,0.0002,0.0000,0.0000,0.0438,0.0001,200,16.3371
0.0363,0.0002,0.0000,0.0000,0.0360,0.0001,200,16.3501
0.0466,0.0002,0.0000,0.0000,0.0463,0.0001,200,16.3464
0.0351,0.0002,0.0000,0.0001,0.0348,0.0000,200,16.3590
0.0372,0.0001,0.0000,0.0000,0.0368,0.0001,200,16.3666
0.0375,0.0002,0.0000,0.0000,0.0371,0.0001,200,16.3721
0.0486,0.0002,0.0000,0.0001,0.0483,0.0001,200,16.3619
0.0460,0.0002,0.0000,0.0000,0.0456,0.0000,200,16.3649
0.0443,0.0002,0.0000,0.0000,0.0439,0.0001,200,16.3812
0.0431,0.0002,0.0000,0.0001,0.0427,0.0001,200,16.3864
0.0365,0.0002,0.0000,0.0000,0.0362,0.0000,200,16.3930
0.0377,0.0002,0.0000,0.0001,0.0372,0.0001,200,16.4038
0.0516,0.0001,0.0000,0.0000,0.0513,0.0001,200,16.3941
0.0380,0.0001,0.0000,0.0000,0.0377,0.0001,200,16.4096
0.0377,0.0001,0.0000,0.0000,0.0375,0.0000,200,16.4109
0.0533,0.0001,0.0000,0.0000,0.0531,0.0001,200,16.4106
0.0361,0.0001,0.0000,0.0000,0.0359,0.0001,200,16.4295
0.0423,0.0002,0.0000,0.0000,0.0419,0.0001,200,16.4256
0.0407,0.0001,0.0000,0.0000,0.0405,0.0001,200,16.4295
0.0359,0.0002,0.0000,0.0001,0.0355,0.0001,200,16.4415
0.0440,0.0002,0.0000,0.0001,0.0436,0.0001,200,16.4458
0.0422,0.0001,0.0000,0.0000,0.0420,0.0001,200,16.4486
0.0434,0.0001,0.0000,0.0000,0.0432,0.0001,200,16.4476
0.0367,0.0002,0.0000,0.0001,0.0363,0.0001,200,16.4639
0.0429,0.0001,0.0000,0.0000,0.0425,0.0001,200,16.4657
0.0426,0.0001,0.0000,0.0000,0.0423,0.0001,200,16.4679
0.0415,0.0001,0.0000,0.0000,0.0413,0.0001,200,16.4703
0.0463,0.0002,0.0000,0.0000,0.0459,0.0001,200,16.4775
0.0350,0.0001,0.0000,0.0000,0.0348,0.0001,200,16.4909
0.0432,0.0002,0.0000,0.0000,0.0428,0.0001,200,16.4898
0.0452,0.0001,0.0000,0.0000,0.0450,0.0001,200,16.4910
0.0379,0.0002,0.0000,0.0000,0.0376,0.0001,200,16.5006
0.0412,0.0001,0.0000,0.0000,0.0409,0.0001,200,16.5104
0.0442,0.0002,0.0000,0.0000,0.0438,0.0000,200,16.5085
0.0429,0.0001,0.0000,0.0000,0.0427,0.0001,200,16.5118
0.0440,0.0001,0.0000,0.0000,0.0437,0.0001,200,16.5259
0.0466,0.0002,0.0000,0.0001,0.0462,0.0001,200,16.5237
0.0386,0.0002,0.0000,0.0000,0.0382,0.0001,200,16.5329
0.0389,0.0001,0.0000,0.0000,0.0386,0.0001,200,16.5385
0.0425,0.0002,0.0000,0.0001,0.0421,0.0000,200,16.5362
0.0371,0.0001,0.0000,0.0000,0.0368,0.0001,200,16.5527
0.0490,0.0002,0.0000,0.0001,0.0486,0.0001,200,16.5516
0.0463,0.0001,0.0000,0.0000,0.0460,0.0001,200,16.5547
0.0380,0.0002,0.0000,0.0001,0.0376,0.0001,200,16.5699
0.0385,0.0001,0.0000,0.0000,0.0383,0.0001,200,16.5703
0.0373,0.0002,0.0000,0.0000,0.0369,0.0001,200,16.5774
0.0450,0.0001,0.0000,0.0000,0.0447,0.0001,200,16.5715
0.0472,0.0001,0.0000,0.0000,0.0469,0.0001,200,16.5787
0.0401,0.0002,0.0000,0.0001,0.0397,0.0001,200,16.5897
0.0359,0.0002,0.0000,0.0001,0.0356,0.0001,200,16.6006
0.0389,0.0001,0.0000,0.0000,0.0387,0.0001,200,16.6010
0.0385,0.0001,0.0000,0.0000,0.0382,0.0001,200,16.6088
0.0449,0.0002,0.0000,0.0001,0.0445,0.0001,200,16.6079
0.0398,0.0001,0.0000,0.0000,0.0395,0.0001,200,16.6165
0.0484,0.0002,0.0000,0.0000,0.0481,0.0001,200,16.6147
0.0369,0.0002,0.0000,0.0001,0.0366,0.0001,200,16.6298
0.0512,0.0002,0.0000,0.0001,0.0507,0.0001,200,16.6259
0.0426,0.0002,0.0000,0.0001,0.0423,0.0001,200,16.6365
0.0366,0.0002,0.0000,0.0000,0.0362,0.0001,200,16.6473
0.0453,0.0002,0.0000,0.0000,0.0449,0.0001,200,16.6400
0.0366,0.0002,0.0000,0.0001,0.0361,0.0001,200,16.6529
0.0356,0.0001,0.0000,0.0000,0.0353,0.0001,200,16.6563
0.0448,0.0002,0.0000,0.0001,0.0444,0.0001,200,16.6631
0.0421,0.0002,0.0000,0.0001,0.0417,0.0001,200,16.6667
0.0359,0.0002,0.0000,0.0000,0.0355,0.0001,200,16.6770
0.0394,0.0002,0.0000,0.0001,0.0390,0.0001,200,16.6839
0.0444,0.0001,0.0000,0.0000,0.0441,0.0000,200,16.6792
0.0387,0.0001,0.0000,0.0000,0.0385,0.0000,200,16.6853
0.0375,0.0001,0.0000,0.0000,0.0371,0.0001,200,16.6919
0.0487,0.0002,0.0000,0.0001,0.0483,0.0001,200,16.6894
0.0361,0.0001,0.0000,0.0000,0.0359,0.0001,200,16.7088
0.0411,0.0002,0.0000,0.0000,0.0407,0.0001,200,16.7129
0.0502,0.0002,0.0000,0.0001,0.0499,0.0001,200,16.7080
0.0363,0.0001,0.0000,0.0000,0.0361,0.0001,200,16.7236
0.0404,0.0002,0.0000,0.0001,0.0400,0.0001,200,16.7294
0.0477,0.0002,0.0000,0.0001,0.0473,0.0000,200,16.7233
0.0473,0.0001,0.0000,0.0000,0.0471,0.0000,200,16.7240
0.0438,0.0002,0.0000,0.0001,0.0434,0.0001,200,16.7382
0.0479,0.0002,0.0000,0.0001,0.0476,0.0001,200,16.7449
0.0409,0.0002,0.0000,0.0001,0.0406,0.0001,200,16.7540
0.0420,0.0002,0.0000,0.0000,0.0417,0.0001,200,16.7599
0.0485,0.0002,0.0000,0.0000,0.0482,0.0001,200,16.7583
0.0401,0.0001,0.0000,0.0000,0.0398,0.0001,200,16.7709
0.0398,0.0001,0.0000,0.0000,0.0396,0.0001,200,16.7713
0.0422,0.0001,0.0000,0.0000,0.0420,0.0000,200,16.7697
0.0502,0.0002,0.0000,0.0000,0.0499,0.0001,200,16.7819
0.0432,0.0002,0.0000,0.0001,0.0428,0.0001,200,16.7929
0.0482,0.0001,0.0000,0.0000,0.0478,0.0002,200,16.7949
0.0367,0.0002,0.0000,0.0001,0.0363,0.0001,200,16.8068
0.0361,0.0001,0.0000,0.0000,0.0358,0.0001,200,16.8120
0.0404,0.0001,0.0000,0.0000,0.0401,0.0001,200,16.8111
0.0518,0.0002,0.0000,0.0000,0.0514,0.0001,200,16.8019
0.0435,0.0001,0.0000,0.0000,0.0432,0.0001,200,16.8111
0.0397,0.0001,0.0000,0.0000,0.0394,0.0001,200,16.8361
0.0445,0.0002,0.0000,0.0000,0.0442,0.0001,200,16.8322
0.0455,0.0001,0.0000,0.0000,0.0452,0.0001,200,16.8435
0.0460,0.0002,0.0000,0.0001,0.0456,0.0001,200,16.8431
0.0368,0.0001,0.0000,0.0000,0.0365,0.0001,200,16.8537
0.0455,0.0002,0.0000,0.0001,0.0451,0.0001,200,16.8481
0.0394,0.0001,0.0000,0.0000,0.0392,0.0001,200,16.8545
0.0481,0.0001,0.0000,0.0000,0.0478,0.0001,200,16.8515
0.0466,0.0002,0.0000,0.0000,0.0463,0.0001,200,16.8758
0.0365,0.0002,0.0000,0.0000,0.0361,0.0001,200,16.8890
0.0504,0.0001,0.0000,0.0000,0.0501,0.0001,200,16.8767
0.0358,0.0002,0.0000,0.0000,0.0355,0.0001,200,16.8936
0.0365,0.0001,0.0000,0.0000,0.0363,0.0001,200,16.8940
0.0358,0.0002,0.0000,0.0000,0.0354,0.0001,200,16.8996
0.0527,0.0002,0.0000,0.0001,0.0523,0.0001,200,16.8891
0.0534,0.0001,0.0000,0.0000,0.0532,0.0001,200,16.8905
0.0360,0.0002,0.0000,0.0000,0.0356,0.0001,200,16.9224
0.0384,0.0002,0.0000,0.0000,0.0380,0.0001,200,16.9255
0.0372,0.0001,0.0000,0.0000,0.0369,0.0001,200,16.9305
0.0369,0.0002,0.0000,0.0000,0.0365,0.0001,200,16.9354
0.0444,0.0001,0.0000,0.0000,0.0441,0.0000,200,16.9294
0.0487,0.0001,0.0000,0.0000,0.0485,0.0001,200,16.9270
0.0452,0.0002,0.0000,0.0001,0.0448,0.0001,200,16.9417
0.0478,0.0001,0.0000,0.0000,0.0475,0.0001,200,16.9439
0.0391,0.0002,0.0000,0.0000,0.0387,0.0001,200,16.9584
0.0346,0.0002,0.0000,0.0001,0.0342,0.0001,200,16.9677
0.0371,0.0001,0.0000,0.0000,0.0368,0.0001,200,16.9758
0.0526,0.0003,0.0000,0.0001,0.0522,0.0001,200,16.9639
0.0445,0.0001,0.0000,0.0000,0.0442,0.0001,200,16.9737
0.0505,0.0002,0.0000,0.0001,0.0501,0.0001,200,16.9723
0.0372,0.0002,0.0000,0.0000,0.0368,0.0001,200,16.9917
0.0455,0.0002,0.0000,0.0001,0.0451,0.0001,200,16.9869
0.0411,0.0002,0.0000,0.0001,0.0407,0.0001,200,16.9975
0.0443,0.0001,0.0000,0.0000,0.0439,0.0001,200,17.0023
0.0375,0.0001,0.0000,0.0000,0.0372,0.0001,200,17.0165
0.0429,0.0002,0.0000,0.0001,0.0425,0.0001,200,17.0128
0.0445,0.0001,0.0000,0.0000,0.0442,0.0001,200,17.0182
0.0457,0.0002,0.0000,0.0001,0.0453,0.0001,200,17.0228
0.0401,0.0002,0.0000,0.0001,0.0398,0.0000,200,17.0290
0.0381,0.0001,0.0000,0.0001,0.0379,0.0001,200,17.0325
0.0445,0.0002,0.0000,0.0000,0.0441,0.0001,200,17.0387
0.0400,0.0002,0.0000,0.0001,0.0396,0.0001,200,17.0540
0.0444,0.0001,0.0000,0.0000,0.0441,0.0001,200,17.0557
0.0539,0.0002,0.0000,0.0001,0.0535,0.0001,200,17.0466
0.0439,0.0002,0.0000,0.0001,0.0434,0.0001,200,17.0627
0.0385,0.0001,0.0000,0.0000,0.0383,0.0001,200,17.0691
0.0404,0.0001,0.0000,0.0000,0.0401,0.0001,200,17.0685
0.0475,0.0001,0.0000,0.0000,0.0472,0.0002,200,17.0706
0.0396,0.0002,0.0000,0.0000,0.0393,0.0001,200,17.0831
0.0399,0.0002,0.0000,0.0000,0.0395,0.0001,200,17.0940
0.0409,0.0002,0.0000,0.0001,0.0405,0.0001,200,17.1002
0.0410,0.0001,0.0000,0.0000,0.0408,0.0000,200,17.1005
0.0352,0.0001,0.0000,0.0000,0.0350,0.0000,200,17.1076
0.0478,0.0002,0.0000,0.0001,0.0474,0.0001,200,17.1066
0.0455,0.0001,0.0000,0.0000,0.0453,0.0001,200,17.1089
0.0461,0.0002,0.0000,0.0001,0.0456,0.0001,200,17.1181
0.0488,0.0002,0.0000,0.0000,0.0484,0.0001,200,17.1227
0.0376,0.0002,0.0000,0.0001,0.0373,0.0001,200,17.1339
0.0378,0.0002,0.0000,0.0000,0.0375,0.0001,200,17.1411
0.0384,0.0001,0.0000,0.0000,0.0382,0.0000,200,17.1428
0.0363,0.0001,0.0000,0.0000,0.0359,0.0001,200,17.1544
0.0520,0.0001,0.0000,0.0000,0.0518,0.0001,200,17.1415
0.0452,0.0001,0.0000,0.0000,0.0449,0.0001,200,17.1544
0.0379,0.0002,0.0000,0.0000,0.0376,0.0001,200,17.1715
0.0454,0.0002,0.0000,0.0001,0.0450,0.0001,200,17.1642
0.0416,0.0001,0.0000,0.0000,0.0413,0.0001,200,17.1715
0.0407,0.0002,0.0000,0.0001,0.0403,0.0001,200,17.1789
0.0393,0.0001,0.0000,0.0000,0.0391,0.0001,200,17.1811
0.0409,0.0002,0.0000,0.0001,0.0405,0.0001,200,17.1935
0.0482,0.0002,0.0000,0.0001,0.0478,0.0001,200,17.1908
0.0402,0.0002,0.0000,0.0001,0.0399,0.0000,200,17.1997
0.0389,0.0002,0.0000,0.0000,0.0385,0.0001,200,17.2095
0.0364,0.0002,0.0000,0.0001,0.0360,0.0001,200,17.2131
0.0486,0.0001,0.0000,0.0000,0.0483,0.0001,200,17.2096
0.0386,0.0001,0.0000,0.0000,0.0383,0.0001,200,17.2196
0.0433,0.0001,0.0000,0.0000,0.0430,0.0001,200,17.2205
0.0345,0.0001,0.0000,0.0000,0.0342,0.0001,200,17.2390
0.0511,0.0002,0.0000,0.0001,0.0507,0.0001,200,17.2344
0.0500,0.0001,0.0000,0.0000,0.0497,0.0001,200,17.2399
0.0440,0.0002,0.0000,0.0001,0.0436,0.0001,200,17.2483
0.0350,0.0002,0.0000,0.0000,0.0347,0.0000,200,17.2582
0.0525,0.0001,0.0000,0.0000,0.0521,0.0001,200,17.2495
0.0391,0.0001,0.0000,0.0000,0.0388,0.0001,200,17.2637
0.0457,0.0002,0.0000,0.0001,0.0454,0.0001,200,17.2582
0.0390,0.0001,0.0000,0.0001,0.0386,0.0001,200,17.2735
0.0367,0.0002,0.0000,0.0000,0.0363,0.0001,200,17.2899
0.0419,0.0002,0.0000,0.0001,0.0416,0.0001,200,17.2855
0.0389,0.0001,0.0000,0.0000,0.0387,0.0001,200,17.2932
0.0442,0.0002,0.0000,0.0000,0.0438,0.0001,200,17.2923
0.0346,0.0001,0.0000,0.0000,0.0344,0.0001,200,17.3028
0.0452,0.0001,0.0000,0.0000,0.0449,0.0001,200,17.3040
0.0496,0.0002,0.0000,0.0001,0.0492,0.0001,200,17.3019
0.0402,0.0002,0.0000,0.0000,0.0399,0.0000,200,17.3125
0.0365,0.0002,0.0000,0.0000,0.0361,0.0001,200,17.3266
0.0413,0.0001,0.0000,0.0001,0.0409,0.0001,200,17.3322
0.0376,0.0001,0.0000,0.0000,0.0374,0.0000,200,17.3374
0.0492,0.0001,0.0000,0.0000,0.0490,0.0000,200,17.3274
0.0448,0.0001,0.0000,0.0000,0.0445,0.0001,200,17.3365
0.0409,0.0002,0.0000,0.0000,0.0406,0.0001,200,17.3492
0.0391,0.0001,0.0000,0.0000,0.0389,0.0001,200,17.3528
0.0463,0.0001,0.0000,0.0000,0.0461,0.0001,200,17.3515
0.0376,0.0001,0.0000,0.0001,0.0372,0.0001,200,17.3734
0.0479,0.0002,0.0000,0.0001,0.0476,0.0000,200,17.3631
0.0410,0.0001,0.0000,0.0000,0.0408,0.0001,200,17.3751
0.0460,0.0001,0.0000,0.0000,0.0458,0.0001,200,17.3767
0.0454,0.0002,0.0000,0.0001,0.0450,0.0001,200,17.3813
0.0416,0.0002,0.0000,0.0001,0.0412,0.0001,200,17.3902
0.0441,0.0001,0.0000,0.0000,0.0438,0.0001,200,17.3919
0.0489,0.0002,0.0000,0.0000,0.0485,0.0001,200,17.3979
0.0398,0.0001,0.0000,0.0000,0.0394,0.0001,200,17.4110
0.0357,0.0001,0.0000,0.0000,0.0354,0.0001,200,17.4161
0.0370,0.0001,0.0000,0.0000,0.0367,0.0001,200,17.4227
0.0495,0.0002,0.0000,0.0000,0.0492,0.0001,200,17.4110
0.0449,0.0001,0.0000,0.0001,0.0445,0.0001,200,17.4267
0.0397,0.0002,0.0000,0.0001,0.0393,0.0001,200,17.4359
0.0467,0.0002,0.0000,0.0001,0.0463,0.0001,200,17.4318
0.0348,0.0001,0.0000,0.0000,0.0345,0.0001,200,17.4519
0.0469,0.0001,0.0000,0.0000,0.0466,0.0001,200,17.4468
0.0469,0.0002,0.0000,0.0001,0.0465,0.0001,200,17.4508
0.0441,0.0001,0.0000,0.0000,0.0439,0.0001,200,17.4605
0.0471,0.0002,0.0000,0.0000,0.0468,0.0001,200,17.4597
0.0371,0.0002,0.0000,0.0001,0.0367,0.0001,200,17.4757
0.0499,0.0002,0.0000,0.0001,0.0494,0.0001,200,17.4716
0.0356,0.0002,0.0000,0.0000,0.0352,0.0001,200,17.4937
0.0518,0.0002,0.0000,0.0000,0.0515,0.0001,200,17.4784
0.0472,0.0002,0.0000,0.0001,0.0468,0.0001,200,17.4866
0.0419,0.0002,0.0000,0.0001,0.0414,0.0001,200,17.4977
0.0352,0.0002,0.0000,0.0001,0.0349,0.0001,200,17.5046
0.0438,0.0002,0.0000,0.0001,0.0434,0.0001,200,17.5068
0.0382,0.0002,0.0000,0.0001,0.0379,0.0000,200,17.5128
0.0467,0.0002,0.0000,0.0001,0.0462,0.0001,200,17.5215
0.0355,0.0002,0.0000,0.0001,0.0351,0.0001,200,17.5339
0.0405,0.0002,0.0000,0.0001,0.0402,0.0000,200,17.5294
0.0466,0.0001,0.0000,0.0000,0.0463,0.0001,200,17.5303
0.0382,0.0001,0.0000,0.0000,0.0380,0.0001,200,17.5398
0.0427,0.0002,0.0000,0.0000,0.0423,0.0001,200,17.5396
0.0420,0.0001,0.0000,0.0000,0.0418,0.0001,200,17.5510
0.0450,0.0002,0.0000,0.0001,0.0446,0.0001,200,17.5506
0.0380,0.0001,0.0000,0.0000,0.0377,0.0001,200,17.5699
0.0444,0.0001,0.0000,0.0000,0.0441,0.0001,200,17.5693
0.0461,0.0002,0.0000,0.0000,0.0457,0.0000,200,17.5681
0.0400,0.0002,0.0000,0.0001,0.0396,0.0001,200,17.5768
0.0399,0.0001,0.0000,0.0000,0.0397,0.0001,200,17.5779
0.0369,0.0002,0.0000,0.0000,0.0366,0.0001,200,17.5823
0.0377,0.0002,0.0000,0.0001,0.0373,0.0001,200,17.5931
0.0531,0.0002,0.0000,0.0001,0.0527,0.0001,200,17.5956
0.0360,0.0001,0.0000,0.0000,0.0359,0.0001,200,17.6142
0.0370,0.0002,0.0000,0.0001,0.0366,0.0000,200,17.6138
0.0378,0.0002,0.0000,0.0000,0.0374,0.0001,200,17.6168
0.0368,0.0001,0.0000,0.0000,0.0366,0.0001,200,17.6179
0.0490,0.0003,0.0000,0.0001,0.0485,0.0001,200,17.6079
0.0463,0.0001,0.0000,0.0000,0.0461,0.0001,200,17.6192
0.0444,0.0002,0.0000,0.0001,0.0441,0.0001,200,17.6308
0.0351,0.0001,0.0000,0.0000,0.0348,0.0001,200,17.6502
0.0370,0.0002,0.0000,0.0001,0.0367,0.0000,200,17.6487
0.0410,0.0001,0.0000,0.0000,0.0408,0.0001,200,17.6507
0.0428,0.0001,0.0000,0.0000,0.0425,0.0001,200,17.6546
0.0438,0.0002,0.0000,0.0000,0.0434,0.0001,200,17.6569
0.0549,0.0001,0.0000,0.0000,0.0547,0.0001,200,17.6547
0.0463,0.0002,0.0000,0.0001,0.0459,0.0001,200,17.6655
0.0385,0.0001,0.0000,0.0000,0.0383,0.0001,200,17.6752
0.0374,0.0002,0.0000,0.0000,0.0370,0.0001,200,17.6854
0.0394,0.0002,0.0000,0.0001,0.0390,0.0001,200,17.6917
0.0456,0.0001,0.0000,0.0000,0.0454,0.0000,200,17.6857
0.0396,0.0002,0.0000,0.0001,0.0392,0.0001,200,17.6975
0.0386,0.0002,0.0000,0.0001,0.0381,0.0001,200,17.7096
0.0475,0.0002,0.0000,0.0000,0.0472,0.0000,200,17.7007
0.0441,0.0001,0.0000,0.0000,0.0438,0.0001,200,17.7137
0.0477,0.0001,0.0000,0.0000,0.0475,0.0001,200,17.7119
0.0405,0.0002,0.0000,0.0001,0.0401,0.0001,200,17.7227
0.0401,0.0001,0.0000,0.0001,0.0398,0.0001,200,17.7371
0.0465,0.0002,0.0000,0.0000,0.0462,0.0000,200,17.7312
0.0465,0.0001,0.0000,0.0000,0.0464,0.0000,200,17.7313
0.0375,0.0001,0.0000,0.0000,0.0371,0.0001,200,17.7482
0.0454,0.0001,0.0000,0.0000,0.0451,0.0001,200,17.7482
0.0481,0.0001,0.0000,0.0001,0.0478,0.0001,200,17.7596
0.0499,0.0002,0.0000,0.0000,0.0496,0.0001,200,17.7578
0.0452,0.0002,0.0000,0.0000,0.0449,0.0000,200,17.7633
0.0367,0.0002,0.0000,0.0001,0.0363,0.0001,200,17.7772
0.0426,0.0001,0.0000,0.0000,0.0423,0.0001,200,17.7776
0.0448,0.0001,0.0000,0.0000,0.0446,0.0001,200,17.7778
0.0397,0.0002,0.0000,0.0001,0.0393,0.0001,200,17.7857
0.0411,0.0002,0.0000,0.0000,0.0408,0.0001,200,17.7937
0.0395,0.0001,0.0000,0.0000,0.0392,0.0001,200,17.8085
0.0430,0.0002,0.0000,0.0000,0.0427,0.0001,200,17.8077
0.0441,0.0002,0.0000,0.0000,0.0438,0.0000,200,17.8077
0.0390,0.0002,0.0000,0.0001,0.0387,0.0001,200,17.8139
0.0406,0.0002,0.0000,0.0001,0.0401,0.0001,200,17.8202
0.0407,0.0002,0.0000,0.0001,0.0403,0.0001,200,17.8254
0.0470,0.0002,0.0000,0.0000,0.0467,0.0001,200,17.8226
0.0366,0.0002,0.0000,0.0000,0.0363,0.0001,200,17.8348
0.0385,0.0002,0.0000,0.0001,0.0380,0.0001,200,17.8480
0.0417,0.0001,0.0000,0.0000,0.0414,0.0001,200,17.8507
0.0388,0.0002,0.0000,0.0001,0.0384,0.0001,200,17.8608
0.0479,0.0001,0.0000,0.0000,0.0477,0.0000,200,17.8518
0.0501,0.0001,0.0000,0.0000,0.0498,0.0001,200,17.8529
0.0378,0.0001,0.0000,0.0000,0.0375,0.0001,200,17.8715
0.0501,0.0002,0.0000,0.0000,0.0496,0.0001,200,17.8661
0.0495,0.0002,0.0000,0.0000,0.0492,0.0001,200,17.8696
0.0392,0.0002,0.0000,0.0000,0.0388,0.0001,200,17.8864
0.0388,0.0001,0.0000,0.0000,0.0385,0.0001,200,17.8996
0.0367,0.0002,0.0000,0.0001,0.0364,0.0001,200,17.9093
0.0561,0.0002,0.0000,0.0001,0.0556,0.0001,200,17.8924
0.0505,0.0001,0.0000,0.0000,0.0503,0.0001,200,17.8997
0.0498,0.0002,0.0000,0.0000,0.0494,0.0001,200,17.9030
0.0369,0.0002,0.0000,0.0001,0.0366,0.0000,200,17.9162
0.0408,0.0002,0.0000,0.0001,0.0404,0.0001,200,17.9192
0.0403,0.0002,0.0000,0.0001,0.0399,0.0001,200,17.9256
0.0430,0.0002,0.0000,0.0001,0.0426,0.0001,200,17.9384
0.0365,0.0002,0.0000,0.0001,0.0362,0.0001,200,17.9461
0.0362,0.0001,0.0000,0.0000,0.0360,0.0001,200,17.9531
0.0419,0.0002,0.0000,0.0001,0.0416,0.0001,200,17.9485
0.0462,0.0001,0.0000,0.0000,0.0459,0.0001,200,17.9528
0.0488,0.0001,0.0000,0.0000,0.0485,0.0000,200,17.9503
0.0479,0.0002,0.0000,0.0001,0.0475,0.0001,200,17.9600
0.0458,0.0001,0.0000,0.0000,0.0455,0.0001,200,17.9659
0.0360,0.0001,0.0000,0.0000,0.0357,0.0001,200,17.9893
0.0445,0.0001,0.0000,0.0000,0.0443,0.0000,200,17.9826
0.0460,0.0002,0.0000,0.0001,0.0457,0.0000,200,17.9814
0.0384,0.0001,0.0000,0.0000,0.0382,0.0001,200,17.9991
0.0388,0.0002,0.0000,0.0000,0.0385,0.0000,200,17.9990
0.0489,0.0001,0.0000,0.0000,0.0486,0.0001,200,17.9904
0.0384,0.0002,0.0000,0.0001,0.0380,0.0001,200,18.0117
0.0431,0.0002,0.0000,0.0001,0.0428,0.0001,200,18.0079
0.0386,0.0001,0.0000,0.0000,0.0384,0.0001,200,18.0274
0.0457,0.0001,0.0000,0.0000,0.0454,0.0002,200,18.0270
0.0377,0.0002,0.0000,0.0000,0.0374,0.0001,200,18.0375
0.0383,0.0001,0.0000,0.0000,0.0381,0.0000,200,18.0378
0.0373,0.0001,0.0000,0.0000,0.0371,0.0000,200,18.0393
0.0556,0.0002,0.0000,0.0000,0.0553,0.0001,200,18.0254
0.0410,0.0001,0.0000,0.0000,0.0407,0.0001,200,18.0510
0.0433,0.0001,0.0000,0.0000,0.0430,0.0001,200,18.0501
0.0417,0.0002,0.0000,0.0001,0.0413,0.0001,200,18.0660
0.0360,0.0001,0.0000,0.0000,0.0358,0.0001,200,18.0766
0.0412,0.0002,0.0000,0.0001,0.0408,0.0001,200,18.0727
0.0388,0.0001,0.0000,0.0000,0.0386,0.0000,200,18.0752
0.0423,0.0001,0.0000,0.0000,0.0421,0.0001,200,18.0761
0.0450,0.0002,0.0000,0.0000,0.0447,0.0001,200,18.0810
0.0429,0.0001,0.0000,0.0000,0.0427,0.0001,200,18.0934
0.0455,0.0002,0.0000,0.0001,0.0451,0.0001,200,18.0920
0.0414,0.0002,0.0000,0.0001,0.0410,0.0001,200,18.1126
0.0375,0.0001,0.0000,0.0000,0.0372,0.0001,200,18.1184
0.0427,0.0001,0.0000,0.0000,0.0425,0.0001,200,18.1140
0.0547,0.0002,0.0000,0.0001,0.0542,0.0001,200,18.1078
0.0365,0.0001,0.0000,0.0000,0.0362,0.0001,200,18.1261
0.0525,0.0001,0.0000,0.0000,0.0522,0.0001,200,18.1140
0.0381,0.0002,0.0000,0.0000,0.0377,0.0001,200,18.1363
0.0475,0.0001,0.0000,0.0000,0.0472,0.0001,200,18.1375
0.0389,0.0002,0.0000,0.0001,0.0385,0.0001,200,18.1540
0.0370,0.0001,0.0000,0.0000,0.0367,0.0000,200,18.1559
0.0368,0.0001,0.0000,0.0000,0.0366,0.0000,200,18.1567
0.0432,0.0001,0.0000,0.0000,0.0429,0.0001,200,18.1626
0.0395,0.0002,0.0000,0.0001,0.0391,0.0001,200,18.1665
0.0453,0.0002,0.0000,0.0001,0.0449,0.0001,200,18.1625
0.0469,0.0002,0.0000,0.0001,0.0464,0.0002,200,18.1744
0.0338,0.0001,0.0000,0.0000,0.0336,0.0001,200,18.1935
0.0383,0.0001,0.0000,0.0000,0.0380,0.0001,200,18.1929
0.0542,0.0002,0.0000,0.0001,0.0537,0.0001,200,18.1850
0.0470,0.0001,0.0000,0.0000,0.0468,0.0000,200,18.1929
0.0354,0.0001,0.0000,0.0000,0.0352,0.0000,200,18.2058
0.0461,0.0001,0.0000,0.0000,0.0459,0.0001,200,18.2060
0.0446,0.0001,0.0000,0.0000,0.0444,0.0000,200,18.2077
0.0385,0.0002,0.0000,0.0001,0.0381,0.0001,200,18.2213
0.0367,0.0002,0.0000,0.0001,0.0364,0.0001,200,18.2273
0.0424,0.0002,0.0000,0.0001,0.0420,0.0001,200,18.2311
0.0375,0.0001,0.0000,0.0000,0.0373,0.0001,200,18.2399
0.0487,0.0002,0.0000,0.0000,0.0484,0.0001,200,18.2392
0.0467,0.0001,0.0000,0.0000,0.0466,0.0000,200,18.2412
0.0374,0.0002,0.0000,0.0000,0.0370,0.0000,200,18.2521
0.0348,0.0001,0.0000,0.0000,0.0344,0.0001,200,18.2598
0.0479,0.0001,0.0000,0.0000,0.0477,0.0001,200,18.2523
0.0371,0.0002,0.0000,0.0001,0.0367,0.0001,200,18.2735
0.0497,0.0002,0.0000,0.0000,0.0493,0.0001,200,18.2641
0.0348,0.0001,0.0000,0.0000,0.0345,0.0001,200,18.2880
0.0456,0.0001,0.0000,0.0000,0.0453,0.0000,200,18.2773
0.0466,0.0001,0.0000,0.0000,0.0462,0.0001,200,18.2880
0.0472,0.0001,0.0000,0.0000,0.0470,0.0001,200,18.2895
0.0456,0.0002,0.0000,0.0001,0.0452,0.0001,200,18.2946
0.0467,0.0002,0.0000,0.0000,0.0464,0.0001,200,18.3003
0.0390,0.0001,0.0000,0.0000,0.0386,0.0001,200,18.3138
0.0457,0.0002,0.0000,0.0000,0.0453,0.0001,200,18.3106
0.0366,0.0001,0.0000,0.0000,0.0363,0.0001,200,18.3229
0.0493,0.0002,0.0000,0.0000,0.0490,0.0001,200,18.3228
0.0452,0.0001,0.0000,0.0000,0.0449,0.0001,200,18.3345
0.0442,0.0001,0.0000,0.0000,0.0440,0.0001,200,18.3367
0.0331,0.0002,0.0000,0.0001,0.0326,0.0001,200,18.3527
0.0466,0.0002,0.0000,0.0001,0.0463,0.0001,200,18.3402
0.0329,0.0001,0.0000,0.0000,0.0326,0.0001,200,18.3595
0.0471,0.0002,0.0000,0.0001,0.0467,0.0001,200,18.3470
0.0487,0.0002,0.0000,0.0001,0.0483,0.0001,200,18.3563
0.0366,0.0002,0.0000,0.0001,0.0362,0.0001,200,18.3798
0.0444,0.0002,0.0000,0.0001,0.0441,0.0001,200,18.3721
0.0385,0.0002,0.0000,0.0001,0.0381,0.0001,200,18.3858
0.0383,0.0001,0.0000,0.0000,0.0381,0.0000,200,18.3868
0.0457,0.0001,0.0000,0.0000,0.0455,0.0000,200,18.3809
0.0359,0.0002,0.0000,0.0000,0.0355,0.0001,200,18.4050
0.0513,0.0002,0.0000,0.0000,0.0510,0.0001,200,18.3924
0.0527,0.0001,0.0000,0.0000,0.0525,0.0001,200,18.3941
0.0354,0.0001,0.0000,0.0000,0.0351,0.0001,200,18.4266
0.0519,0.0002,0.0000,0.0001,0.0515,0.0001,200,18.4164
0.0523,0.0001,0.0000,0.0000,0.0521,0.0000,200,18.4165
0.0469,0.0002,0.0000,0.0001,0.0466,0.0001,200,18.4243
0.0478,0.0001,0.0000,0.0000,0.0476,0.0001,200,18.4251
0.0381,0.0002,0.0000,0.0000,0.0377,0.0001,200,18.4408
0.0390,0.0001,0.0000,0.0000,0.0387,0.0001,200,18.4437
0.0412,0.0001,0.0000,0.0000,0.0409,0.0001,200,18.4468
0.0389,0.0002,0.0000,0.0001,0.0384,0.0001,200,18.4620
0.0375,0.0001,0.0000,0.0000,0.0371,0.0001,200,18.4683
0.0411,0.0001,0.0000,0.0000,0.0408,0.0001,200,18.4712
0.0409,0.0001,0.0000,0.0000,0.0406,0.0000,200,18.4729
0.0361,0.0002,0.0000,0.0001,0.0357,0.0000,200,18.4789
0.0529,0.0001,0.0000,0.0000,0.0527,0.0001,200,18.4688
0.0439,0.0002,0.0000,0.0001,0.0435,0.0001,200,18.4828
0.0456,0.0001,0.0000,0.0000,0.0453,0.0001,200,18.4880
0.0458,0.0002,0.0000,0.0000,0.0455,0.0001,200,18.5009
0.0410,0.0002,0.0000,0.0001,0.0406,0.0001,200,18.5058
0.0384,0.0002,0.0000,0.0001,0.0380,0.0001,200,18.5123
0.0441,0.0001,0.0000,0.0000,0.0439,0.0001,200,18.5138
0.0432,0.0001,0.0000,0.0000,0.0430,0.0000,200,18.5150
0.0366,0.0002,0.0000,0.0001,0.0363,0.0000,200,18.5218
0.0434,0.0002,0.0000,0.0000,0.0430,0.0001,200,18.5267
0.0450,0.0002,0.0000,0.0000,0.0447,0.0001,200,18.5336
0.0410,0.0001,0.0000,0.0000,0.0407,0.0001,200,18.5467
0.0456,0.0002,0.0000,0.0000,0.0452,0.0001,200,18.5467
0.0422,0.0002,0.0000,0.0001,0.0418,0.0000,200,18.5508
0.0400,0.0001,0.0000,0.0000,0.0398,0.0001,200,18.5582
0.0448,0.0001,0.0000,0.0000,0.0446,0.0001,200,18.5584
0.0383,0.0002,0.0000,0.0000,0.0380,0.0001,200,18.5701
0.0510,0.0002,0.0000,0.0000,0.0506,0.0001,200,18.5580
0.0413,0.0001,0.0000,0.0000,0.0411,0.0001,200,18.5786
0.0359,0.0001,0.0000,0.0000,0.0356,0.0001,200,18.5877
0.0373,0.0002,0.0000,0.0001,0.0369,0.0001,200,18.5923
0.0391,0.0002,0.0000,0.0000,0.0387,0.0001,200,18.5982
0.0464,0.0001,0.0000,0.0000,0.0462,0.0001,200,18.5930
0.0381,0.0002,0.0000,0.0001,0.0377,0.0001,200,18.6032
0.0413,0.0002,0.0000,0.0001,0.0409,0.0001,200,18.6084
0.0412,0.0001,0.0000,0.0000,0.0410,0.0000,200,18.6089
0.0409,0.0002,0.0000,0.0001,0.0405,0.0001,200,18.6237
0.0451,0.0001,0.0000,0.0001,0.0448,0.0000,200,18.6200
0.0399,0.0002,0.0000,0.0000,0.0395,0.0001,200,18.6296
0.0483,0.0002,0.0000,0.0000,0.0480,0.0001,200,18.6373
0.0445,0.0001,0.0000,0.0001,0.0442,0.0000,200,18.6413
0.0470,0.0001,0.0000,0.0000,0.0467,0.0001,200,18.6394
0.0371,0.0002,0.0000,0.0000,0.0368,0.0000,200,18.6497
0.0463,0.0001,0.0000,0.0000,0.0461,0.0001,200,18.6501
0.0416,0.0001,0.0000,0.0000,0.0413,0.0001,200,18.6651
0.0422,0.0001,0.0000,0.0000,0.0419,0.0001,200,18.6695
0.0496,0.0001,0.0000,0.0000,0.0493,0.0001,200,18.6646
0.0395,0.0001,0.0000,0.0000,0.0392,0.0001,200,18.6867
0.0440,0.0002,0.0000,0.0000,0.0437,0.0001,200,18.6856
0.0440,0.0001,0.0000,0.0000,0.0439,0.0000,200,18.6858
0.0380,0.0001,0.0000,0.0000,0.0377,0.0001,200,18.6965
0.0550,0.0001,0.0000,0.0000,0.0548,0.0001,200,18.6864
0.0366,0.0002,0.0000,0.0001,0.0362,0.0001,200,18.7067
0.0376,0.0001,0.0000,0.0000,0.0373,0.0001,200,18.7117
0.0461,0.0001,0.0000,0.0000,0.0458,0.0001,200,18.7142
0.0377,0.0001,0.0000,0.0000,0.0375,0.0001,200,18.7298
0.0384,0.0002,0.0000,0.0000,0.0381,0.0001,200,18.7297
0.0479,0.0002,0.0000,0.0001,0.0474,0.0001,200,18.7262
0.0425,0.0002,0.0000,0.0001,0.0421,0.0001,200,18.7345
0.0413,0.0002,0.0000,0.0000,0.0409,0.0001,200,18.7414
0.0409,0.0001,0.0000,0.0000,0.0407,0.0001,200,18.7433
0.0415,0.0002,0.0000,0.0001,0.0412,0.0001,200,18.7493
0.0416,0.0002,0.0000,0.0001,0.0411,0.0001,200,18.7603
0.0388,0.0002,0.0000,0.0001,0.0383,0.0001,200,18.7676
0.0377,0.0002,0.0000,0.0001,0.0373,0.0001,200,18.7742
0.0479,0.0001,0.0000,0.0000,0.0477,0.0001,200,18.7681
0.0407,0.0002,0.0000,0.0001,0.0404,0.0001,200,18.7770
0.0384,0.0002,0.0000,0.0000,0.0380,0.0001,200,18.7909
0.0452,0.0001,0.0000,0.0000,0.0450,0.0000,200,18.7842
0.0523,0.0002,0.0000,0.0001,0.0519,0.0001,200,18.7827
0.0402,0.0002,0.0000,0.0001,0.0397,0.0001,200,18.8063
0.0378,0.0002,0.0000,0.0001,0.0374,0.0001,200,18.8119
0.0483,0.0002,0.0000,0.0000,0.0480,0.0000,200,18.8018
0.0348,0.0001,0.0000,0.0000,0.0345,0.0000,200,18.8160
0.0484,0.0001,0.0000,0.0000,0.0481,0.0001,200,18.8177
0.0406,0.0001,0.0000,0.0000,0.0403,0.0001,200,18.8294
0.0412,0.0002,0.0000,0.0000,0.0408,0.0001,200,18.8293
0.0452,0.0002,0.0000,0.0000,0.0448,0.0001,200,18.8351
0.0441,0.0002,0.0000,0.0001,0.0437,0.0001,200,18.8465
0.0411,0.0002,0.0000,0.0000,0.0408,0.0001,200,18.8497
0.0496,0.0001,0.0000,0.0000,0.0493,0.0001,200,18.8501
0.0494,0.0001,0.0000,0.0000,0.0493,0.0000,200,18.8508
0.0408,0.0002,0.0000,0.0001,0.0405,0.0001,200,18.8661
0.0407,0.0001,0.0000,0.0000,0.0404,0.0001,200,18.8700
0.0387,0.0001,0.0000,0.0000,0.0384,0.0001,200,18.8802
0.0543,0.0001,0.0000,0.0000,0.0540,0.0001,200,18.8704
0.0388,0.0002,0.0000,0.0000,0.0384,0.0001,200,18.8906
0.0453,0.0001,0.0000,0.0000,0.0451,0.0001,200,18.8908
0.0393,0.0002,0.0000,0.0000,0.0389,0.0001,200,18.8997
0.0404,0.0001,0.0000,0.0000,0.0401,0.0001,200,18.9003
0.0408,0.0002,0.0000,0.0000,0.0405,0.0001,200,18.9069
0.0431,0.0002,0.0000,0.0001,0.0427,0.0001,200,18.9107
0.0358,0.0002,0.0000,0.0001,0.0354,0.0001,200,18.9247
0.0466,0.0002,0.0000,0.0001,0.0463,0.0001,200,18.9190
0.0420,0.0002,0.0000,0.0001,0.0415,0.0001,200,18.9294
0.0406,0.0002,0.0000,0.0001,0.0402,0.0001,200,18.9390
0.0483,0.0001,0.0000,0.0001,0.0479,0.0001,200,18.9361
0.0476,0.0002,0.0000,0.0000,0.0473,0.0001,200,18.9407
0.0414,0.0002,0.0000,0.0000,0.0410,0.0001,200,18.9477
0.0425,0.0002,0.0000,0.0001,0.0420,0.0001,200,18.9539
0.0445,0.0002,0.0000,0.0001,0.0441,0.0001,200,18.9605
0.0421,0.0002,0.0000,0.0000,0.0418,0.0001,200,18.9656
0.0458,0.0002,0.0000,0.0001,0.0454,0.0001,200,18.9714
0.0366,0.0002,0.0000,0.0001,0.0362,0.0001,200,18.9844
0.0472,0.0002,0.0000,0.0001,0.0467,0.0002,200,18.9796
0.0397,0.0001,0.0000,0.0000,0.0395,0.0001,200,18.9891
0.0425,0.0002,0.0000,0.0001,0.0421,0.0001,200,18.9883
0.0385,0.0002,0.0000,0.0001,0.0382,0.0001,200,18.9963
0.0395,0.0002,0.0000,0.0001,0.0391,0.0001,200,19.0172
0.0541,0.0002,0.0000,0.0001,0.0537,0.0001,200,19.0050
0.0531,0.0001,0.0000,0.0000,0.0528,0.0001,200,19.0077
0.0408,0.0002,0.0000,0.0001,0.0404,0.0000,200,19.0210
0.0361,0.0002,0.0000,0.0001,0.0357,0.0000,200,19.0267
0.0372,0.0002,0.0000,0.0000,0.0369,0.0001,200,19.0308
0.0440,0.0002,0.0000,0.0001,0.0436,0.0001,200,19.0349
0.0510,0.0001,0.0000,0.0000,0.0508,0.0001,200,19.0288
0.0319,0.0001,0.0000,0.0000,0.0316,0.0001,200,19.0628
0.0437,0.0002,0.0000,0.0001,0.0434,0.0001,200,19.0591
0.0461,0.0002,0.0000,0.0001,0.0457,0.0001,200,19.0568
0.0442,0.0001,0.0000,0.0000,0.0440,0.0001,200,19.0618
0.0462,0.0001,0.0000,0.0000,0.0459,0.0001,200,19.0609
0.0423,0.0002,0.0000,0.0001,0.0420,0.0001,200,19.0680
0.0370,0.0002,0.0000,0.0001,0.0366,0.0001,200,19.0788
0.0416,0.0001,0.0000,0.0000,0.0413,0.0001,200,19.0798
0.0331,0.0002,0.0000,0.0000,0.0327,0.0001,200,19.1029
0.0396,0.0002,0.0000,0.0000,0.0392,0.0001,200,19.1028
0.0479,0.0002,0.0000,0.0001,0.0476,0.0001,200,19.0947
0.0417,0.0002,0.0000,0.0000,0.0413,0.0001,200,19.1103
0.0383,0.0002,0.0000,0.0001,0.0379,0.0001,200,19.1159
0.0512,0.0001,0.0000,0.0001,0.0509,0.0001,200,19.1061
0.0522,0.0001,0.0000,0.0000,0.0520,0.0001,200,19.1070
0.0380,0.0002,0.0000,0.0001,0.0376,0.0000,200,19.1214
0.0375,0.0002,0.0000,0.0001,0.0371,0.0001,200,19.1359
0.0412,0.0001,0.0000,0.0000,0.0409,0.0001,200,19.1424
0.0420,0.0001,0.0000,0.0000,0.0419,0.0000,200,19.1426
0.0352,0.0001,0.0000,0.0000,0.0349,0.0001,200,19.1593
0.0379,0.0001,0.0000,0.0000,0.0377,0.0000,200,19.1573
0.0438,0.0002,0.0000,0.0001,0.0434,0.0000,200,19.1520
0.0397,0.0001,0.0000,0.0000,0.0395,0.0001,200,19.1593
0.0457,0.0001,0.0000,0.0000,0.0454,0.0000,200,19.1542
0.0361,0.0002,0.0000,0.0000,0.0357,0.0001,200,19.1734
0.0407,0.0001,0.0000,0.0000,0.0405,0.0001,200,19.1846
0.0354,0.0001,0.0000,0.0000,0.0352,0.0001,200,19.1952
0.0510,0.0002,0.0000,0.0000,0.0507,0.0001,200,19.1836
0.0372,0.0001,0.0000,0.0000,0.0370,0.0001,200,19.1990
0.0434,0.0001,0.0000,0.0000,0.0431,0.0001,200,19.1958
0.0477,0.0002,0.0000,0.0001,0.0473,0.0001,200,19.1945
0.0371,0.0002,0.0000,0.0001,0.0367,0.0001,200,19.2095
0.0471,0.0001,0.0000,0.0000,0.0469,0.0000,200,19.1999
0.0398,0.0002,0.0000,0.0000,0.0394,0.0001,200,19.2306
0.0361,0.0001,0.0000,0.0000,0.0359,0.0000,200,19.2347
0.0501,0.0002,0.0000,0.0001,0.0498,0.0001,200,19.2253
0.0335,0.0001,0.0000,0.0000,0.0332,0.0000,200,19.2422
0.0457,0.0001,0.0000,0.0000,0.0454,0.0001,200,19.2363
0.0526,0.0002,0.0000,0.0001,0.0522,0.0001,200,19.2392
0.0461,0.0001,0.0000,0.0000,0.0459,0.0001,200,19.2470
0.0490,0.0002,0.0000,0.0000,0.0487,0.0001,200,19.2465
0.0387,0.0001,0.0000,0.0000,0.0383,0.0001,200,19.2704
0.0384,0.0001,0.0000,0.0000,0.0381,0.0001,200,19.2754
0.0438,0.0001,0.0000,0.0000,0.0436,0.0001,200,19.2708
0.0421,0.0001,0.0000,0.0000,0.0420,0.0001,200,19.2757
0.0423,0.0002,0.0000,0.0001,0.0419,0.0001,200,19.2820
0.0343,0.0001,0.0000,0.0000,0.0340,0.0001,200,19.2931
0.0436,0.0002,0.0000,0.0001,0.0432,0.0001,200,19.2919
0.0447,0.0001,0.0000,0.0000,0.0444,0.0001,200,19.2956
0.0386,0.0002,0.0000,0.0001,0.0382,0.0001,200,19.3138
0.0392,0.0001,0.0000,0.0000,0.0390,0.0001,200,19.3146
0.0465,0.0002,0.0000,0.0001,0.0460,0.0001,200,19.3091
0.0409,0.0001,0.0000,0.0000,0.0406,0.0001,200,19.3178
0.0443,0.0002,0.0000,0.0001,0.0440,0.0001,200,19.3273
0.0500,0.0002,0.0000,0.0001,0.0497,0.0001,200,19.3243
0.0444,0.0002,0.0000,0.0000,0.0441,0.0001,200,19.3403
0.0494,0.0002,0.0000,0.0001,0.0490,0.0000,200,19.3355
0.0453,0.0001,0.0000,0.0000,0.0450,0.0001,200,19.3538
0.0545,0.0002,0.0000,0.0001,0.0540,0.0001,200,19.3524
0.0517,0.0001,0.0000,0.0000,0.0514,0.0001,200,19.3556
0.0537,0.0002,0.0000,0.0000,0.0533,0.0001,200,19.3588
0.0408,0.0001,0.0000,0.0000,0.0406,0.0000,200,19.3717
0.0391,0.0001,0.0000,0.0000,0.0387,0.0001,200,19.3847
0.0523,0.0002,0.0000,0.0001,0.0519,0.0001,200,19.3743
0.0532,0.0001,0.0000,0.0000,0.0530,0.0001,200,19.3848
0.0460,0.0002,0.0000,0.0000,0.0456,0.0001,200,19.3991
0.0361,0.0001,0.0000,0.0000,0.0358,0.0001,200,19.4125
0.0416,0.0002,0.0000,0.0001,0.0412,0.0001,200,19.4070
0.0402,0.0001,0.0000,0.0000,0.0399,0.0001,200,19.4125
0.0479,0.0001,0.0000,0.0000,0.0477,0.0001,200,19.4073
0.0397,0.0001,0.0000,0.0000,0.0394,0.0001,200,19.4266
0.0460,0.0002,0.0000,0.0001,0.0456,0.0001,200,19.4238
0.0373,0.0002,0.0000,0.0001,0.0368,0.0001,200,19.4451
0.0450,0.0002,0.0000,0.0001,0.0447,0.0001,200,19.4381
0.0442,0.0002,0.0000,0.0000,0.0439,0.0001,200,19.4485
0.0444,0.0002,0.0000,0.0000,0.0441,0.0001,200,19.4486
0.0359,0.0002,0.0000,0.0001,0.0355,0.0001,200,19.4663
0.0535,0.0002,0.0000,0.0001,0.0531,0.0001,200,19.4527
0.0521,0.0001,0.0000,0.0000,0.0518,0.0000,200,19.4552
0.0386,0.0001,0.0000,0.0000,0.0384,0.0001,200,19.4698
0.0349,0.0002,0.0000,0.0000,0.0346,0.0001,200,19.4928
0.0487,0.0002,0.0000,0.0000,0.0484,0.0001,200,19.4824
0.0480,0.0001,0.0000,0.0000,0.0478,0.0000,200,19.4831
0.0335,0.0001,0.0000,0.0000,0.0332,0.0001,200,19.5084
0.0409,0.0002,0.0000,0.0000,0.0406,0.0001,200,19.5021
0.0532,0.0001,0.0000,0.0000,0.0530,0.0001,200,19.4930
0.0457,0.0001,0.0000,0.0000,0.0453,0.0001,200,19.5062
0.0459,0.0001,0.0000,0.0000,0.0457,0.0001,200,19.5073
0.0365,0.0002,0.0000,0.0000,0.0362,0.0001,200,19.5277
0.0446,0.0001,0.0000,0.0000,0.0443,0.0001,200,19.5310
0.0446,0.0000,0.0000,0.0000,0.0445,0.0001,200,19.5311
0.0360,0.0001,0.0000,0.0000,0.0357,0.0001,200,19.5431
0.0391,0.0002,0.0000,0.0001,0.0387,0.0001,200,19.5419
0.0364,0.0001,0.0000,0.0000,0.0361,0.0001,200,19.5462
0.0511,0.0002,0.0000,0.0001,0.0507,0.0001,200,19.5519
0.0498,0.0001,0.0000,0.0000,0.0496,0.0001,200,19.5531
0.0462,0.0001,0.0000,0.0000,0.0458,0.0001,200,19.5643
0.0378,0.0002,0.0000,0.0000,0.0375,0.0001,200,19.5791
0.0367,0.0001,0.0000,0.0000,0.0364,0.0001,200,19.5810
0.0361,0.0001,0.0000,0.0000,0.0359,0.0001,200,19.5826
0.0461,0.0002,0.0000,0.0001,0.0457,0.0001,200,19.5756
0.0536,0.0001,0.0000,0.0000,0.0532,0.0001,200,19.5757
0.0392,0.0002,0.0000,0.0001,0.0388,0.0001,200,19.6105
0.0474,0.0002,0.0000,0.0001,0.0471,0.0001,200,19.6029
0.0475,0.0002,0.0000,0.0000,0.0473,0.0000,200,19.6030
0.0380,0.0001,0.0000,0.0000,0.0378,0.0001,200,19.6177
0.0389,0.0001,0.0000,0.0000,0.0387,0.0001,200,19.6187
0.0365,0.0001,0.0000,0.0000,0.0363,0.0000,200,19.6217
0.0465,0.0002,0.0000,0.0000,0.0462,0.0001,200,19.6169
0.0405,0.0002,0.0000,0.0001,0.0401,0.0001,200,19.6293
0.0345,0.0003,0.0000,0.0001,0.0340,0.0001,200,19.6497
0.0367,0.0001,0.0000,0.0000,0.0364,0.0001,200,19.6505
0.0384,0.0002,0.0000,0.0001,0.0379,0.0001,200,19.6557
0.0459,0.0001,0.0000,0.0000,0.0457,0.0001,200,19.6504
0.0381,0.0002,0.0000,0.0001,0.0377,0.0001,200,19.6698
0.0474,0.0002,0.0000,0.0001,0.0470,0.0001,200,19.6635
0.0536,0.0001,0.0000,0.0000,0.0534,0.0001,200,19.6582
0.0545,0.0001,0.0000,0.0000,0.0542,0.0000,200,19.6576
0.0380,0.0002,0.0000,0.0001,0.0376,0.0001,200,19.6872
0.0464,0.0002,0.0000,0.0000,0.0460,0.0001,200,19.6842
0.0436,0.0002,0.0000,0.0000,0.0432,0.0001,200,19.6941
0.0461,0.0001,0.0000,0.0000,0.0458,0.0001,200,19.6963
0.0365,0.0001,0.0000,0.0000,0.0362,0.0001,200,19.7121
0.0410,0.0001,0.0000,0.0000,0.0406,0.0001,200,19.7109
0.0451,0.0002,0.0000,0.0001,0.0447,0.0001,200,19.7079
0.0347,0.0001,0.0000,0.0001,0.0344,0.0001,200,19.7252
0.0534,0.0001,0.0000,0.0000,0.0532,0.0001,200,19.7118
0.0423,0.0001,0.0000,0.0001,0.0419,0.0001,200,19.7306
0.0374,0.0002,0.0000,0.0001,0.0370,0.0001,200,19.7424
0.0493,0.0001,0.0000,0.0001,0.0490,0.0001,200,19.7377
0.0384,0.0001,0.0000,0.0000,0.0381,0.0001,200,19.7530
0.0431,0.0002,0.0000,0.0001,0.0427,0.0001,200,19.7486
0.0385,0.0002,0.0000,0.0001,0.0382,0.0001,200,19.7599
0.0515,0.0002,0.0000,0.0001,0.0511,0.0001,200,19.7519
0.0392,0.0002,0.0000,0.0000,0.0389,0.0001,200,19.7653
0.0379,0.0001,0.0000,0.0000,0.0375,0.0001,200,19.7729
0.0415,0.0002,0.0000,0.0001,0.0412,0.0001,200,19.7914
0.0542,0.0002,0.0000,0.0001,0.0539,0.0001,200,19.7798
0.0482,0.0002,0.0000,0.0001,0.0478,0.0001,200,19.7870
0.0478,0.0001,0.0000,0.0000,0.0475,0.0001,200,19.7917
0.0381,0.0002,0.0000,0.0001,0.0377,0.0001,200,19.8034
0.0477,0.0002,0.0000,0.0001,0.0473,0.0001,200,19.7985
0.0366,0.0001,0.0000,0.0000,0.0363,0.0001,200,19.8108
0.0486,0.0001,0.0000,0.0000,0.0483,0.0001,200,19.8044
0.0382,0.0002,0.0000,0.0001,0.0378,0.0001,200,19.8329
0.0399,0.0001,0.0000,0.0000,0.0396,0.0001,200,19.8340
0.0346,0.0002,0.0000,0.0000,0.0343,0.0001,200,19.8415
0.0346,0.0002,0.0000,0.0000,0.0342,0.0001,200,19.8462
0.0513,0.0001,0.0000,0.0000,0.0511,0.0001,200,19.8352
0.0377,0.0002,0.0000,0.0001,0.0373,0.0001,200,19.8530
0.0531,0.0002,0.0000,0.0001,0.0527,0.0001,200,19.8395
0.0537,0.0001,0.0000,0.0000,0.0534,0.0001,200,19.8474
0.0354,0.0001,0.0000,0.0000,0.0351,0.0001,200,19.8760
0.0384,0.0001,0.0000,0.0000,0.0381,0.0001,200,19.8807
0.0480,0.0002,0.0000,0.0001,0.0477,0.0000,200,19.8712
0.0469,0.0001,0.0000,0.0000,0.0466,0.0001,200,19.8739
0.0383,0.0001,0.0000,0.0000,0.0380,0.0001,200,19.8925
0.0472,0.0002,0.0000,0.0000,0.0469,0.0001,200,19.8865
0.0476,0.0002,0.0000,0.0001,0.0472,0.0001,200,19.8908
0.0395,0.0002,0.0000,0.0000,0.0392,0.0001,200,19.9011
0.0377,0.0001,0.0000,0.0000,0.0374,0.0001,200,19.9192
0.0396,0.0001,0.0000,0.0000,0.0393,0.0001,200,19.9192
0.0522,0.0002,0.0000,0.0001,0.0518,0.0001,200,19.9115
0.0456,0.0001,0.0000,0.0000,0.0453,0.0001,200,19.9207
0.0356,0.0002,0.0000,0.0001,0.0352,0.0000,200,19.9308
0.0388,0.0002,0.0000,0.0000,0.0384,0.0001,200,19.9337
0.0420,0.0002,0.0000,0.0000,0.0416,0.0001,200,19.9384
0.0473,0.0002,0.0000,0.0000,0.0470,0.0001,200,19.9407
0.0350,0.0001,0.0000,0.0000,0.0347,0.0001,200,19.9663
0.0369,0.0001,0.0000,0.0000,0.0367,0.0001,200,19.9664
0.0474,0.0002,0.0000,0.0001,0.0471,0.0001,200,19.9569
0.0487,0.0002,0.0000,0.0000,0.0483,0.0001,200,19.9587
0.0449,0.0002,0.0000,0.0001,0.0445,0.0001,200,19.9637
0.0439,0.0002,0.0000,0.0000,0.0434,0.0001,200,19.9725
0.0441,0.0002,0.0000,0.0001,0.0437,0.0001,200,19.9804
0.0441,0.0002,0.0000,0.0001,0.0438,0.0001,200,19.9880
0.0363,0.0001,0.0000,0.0000,0.0360,0.0001,200,20.0043
0.0391,0.0001,0.0000,0.0000,0.0388,0.0001,200,20.0033
0.0427,0.0002,0.0000,0.0001,0.0423,0.0001,200,20.0074
0.0423,0.0001,0.0000,0.0000,0.0421,0.0000,200,20.0086
0.0510,0.0002,0.0000,0.0000,0.0506,0.0001,200,20.0013
0.0361,0.0002,0.0000,0.0001,0.0357,0.0000,200,20.0164
0.0438,0.0002,0.0000,0.0001,0.0433,0.0001,200,20.0245
0.0419,0.0001,0.0000,0.0000,0.0416,0.0001,200,20.0321
0.0428,0.0002,0.0000,0.0001,0.0424,0.0001,200,20.0406
0.0412,0.0001,0.0000,0.0000,0.0409,0.0001,200,20.0424
0.0372,0.0001,0.0000,0.0000,0.0369,0.0001,200,20.0523
0.0402,0.0002,0.0000,0.0001,0.0399,0.0001,200,20.0501
0.0381,0.0001,0.0000,0.0000,0.0380,0.0001,200,20.0525
0.0460,0.0001,0.0000,0.0000,0.0457,0.0001,200,20.0509
0.0441,0.0002,0.0000,0.0001,0.0436,0.0001,200,20.0683
0.0388,0.0001,0.0000,0.0000,0.0385,0.0000,200,20.0741
0.0395,0.0001,0.0000,0.0000,0.0393,0.0001,200,20.0836
0.0350,0.0001,0.0000,0.0000,0.0347,0.0001,200,20.0903
0.0529,0.0002,0.0000,0.0001,0.0524,0.0001,200,20.0834
0.0480,0.0002,0.0000,0.0001,0.0477,0.0000,200,20.0895
0.0496,0.0001,0.0000,0.0000,0.0493,0.0001,200,20.0906
0.0490,0.0002,0.0000,0.0000,0.0486,0.0001,200,20.0969
0.0362,0.0001,0.0000,0.0000,0.0359,0.0001,200,20.1124
0.0392,0.0002,0.0000,0.0000,0.0389,0.0001,200,20.1231
0.0507,0.0001,0.0000,0.0000,0.0505,0.0000,200,20.1128
0.0416,0.0001,0.0000,0.0000,0.0413,0.0001,200,20.1253
0.0378,0.0002,0.0000,0.0001,0.0374,0.0001,200,20.1363
0.0458,0.0001,0.0000,0.0000,0.0455,0.0001,200,20.1375
0.0453,0.0001,0.0000,0.0000,0.0449,0.0001,200,20.1402
0.0432,0.0001,0.0000,0.0000,0.0429,0.0001,200,20.1486
0.0483,0.0002,0.0000,0.0001,0.0480,0.0001,200,20.1459
0.0423,0.0002,0.0000,0.0000,0.0419,0.0001,200,20.1624
0.0412,0.0001,0.0000,0.0000,0.0410,0.0001,200,20.1635
0.0465,0.0002,0.0000,0.0001,0.0461,0.0001,200,20.1669
0.0464,0.0002,0.0000,0.0000,0.0460,0.0001,200,20.1741
0.0417,0.0002,0.0000,0.0001,0.0413,0.0001,200,20.1855
0.0462,0.0001,0.0000,0.0000,0.0459,0.0001,200,20.1833
0.0396,0.0002,0.0000,0.0000,0.0392,0.0001,200,20.1918
0.0408,0.0001,0.0000,0.0000,0.0404,0.0001,200,20.2047
0.0530,0.0001,0.0000,0.0000,0.0528,0.0000,200,20.1942
0.0438,0.0001,0.0000,0.0000,0.0435,0.0001,200,20.2047
0.0366,0.0002,0.0000,0.0000,0.0363,0.0000,200,20.2133
0.0452,0.0002,0.0000,0.0000,0.0448,0.0001,200,20.2205
0.0372,0.0001,0.0000,0.0000,0.0370,0.0000,200,20.2295
0.0418,0.0001,0.0000,0.0000,0.0415,0.0001,200,20.2314
0.0471,0.0002,0.0000,0.0001,0.0467,0.0000,200,20.2272
0.0402,0.0001,0.0000,0.0000,0.0399,0.0002,200,20.2500
0.0462,0.0001,0.0000,0.0000,0.0460,0.0001,200,20.2472
0.0482,0.0002,0.0000,0.0001,0.0478,0.0001,200,20.2455
0.0458,0.0001,0.0000,0.0000,0.0456,0.0000,200,20.2485
0.0344,0.0001,0.0000,0.0001,0.0341,0.0001,200,20.2732
0.0365,0.0001,0.0000,0.0000,0.0363,0.0001,200,20.2743
0.0444,0.0001,0.0000,0.0000,0.0442,0.0000,200,20.2667
0.0520,0.0002,0.0000,0.0001,0.0516,0.0001,200,20.2657
0.0399,0.0001,0.0000,0.0000,0.0396,0.0002,200,20.2935
0.0423,0.0001,0.0000,0.0000,0.0421,0.0001,200,20.2943
0.0465,0.0002,0.0000,0.0001,0.0461,0.0000,200,20.2902
0.0454,0.0001,0.0000,0.0000,0.0452,0.0001,200,20.2937
0.0353,0.0001,0.0000,0.0000,0.0350,0.0001,200,20.3108
0.0356,0.0001,0.0000,0.0000,0.0354,0.0001,200,20.3111
0.0433,0.0002,0.0000,0.0001,0.0429,0.0001,200,20.3076
0.0414,0.0001,0.0000,0.0001,0.0410,0.0001,200,20.3177
0.0348,0.0002,0.0000,0.0001,0.0344,0.0001,200,20.3334
0.0381,0.0001,0.0000,0.0000,0.0378,0.0001,200,20.3390
0.0407,0.0001,0.0000,0.0000,0.0405,0.0000,200,20.3367
0.0421,0.0001,0.0000,0.0000,0.0419,0.0000,200,20.3366
0.0401,0.0002,0.0000,0.0001,0.0397,0.0001,200,20.3509
0.0462,0.0002,0.0000,0.0000,0.0459,0.0001,200,20.3461
0.0469,0.0001,0.0000,0.0000,0.0467,0.0001,200,20.3466
0.0425,0.0002,0.0000,0.0000,0.0421,0.0001,200,20.3591
0.0368,0.0001,0.0000,0.0000,0.0365,0.0001,200,20.3771
0.0468,0.0002,0.0000,0.0000,0.0465,0.0001,200,20.3682
0.0378,0.0001,0.0000,0.0000,0.0376,0.0000,200,20.3788
0.0420,0.0001,0.0000,0.0000,0.0418,0.0001,200,20.3774
0.0412,0.0002,0.0000,0.0001,0.0408,0.0001,200,20.3910
0.0401,0.0001,0.0000,0.0000,0.0398,0.0001,200,20.4016
0.0517,0.0001,0.0000,0.0000,0.0515,0.0001,200,20.3923
0.0524,0.0001,0.0000,0.0000,0.0521,0.0001,200,20.3935
0.0373,0.0001,0.0000,0.0000,0.0370,0.0001,200,20.4166
0.0434,0.0002,0.0000,0.0001,0.0430,0.0001,200,20.4140
0.0395,0.0001,0.0000,0.0000,0.0392,0.0001,200,20.4194
0.0438,0.0001,0.0000,0.0000,0.0436,0.0001,200,20.4150
0.0451,0.0002,0.0000,0.0001,0.0446,0.0001,200,20.4322
0.0401,0.0002,0.0000,0.0000,0.0398,0.0001,200,20.4417
0.0432,0.0001,0.0000,0.0000,0.0429,0.0001,200,20.4458
0.0372,0.0002,0.0000,0.0001,0.0367,0.0001,200,20.4539
0.0474,0.0001,0.0000,0.0001,0.0472,0.0000,200,20.4440
0.0362,0.0002,0.0000,0.0000,0.0359,0.0001,200,20.4574
0.0403,0.0001,0.0000,0.0000,0.0400,0.0001,200,20.4589
0.0406,0.0001,0.0000,0.0000,0.0404,0.0000,200,20.4589
0.0454,0.0002,0.0000,0.0001,0.0450,0.0001,200,20.4773
0.0341,0.0001,0.0000,0.0000,0.0339,0.0001,200,20.4911
0.0380,0.0001,0.0000,0.0000,0.0377,0.0000,200,20.4891
0.0342,0.0001,0.0000,0.0000,0.0339,0.0000,200,20.4936
0.0491,0.0002,0.0000,0.0000,0.0487,0.0001,200,20.4819
0.0503,0.0001,0.0000,0.0000,0.0501,0.0001,200,20.4914
0.0424,0.0001,0.0000,0.0000,0.0422,0.0001,200,20.4995
0.0510,0.0002,0.0000,0.0001,0.0506,0.0001,200,20.4992
0.0332,0.0001,0.0000,0.0000,0.0330,0.0001,200,20.5309
0.0389,0.0001,0.0000,0.0000,0.0386,0.0001,200,20.5278
0.0436,0.0001,0.0000,0.0000,0.0433,0.0001,200,20.5270
0.0508,0.0003,0.0000,0.0001,0.0503,0.0001,200,20.5227
0.0341,0.0002,0.0000,0.0000,0.0338,0.0001,200,20.5418
0.0520,0.0001,0.0000,0.0000,0.0518,0.0001,200,20.5252
0.0438,0.0001,0.0000,0.0000,0.0434,0.0001,200,20.5419
0.0383,0.0002,0.0000,0.0001,0.0379,0.0001,200,20.5502
0.0383,0.0002,0.0000,0.0000,0.0379,0.0001,200,20.5706
0.0449,0.0002,0.0000,0.0001,0.0446,0.0001,200,20.5642
0.0369,0.0001,0.0000,0.0000,0.0366,0.0001,200,20.5735
0.0386,0.0001,0.0000,0.0000,0.0383,0.0001,200,20.5759
0.0505,0.0001,0.0000,0.0001,0.0503,0.0001,200,20.5666
0.0478,0.0001,0.0000,0.0000,0.0475,0.0001,200,20.5773
0.0418,0.0001,0.0000,0.0000,0.0415,0.0001,200,20.5885
0.0480,0.0002,0.0000,0.0001,0.0476,0.0001,200,20.5857
0.0394,0.0001,0.0000,0.0000,0.0392,0.0001,200,20.6091
0.0395,0.0001,0.0000,0.0000,0.0393,0.0001,200,20.6104
0.0435,0.0002,0.0000,0.0001,0.0431,0.0001,200,20.6089
0.0399,0.0002,0.0000,0.0000,0.0395,0.0001,200,20.6145
0.0378,0.0002,0.0000,0.0001,0.0374,0.0001,200,20.6251
0.0473,0.0001,0.0000,0.0000,0.0470,0.0000,200,20.6172
0.0503,0.0002,0.0000,0.0001,0.0498,0.0001,200,20.6303
0.0520,0.0001,0.0000,0.0000,0.0517,0.0001,200,20.6336
0.0362,0.0001,0.0000,0.0000,0.0360,0.0000,200,20.6499
0.0355,0.0001,0.0000,0.0000,0.0353,0.0001,200,20.6524
0.0344,0.0002,0.0000,0.0000,0.0341,0.0001,200,20.6629
0.0496,0.0002,0.0000,0.0000,0.0493,0.0001,200,20.6486
0.0527,0.0001,0.0000,0.0000,0.0524,0.0001,200,20.6544
0.0475,0.0001,0.0000,0.0000,0.0472,0.0001,200,20.6644
0.0385,0.0002,0.0000,0.0001,0.0382,0.0001,200,20.6806
0.0391,0.0002,0.0000,0.0000,0.0388,0.0001,200,20.6857
0.0435,0.0001,0.0000,0.0000,0.0433,0.0001,200,20.6861
0.0456,0.0001,0.0000,0.0000,0.0454,0.0001,200,20.6879
0.0475,0.0002,0.0000,0.0001,0.0471,0.0001,200,20.6973
0.0473,0.0001,0.0000,0.0000,0.0471,0.0001,200,20.6982
0.0394,0.0002,0.0000,0.0001,0.0391,0.0001,200,20.7119
0.0470,0.0002,0.0000,0.0001,0.0466,0.0001,200,20.7071
0.0371,0.0002,0.0000,0.0001,0.0367,0.0001,200,20.7248
0.0383,0.0002,0.0000,0.0001,0.0379,0.0001,200,20.7296
0.0549,0.0002,0.0000,0.0001,0.0545,0.0001,200,20.7192
0.0372,0.0002,0.0000,0.0001,0.0368,0.0001,200,20.7449
0.0486,0.0001,0.0000,0.0000,0.0483,0.0001,200,20.7336
0.0377,0.0001,0.0000,0.0000,0.0374,0.0000,200,20.7455
0.0389,0.0001,0.0000,0.0000,0.0386,0.0001,200,20.7541
0.0459,0.0002,0.0000,0.0001,0.0455,0.0001,200,20.7513
0.0404,0.0001,0.0000,0.0001,0.0401,0.0001,200,20.7619
0.0377,0.0002,0.0000,0.0001,0.0374,0.0001,200,20.7679
0.0411,0.0002,0.0000,0.0001,0.0407,0.0001,200,20.7741
0.0371,0.0002,0.0000,0.0000,0.0368,0.0001,200,20.7821
0.0468,0.0001,0.0000,0.0000,0.0466,0.0001,200,20.7831
0.0533,0.0002,0.0000,0.0000,0.0530,0.0001,200,20.7821
0.0383,0.0002,0.0000,0.0001,0.0380,0.0000,200,20.7972
0.0461,0.0002,0.0000,0.0000,0.0457,0.0001,200,20.7930
0.0419,0.0001,0.0000,0.0000,0.0416,0.0001,200,20.8056
0.0465,0.0002,0.0000,0.0000,0.0461,0.0000,200,20.8023
0.0456,0.0002,0.0000,0.0001,0.0452,0.0001,200,20.8152
0.0485,0.0001,0.0000,0.0000,0.0481,0.0001,200,20.8192
0.0347,0.0002,0.0000,0.0001,0.0342,0.0001,200,20.8391
0.0443,0.0002,0.0000,0.0001,0.0439,0.0000,200,20.8300
0.0484,0.0002,0.0000,0.0000,0.0481,0.0001,200,20.8354
0.0376,0.0001,0.0000,0.0000,0.0373,0.0000,200,20.8475
0.0364,0.0001,0.0000,0.0000,0.0362,0.0000,200,20.8488
0.0521,0.0001,0.0000,0.0000,0.0519,0.0001,200,20.8355
0.0349,0.0002,0.0000,0.0000,0.0345,0.0001,200,20.8677
0.0470,0.0002,0.0000,0.0001,0.0466,0.0001,200,20.8608
0.0447,0.0001,0.0000,0.0000,0.0443,0.0001,200,20.8738
0.0348,0.0002,0.0000,0.0001,0.0344,0.0001,200,20.8838
0.0378,0.0001,0.0000,0.0000,0.0375,0.0001,200,20.8851
0.0381,0.0001,0.0000,0.0000,0.0379,0.0001,200,20.8877
0.0547,0.0001,0.0000,0.0000,0.0545,0.0001,200,20.8743
0.0480,0.0001,0.0000,0.0000,0.0477,0.0001,200,20.8851
0.0366,0.0002,0.0000,0.0001,0.0362,0.0001,200,20.9026
0.0391,0.0001,0.0000,0.0000,0.0388,0.0001,200,20.9078
0.0367,0.0002,0.0000,0.0001,0.0363,0.0001,200,20.9258
0.0453,0.0002,0.0000,0.0001,0.0449,0.0001,200,20.9185
0.0415,0.0003,0.0000,0.0001,0.0410,0.0000,200,20.9229
0.0463,0.0002,0.0000,0.0001,0.0460,0.0000,200,20.9186
0.0485,0.0002,0.0000,0.0000,0.0481,0.0001,200,20.9290
0.0454,0.0002,0.0000,0.0001,0.0450,0.0001,200,20.9331
0.0398,0.0002,0.0000,0.0000,0.0395,0.0000,200,20.9392
0.0434,0.0002,0.0000,0.0001,0.0430,0.0001,200,20.9469
0.0386,0.0001,0.0000,0.0000,0.0383,0.0001,200,20.9638
0.0398,0.0001,0.0000,0.0000,0.0396,0.0001,200,20.9649
0.0442,0.0002,0.0000,0.0000,0.0439,0.0001,200,20.9625
0.0359,0.0002,0.0000,0.0000,0.0356,0.0001,200,20.9775
0.0492,0.0001,0.0000,0.0000,0.0490,0.0000,200,20.9644
0.0482,0.0001,0.0000,0.0000,0.0479,0.0001,200,20.9785
0.0389,0.0001,0.0000,0.0001,0.0386,0.0001,200,20.9902
0.0541,0.0001,0.0000,0.0000,0.0538,0.0001,200,20.9791
0.0393,0.0002,0.0000,0.0001,0.0389,0.0001,200,21.0024
0.0376,0.0001,0.0000,0.0000,0.0373,0.0001,200,21.0047
0.0392,0.0002,0.0000,0.0001,0.0388,0.0001,200,21.0067
0.0393,0.0002,0.0000,0.0000,0.0389,0.0001,200,21.0135
0.0460,0.0001,0.0000,0.0000,0.0457,0.0001,200,21.0136
0.0448,0.0002,0.0000,0.0001,0.0444,0.0001,200,21.0267
0.0443,0.0001,0.0000,0.0000,0.0440,0.0001,200,21.0291
0.0353,0.0002,0.0000,0.0000,0.0349,0.0001,200,21.0418
0.0382,0.0001,0.0000,0.0000,0.0379,0.0001,200,21.0459
0.0521,0.0002,0.0000,0.0001,0.0518,0.0001,200,21.0331
0.0462,0.0001,0.0000,0.0000,0.0461,0.0001,200,21.0423
0.0374,0.0002,0.0000,0.0001,0.0371,0.0001,200,21.0528
0.0411,0.0002,0.0000,0.0000,0.0407,0.0001,200,21.0596
0.0373,0.0001,0.0000,0.0000,0.0370,0.0001,200,21.0734
0.0453,0.0002,0.0000,0.0000,0.0449,0.0001,200,21.0715
0.0389,0.0001,0.0000,0.0000,0.0386,0.0001,200,21.0852
0.0482,0.0002,0.0000,0.0001,0.0479,0.0001,200,21.0771
0.0383,0.0001,0.0000,0.0001,0.0380,0.0001,200,21.0886
0.0517,0.0002,0.0000,0.0001,0.0513,0.0001,200,21.0841
0.0370,0.0002,0.0000,0.0000,0.0367,0.0001,200,21.1007
0.0518,0.0001,0.0000,0.0000,0.0515,0.0001,200,21.0902
0.0389,0.0002,0.0000,0.0001,0.0385,0.0001,200,21.1107
0.0443,0.0002,0.0000,0.0001,0.0439,0.0001,200,21.1168
0.0371,0.0001,0.0000,0.0000,0.0368,0.0001,200,21.1269
0.0350,0.0001,0.0000,0.0000,0.0346,0.0001,200,21.1358
0.0464,0.0001,0.0000,0.0000,0.0462,0.0001,200,21.1253
0.0383,0.0001,0.0000,0.0000,0.0381,0.0001,200,21.1377
0.0533,0.0002,0.0000,0.0001,0.0530,0.0001,200,21.1241
0.0378,0.0002,0.0000,0.0001,0.0374,0.0001,200,21.1420
0.0415,0.0002,0.0000,0.0000,0.0411,0.0001,200,21.1496
0.0343,0.0002,0.0000,0.0001,0.0339,0.0001,200,21.1708
0.0346,0.0001,0.0000,0.0000,0.0344,0.0000,200,21.1717
0.0367,0.0001,0.0000,0.0000,0.0364,0.0001,200,21.1760
0.0524,0.0002,0.0000,0.0000,0.0521,0.0001,200,21.1612
0.0515,0.0002,0.0000,0.0001,0.0512,0.0000,200,21.1639
0.0364,0.0001,0.0000,0.0000,0.0362,0.0000,200,21.1798
0.0495,0.0001,0.0000,0.0000,0.0492,0.0001,200,21.1775
0.0395,0.0002,0.0000,0.0001,0.0392,0.0001,200,21.1911
0.0355,0.0001,0.0000,0.0000,0.0352,0.0001,200,21.2064
0.0450,0.0002,0.0000,0.0001,0.0445,0.0001,200,21.2051
0.0366,0.0001,0.0000,0.0000,0.0364,0.0000,200,21.2136
0.0375,0.0001,0.0000,0.0000,0.0373,0.0001,200,21.2163
0.0411,0.0002,0.0000,0.0001,0.0408,0.0000,200,21.2127
0.0398,0.0002,0.0000,0.0000,0.0394,0.0001,200,21.2270
0.0538,0.0001,0.0000,0.0000,0.0535,0.0001,200,21.2154
0.0434,0.0001,0.0000,0.0000,0.0431,0.0001,200,21.2306
0.0377,0.0001,0.0000,0.0000,0.0374,0.0001,200,21.2501
0.0472,0.0002,0.0000,0.0001,0.0468,0.0001,200,21.2419
0.0384,0.0001,0.0000,0.0000,0.0381,0.0001,200,21.2538
0.0385,0.0001,0.0000,0.0000,0.0383,0.0001,200,21.2539
0.0456,0.0002,0.0000,0.0000,0.0453,0.0001,200,21.2501
0.0437,0.0001,0.0000,0.0000,0.0434,0.0001,200,21.2692
0.0472,0.0002,0.0000,0.0001,0.0469,0.0001,200,21.2668
0.0444,0.0001,0.0000,0.0000,0.0441,0.0001,200,21.2740
0.0353,0.0002,0.0000,0.0000,0.0349,0.0001,200,21.2922
0.0397,0.0002,0.0000,0.0000,0.0393,0.0001,200,21.2878
0.0381,0.0001,0.0000,0.0000,0.0378,0.0001,200,21.2924
0.0360,0.0002,0.0000,0.0000,0.0357,0.0001,200,21.2957
0.0524,0.0001,0.0000,0.0000,0.0521,0.0001,200,21.2891
0.0401,0.0002,0.0000,0.0001,0.0397,0.0001,200,21.3129
0.0391,0.0001,0.0000,0.0000,0.0389,0.0000,200,21.3140
0.0398,0.0002,0.0000,0.0000,0.0395,0.0001,200,21.3184
0.0356,0.0001,0.0000,0.0000,0.0354,0.0001,200,21.3317
0.0524,0.0002,0.0000,0.0000,0.0520,0.0001,200,21.3275
0.0525,0.0002,0.0000,0.0001,0.0521,0.0001,200,21.3275
0.0392,0.0002,0.0000,0.0000,0.0389,0.0000,200,21.3415
0.0550,0.0002,0.0000,0.0000,0.0546,0.0001,200,21.3305
0.0366,0.0001,0.0000,0.0000,0.0364,0.0001,200,21.3531
0.0368,0.0002,0.0000,0.0000,0.0365,0.0001,200,21.3530
0.0410,0.0002,0.0000,0.0000,0.0406,0.0001,200,21.3583
0.0455,0.0001,0.0000,0.0001,0.0452,0.0001,200,21.3673
0.0378,0.0002,0.0000,0.0000,0.0374,0.0001,200,21.3799
0.0420,0.0001,0.0000,0.0000,0.0418,0.0001,200,21.3807
0.0354,0.0002,0.0000,0.0000,0.0351,0.0001,200,21.3898
0.0460,0.0001,0.0000,0.0000,0.0458,0.0000,200,21.3800
0.0368,0.0002,0.0000,0.0000,0.0364,0.0001,200,21.3992
0.0534,0.0002,0.0000,0.0001,0.0530,0.0001,200,21.3854
0.0517,0.0002,0.0000,0.0000,0.0513,0.0001,200,21.3898
0.0359,0.0002,0.0000,0.0000,0.0355,0.0001,200,21.4129
0.0388,0.0001,0.0000,0.0000,0.0385,0.0001,200,21.4260
0.0472,0.0002,0.0000,0.0001,0.0468,0.0001,200,21.4177
0.0470,0.0002,0.0000,0.0001,0.0466,0.0001,200,21.4227
0.0369,0.0002,0.0000,0.0000,0.0366,0.0001,200,21.4360
0.0506,0.0001,0.0000,0.0000,0.0503,0.0001,200,21.4252
0.0383,0.0001,0.0000,0.0000,0.0381,0.0000,200,21.4388
0.0458,0.0002,0.0000,0.0001,0.0454,0.0001,200,21.4415
0.0427,0.0002,0.0000,0.0000,0.0423,0.0001,200,21.4487
0.0369,0.0002,0.0000,0.0000,0.0365,0.0001,200,21.4730
0.0487,0.0001,0.0000,0.0000,0.0485,0.0001,200,21.4650
0.0490,0.0002,0.0000,0.0000,0.0486,0.0001,200,21.4647
0.0379,0.0001,0.0000,0.0000,0.0377,0.0001,200,21.4772
0.0489,0.0003,0.0000,0.0001,0.0484,0.0002,200,21.4698
0.0493,0.0001,0.0000,0.0000,0.0490,0.0001,200,21.4758
0.0395,0.0002,0.0000,0.0000,0.0391,0.0001,200,21.4872
0.0380,0.0002,0.0000,0.0001,0.0377,0.0001,200,21.4914
0.0381,0.0002,0.0000,0.0001,0.0377,0.0001,200,21.5098
0.0374,0.0002,0.0000,0.0000,0.0371,0.0001,200,21.5137
0.0379,0.0002,0.0000,0.0001,0.0374,0.0001,200,21.5187
0.0342,0.0001,0.0000,0.0000,0.0340,0.0001,200,21.5267
0.0507,0.0002,0.0000,0.0000,0.0504,0.0001,200,21.5137
0.0504,0.0001,0.0000,0.0000,0.0502,0.0001,200,21.5151
0.0367,0.0001,0.0000,0.0000,0.0364,0.0000,200,21.5294
0.0543,0.0002,0.0000,0.0001,0.0539,0.0001,200,21.5250
0.0378,0.0002,0.0000,0.0000,0.0374,0.0001,200,21.5479
0.0378,0.0002,0.0000,0.0000,0.0375,0.0001,200,21.5511
0.0382,0.0002,0.0000,0.0000,0.0379,0.0001,200,21.5566
0.0369,0.0002,0.0000,0.0000,0.0365,0.0001,200,21.5644
0.0476,0.0002,0.0000,0.0001,0.0472,0.0001,200,21.5610
0.0438,0.0001,0.0000,0.0000,0.0436,0.0001,200,21.5661
0.0510,0.0001,0.0000,0.0000,0.0508,0.0001,200,21.5655
0.0407,0.0002,0.0000,0.0001,0.0403,0.0001,200,21.5793
0.0393,0.0002,0.0000,0.0001,0.0389,0.0001,200,21.5889
0.0466,0.0002,0.0000,0.0001,0.0462,0.0001,200,21.5857
0.0381,0.0001,0.0000,0.0001,0.0378,0.0000,200,21.5948
0.0403,0.0002,0.0000,0.0001,0.0399,0.0001,200,21.6013
0.0392,0.0002,0.0000,0.0001,0.0388,0.0001,200,21.6086
0.0381,0.0002,0.0000,0.0000,0.0377,0.0001,200,21.6165
0.0494,0.0001,0.0000,0.0000,0.0491,0.0001,200,21.6099
0.0377,0.0002,0.0000,0.0001,0.0373,0.0001,200,21.6323
0.0373,0.0001,0.0000,0.0000,0.0371,0.0001,200,21.6329
0.0472,0.0002,0.0000,0.0001,0.0469,0.0001,200,21.6282
0.0557,0.0002,0.0000,0.0000,0.0554,0.0000,200,21.6201
0.0358,0.0002,0.0000,0.0000,0.0355,0.0001,200,21.6416
0.0370,0.0002,0.0000,0.0000,0.0366,0.0001,200,21.6478
0.0379,0.0002,0.0000,0.0000,0.0375,0.0001,200,21.6546
0.0459,0.0001,0.0000,0.0000,0.0456,0.0001,200,21.6593
0.0397,0.0001,0.0000,0.0000,0.0394,0.0001,200,21.6703
0.0371,0.0002,0.0000,0.0000,0.0368,0.0001,200,21.6755
0.0456,0.0002,0.0000,0.0001,0.0452,0.0001,200,21.6700
0.0478,0.0001,0.0000,0.0000,0.0475,0.0001,200,21.6758
0.0494,0.0001,0.0000,0.0000,0.0491,0.0001,200,21.6775
0.0389,0.0001,0.0000,0.0000,0.0385,0.0001,200,21.6926
0.0575,0.0002,0.0000,0.0001,0.0571,0.0001,200,21.6848
0.0379,0.0002,0.0000,0.0000,0.0375,0.0000,200,21.7052
0.0374,0.0002,0.0000,0.0001,0.0370,0.0001,200,21.7100
0.0402,0.0001,0.0000,0.0000,0.0399,0.0001,200,21.7125
0.0392,0.0002,0.0000,0.0001,0.0388,0.0001,200,21.7157
0.0369,0.0002,0.0000,0.0001,0.0365,0.0001,200,21.7236
0.0432,0.0002,0.0000,0.0000,0.0428,0.0001,200,21.7268
0.0449,0.0002,0.0000,0.0001,0.0445,0.0001,200,21.7314
0.0410,0.0002,0.0000,0.0001,0.0406,0.0001,200,21.7424
0.0381,0.0001,0.0000,0.0000,0.0378,0.0001,200,21.7548
0.0461,0.0002,0.0000,0.0001,0.0458,0.0000,200,21.7474
0.0515,0.0001,0.0000,0.0000,0.0513,0.0000,200,21.7431
0.0429,0.0001,0.0000,0.0000,0.0427,0.0001,200,21.7528
0.0433,0.0002,0.0000,0.0000,0.0430,0.0001,200,21.7605
0.0425,0.0003,0.0000,0.0001,0.0420,0.0001,200,21.7701
0.0434,0.0002,0.0000,0.0001,0.0431,0.0001,200,21.7763
0.0430,0.0002,0.0000,0.0001,0.0426,0.0001,200,21.7834
0.0379,0.0001,0.0000,0.0000,0.0376,0.0001,200,21.7945
0.0407,0.0001,0.0000,0.0000,0.0404,0.0001,200,21.7929
0.0468,0.0001,0.0000,0.0000,0.0465,0.0001,200,21.7935
0.0491,0.0001,0.0000,0.0000,0.0488,0.0001,200,21.7957
0.0483,0.0001,0.0000,0.0001,0.0480,0.0001,200,21.8039
0.0376,0.0002,0.0000,0.0001,0.0373,0.0001,200,21.8197
0.0449,0.0002,0.0000,0.0000,0.0446,0.0000,200,21.8126
0.0432,0.0002,0.0000,0.0000,0.0428,0.0001,200,21.8264
0.0432,0.0002,0.0000,0.0001,0.0428,0.0001,200,21.8325
0.0434,0.0001,0.0000,0.0000,0.0431,0.0001,200,21.8336
0.0364,0.0002,0.0000,0.0001,0.0360,0.0001,200,21.8448
0.0473,0.0002,0.0000,0.0001,0.0468,0.0001,200,21.8403
0.0355,0.0002,0.0000,0.0000,0.0352,0.0001,200,21.8522
0.0372,0.0002,0.0000,0.0000,0.0369,0.0001,200,21.8574
0.0483,0.0001,0.0000,0.0000,0.0481,0.0001,200,21.8575
0.0376,0.0002,0.0000,0.0001,0.0372,0.0000,200,21.8696
0.0377,0.0002,0.0000,0.0001,0.0373,0.0001,200,21.8812
0.0367,0.0002,0.0000,0.0000,0.0363,0.0001,200,21.8876
0.0475,0.0001,0.0000,0.0000,0.0473,0.0001,200,21.8769
0.0504,0.0002,0.0000,0.0000,0.0500,0.0001,200,21.8757
0.0366,0.0002,0.0000,0.0000,0.0362,0.0001,200,21.8946
0.0509,0.0001,0.0000,0.0000,0.0507,0.0001,200,21.8877
0.0364,0.0001,0.0000,0.0000,0.0360,0.0001,200,21.9058
0.0441,0.0001,0.0000,0.0000,0.0438,0.0001,200,21.9072
0.0403,0.0002,0.0000,0.0001,0.0399,0.0001,200,21.9190
0.0396,0.0001,0.0000,0.0000,0.0392,0.0001,200,21.9243
0.0431,0.0002,0.0000,0.0001,0.0427,0.0001,200,21.9312
0.0530,0.0001,0.0000,0.0000,0.0528,0.0001,200,21.9244
0.0393,0.0002,0.0000,0.0001,0.0390,0.0001,200,21.9386
0.0524,0.0001,0.0000,0.0000,0.0522,0.0000,200,21.9261
0.0392,0.0002,0.0000,0.0001,0.0388,0.0001,200,21.9513
0.0508,0.0002,0.0000,0.0001,0.0504,0.0001,200,21.9422
0.0423,0.0002,0.0000,0.0000,0.0419,0.0001,200,21.9593
0.0448,0.0001,0.0000,0.0000,0.0445,0.0001,200,21.9638
0.0364,0.0001,0.0000,0.0000,0.0361,0.0001,200,21.9775
0.0402,0.0002,0.0000,0.0001,0.0397,0.0001,200,21.9743
0.0417,0.0001,0.0000,0.0000,0.0415,0.0001,200,21.9780
0.0452,0.0001,0.0000,0.0000,0.0450,0.0001,200,21.9785
0.0431,0.0001,0.0000,0.0000,0.0428,0.0001,200,21.9929
0.0506,0.0002,0.0000,0.0001,0.0502,0.0001,200,21.9905
0.0427,0.0002,0.0000,0.0000,0.0423,0.0001,200,22.0016
0.0380,0.0002,0.0000,0.0000,0.0376,0.0001,200,22.0139
0.0468,0.0002,0.0000,0.0001,0.0464,0.0001,200,22.0087
0.0370,0.0001,0.0000,0.0000,0.0367,0.0000,200,22.0197
0.0465,0.0001,0.0000,0.0000,0.0462,0.0001,200,22.0145
0.0433,0.0002,0.0000,0.0001,0.0430,0.0001,200,22.0237
0.0408,0.0002,0.0000,0.0001,0.0403,0.0001,200,22.0361
0.0366,0.0001,0.0000,0.0000,0.0364,0.0000,200,22.0411
0.0452,0.0002,0.0000,0.0000,0.0448,0.0001,200,22.0443
0.0369,0.0002,0.0000,0.0000,0.0365,0.0001,200,22.0610
0.0475,0.0002,0.0000,0.0001,0.0471,0.0001,200,22.0519
0.0528,0.0002,0.0000,0.0000,0.0524,0.0001,200,22.0555
0.0545,0.0001,0.0000,0.0000,0.0542,0.0001,200,22.0567
0.0464,0.0001,0.0000,0.0000,0.0461,0.0001,200,22.0670
0.0358,0.0001,0.0000,0.0000,0.0356,0.0001,200,22.0777
0.0476,0.0002,0.0000,0.0000,0.0473,0.0001,200,22.0769
0.0425,0.0002,0.0000,0.0001,0.0421,0.0001,200,22.0894
0.0372,0.0001,0.0000,0.0000,0.0369,0.0001,200,22.0994
0.0426,0.0002,0.0000,0.0000,0.0423,0.0001,200,22.0979
0.0365,0.0001,0.0000,0.0000,0.0362,0.0001,200,22.1134
0.0420,0.0002,0.0000,0.0001,0.0416,0.0001,200,22.1111
0.0472,0.0002,0.0000,0.0001,0.0468,0.0001,200,22.1083
0.0473,0.0001,0.0000,0.0000,0.0471,0.0001,200,22.1135
0.0402,0.0002,0.0000,0.0001,0.0398,0.0001,200,22.1320
0.0506,0.0002,0.0000,0.0001,0.0502,0.0001,200,22.1245
0.0387,0.0001,0.0000,0.0000,0.0384,0.0001,200,22.1405
0.0481,0.0002,0.0000,0.0001,0.0477,0.0001,200,22.1366
0.0371,0.0001,0.0000,0.0000,0.0367,0.0001,200,22.1555
0.0389,0.0001,0.0000,0.0000,0.0385,0.0001,200,22.1608
0.0505,0.0002,0.0000,0.0001,0.0502,0.0000,200,22.1500
0.0491,0.0002,0.0000,0.0000,0.0488,0.0001,200,22.1531
0.0400,0.0002,0.0000,0.0001,0.0395,0.0001,200,22.1722
0.0433,0.0001,0.0000,0.0000,0.0429,0.0001,200,22.1847
0.0536,0.0002,0.0000,0.0001,0.0533,0.0000,200,22.1751
0.0512,0.0003,0.0000,0.0001,0.0508,0.0001,200,22.1792
0.0529,0.0002,0.0000,0.0001,0.0524,0.0001,200,22.1926
0.0451,0.0001,0.0000,0.0000,0.0448,0.0002,200,22.2005
0.0505,0.0002,0.0000,0.0001,0.0500,0.0001,200,22.1997
0.0492,0.0002,0.0000,0.0000,0.0489,0.0001,200,22.2022
0.0493,0.0002,0.0000,0.0000,0.0490,0.0001,200,22.2122
0.0400,0.0002,0.0000,0.0000,0.0396,0.0001,200,22.2280
0.0438,0.0001,0.0000,0.0000,0.0436,0.0001,200,22.2287
0.0436,0.0001,0.0000,0.0000,0.0433,0.0001,200,22.2304
0.0473,0.0002,0.0000,0.0001,0.0468,0.0001,200,22.2455
0.0497,0.0002,0.0000,0.0001,0.0494,0.0001,200,22.2456
0.0467,0.0001,0.0000,0.0000,0.0464,0.0001,200,22.2514
0.0521,0.0001,0.0000,0.0000,0.0518,0.0001,200,22.2502
0.0350,0.0002,0.0000,0.0001,0.0346,0.0001,200,22.2680
0.0363,0.0001,0.0000,0.0000,0.0360,0.0001,200,22.2740
0.0520,0.0001,0.0000,0.0001,0.0517,0.0001,200,22.2615
0.0510,0.0002,0.0000,0.0000,0.0507,0.0001,200,22.2725
0.0389,0.0002,0.0000,0.0001,0.0385,0.0002,200,22.2953
0.0397,0.0001,0.0000,0.0000,0.0394,0.0001,200,22.2981
0.0375,0.0002,0.0000,0.0000,0.0372,0.0001,200,22.3023
0.0377,0.0001,0.0000,0.0000,0.0375,0.0000,200,22.3030
0.0523,0.0002,0.0000,0.0001,0.0519,0.0001,200,22.2928
0.0369,0.0001,0.0000,0.0000,0.0366,0.0001,200,22.3135
0.0476,0.0002,0.0000,0.0001,0.0471,0.0001,200,22.3103
0.0438,0.0001,0.0000,0.0000,0.0435,0.0001,200,22.3235
0.0413,0.0003,0.0000,0.0001,0.0407,0.0001,200,22.3343
0.0395,0.0002,0.0000,0.0000,0.0392,0.0001,200,22.3378
0.0390,0.0001,0.0000,0.0000,0.0388,0.0001,200,22.3398
0.0390,0.0001,0.0000,0.0000,0.0386,0.0001,200,22.3451
0.0377,0.0002,0.0000,0.0001,0.0374,0.0001,200,22.3504
0.0483,0.0001,0.0000,0.0000,0.0481,0.0000,200,22.3407
0.0470,0.0002,0.0000,0.0000,0.0467,0.0001,200,22.3579
0.0363,0.0001,0.0000,0.0000,0.0360,0.0001,200,22.3773
0.0488,0.0002,0.0000,0.0000,0.0485,0.0001,200,22.3674
0.0453,0.0002,0.0000,0.0000,0.0450,0.0001,200,22.3756
0.0350,0.0001,0.0000,0.0000,0.0348,0.0001,200,22.3890
0.0413,0.0001,0.0000,0.0000,0.0410,0.0001,200,22.3841
0.0395,0.0001,0.0000,0.0000,0.0393,0.0001,200,22.3881
0.0555,0.0001,0.0000,0.0000,0.0553,0.0001,200,22.3788
0.0402,0.0002,0.0000,0.0000,0.0399,0.0001,200,22.4050
0.0377,0.0002,0.0000,0.0001,0.0372,0.0001,200,22.4209
0.0476,0.0002,0.0000,0.0000,0.0473,0.0001,200,22.4136
0.0369,0.0001,0.0000,0.0000,0.0367,0.0001,200,22.4253
0.0496,0.0001,0.0000,0.0000,0.0493,0.0001,200,22.4162
0.0454,0.0002,0.0000,0.0001,0.0451,0.0001,200,22.4240
0.0421,0.0001,0.0000,0.0000,0.0419,0.0000,200,22.4277
0.0407,0.0002,0.0000,0.0001,0.0403,0.0001,200,22.4343
0.0482,0.0002,0.0000,0.0001,0.0478,0.0001,200,22.4452
0.0400,0.0002,0.0000,0.0001,0.0396,0.0001,200,22.4586
0.0376,0.0001,0.0000,0.0000,0.0373,0.0001,200,22.4623
0.0352,0.0001,0.0000,0.0000,0.0349,0.0001,200,22.4695
0.0506,0.0001,0.0000,0.0000,0.0502,0.0001,200,22.4612
0.0497,0.0002,0.0000,0.0001,0.0493,0.0001,200,22.4659
0.0480,0.0001,0.0000,0.0000,0.0478,0.0001,200,22.4698
0.0429,0.0002,0.0000,0.0001,0.0425,0.0000,200,22.4750
0.0353,0.0002,0.0000,0.0000,0.0350,0.0001,200,22.5047
0.0404,0.0001,0.0000,0.0000,0.0402,0.0000,200,22.4998
0.0473,0.0002,0.0000,0.0001,0.0469,0.0000,200,22.4934
0.0520,0.0002,0.0000,0.0000,0.0516,0.0001,200,22.4986
0.0455,0.0003,0.0000,0.0001,0.0449,0.0001,200,22.5118
0.0402,0.0001,0.0000,0.0000,0.0400,0.0001,200,22.5179
0.0453,0.0002,0.0000,0.0000,0.0450,0.0001,200,22.5156
0.0467,0.0001,0.0000,0.0000,0.0464,0.0001,200,22.5178
0.0376,0.0001,0.0000,0.0000,0.0373,0.0001,200,22.5399
0.0440,0.0001,0.0000,0.0000,0.0438,0.0001,200,22.5402
0.0439,0.0001,0.0000,0.0000,0.0437,0.0001,200,22.5407
0.0364,0.0002,0.0000,0.0001,0.0360,0.0001,200,22.5506
0.0437,0.0001,0.0000,0.0000,0.0434,0.0001,200,22.5582
0.0447,0.0002,0.0000,0.0001,0.0443,0.0001,200,22.5572
0.0423,0.0002,0.0000,0.0001,0.0420,0.0000,200,22.5610
0.0451,0.0002,0.0000,0.0000,0.0447,0.0001,200,22.5646
0.0385,0.0002,0.0000,0.0001,0.0381,0.0001,200,22.5775
0.0370,0.0001,0.0000,0.0000,0.0367,0.0001,200,22.5846
0.0423,0.0001,0.0000,0.0000,0.0421,0.0001,200,22.5870
0.0470,0.0002,0.0000,0.0001,0.0467,0.0001,200,22.5843
0.0386,0.0002,0.0000,0.0000,0.0382,0.0001,200,22.6019
0.0430,0.0001,0.0000,0.0000,0.0428,0.0001,200,22.6033
0.0380,0.0002,0.0000,0.0000,0.0377,0.0001,200,22.6097
0.0538,0.0001,0.0000,0.0000,0.0534,0.0001,200,22.6020
0.0359,0.0002,0.0000,0.0001,0.0356,0.0001,200,22.6216
0.0446,0.0002,0.0000,0.0000,0.0442,0.0001,200,22.6161
0.0406,0.0002,0.0000,0.0000,0.0403,0.0001,200,22.6293
0.0446,0.0001,0.0000,0.0000,0.0443,0.0001,200,22.6313
0.0402,0.0002,0.0000,0.0001,0.0398,0.0001,200,22.6405
0.0375,0.0001,0.0000,0.0000,0.0371,0.0002,200,22.6575
0.0399,0.0002,0.0000,0.0000,0.0396,0.0001,200,22.6557
0.0524,0.0001,0.0000,0.0000,0.0521,0.0001,200,22.6476
0.0537,0.0002,0.0000,0.0001,0.0534,0.0001,200,22.6463
0.0439,0.0001,0.0000,0.0000,0.0436,0.0001,200,22.6607
0.0403,0.0002,0.0000,0.0001,0.0398,0.0001,200,22.6759
0.0479,0.0002,0.0000,0.0001,0.0475,0.0001,200,22.6700
0.0433,0.0001,0.0000,0.0000,0.0430,0.0001,200,22.6807
0.0394,0.0002,0.0000,0.0001,0.0390,0.0001,200,22.6950
0.0396,0.0001,0.0000,0.0001,0.0393,0.0001,200,22.7001
0.0403,0.0002,0.0000,0.0001,0.0400,0.0000,200,22.7000
0.0449,0.0001,0.0000,0.0000,0.0447,0.0000,200,22.6956
0.0411,0.0002,0.0000,0.0001,0.0407,0.0001,200,22.7161
0.0534,0.0001,0.0000,0.0000,0.0531,0.0000,200,22.7046
0.0422,0.0001,0.0000,0.0000,0.0419,0.0001,200,22.7179
0.0368,0.0002,0.0000,0.0000,0.0366,0.0000,200,22.7240
0.0418,0.0001,0.0000,0.0000,0.0416,0.0001,200,22.7404
0.0498,0.0002,0.0000,0.0001,0.0494,0.0001,200,22.7344
0.0437,0.0001,0.0000,0.0000,0.0436,0.0000,200,22.7406
0.0475,0.0002,0.0000,0.0000,0.0472,0.0001,200,22.7397
0.0366,0.0001,0.0000,0.0000,0.0363,0.0001,200,22.7579
0.0410,0.0001,0.0000,0.0001,0.0407,0.0001,200,22.7572
0.0374,0.0001,0.0000,0.0000,0.0372,0.0001,200,22.7609
0.0426,0.0001,0.0000,0.0000,0.0423,0.0001,200,22.7601
0.0339,0.0001,0.0000,0.0000,0.0336,0.0001,200,22.7872
0.0440,0.0002,0.0000,0.0000,0.0436,0.0001,200,22.7822
0.0468,0.0001,0.0000,0.0000,0.0466,0.0001,200,22.7843
0.0370,0.0002,0.0000,0.0000,0.0366,0.0001,200,22.7983
0.0513,0.0001,0.0000,0.0000,0.0510,0.0000,200,22.7843
0.0479,0.0002,0.0000,0.0001,0.0475,0.0001,200,22.7945
0.0428,0.0002,0.0000,0.0000,0.0425,0.0001,200,22.8027
0.0490,0.0002,0.0000,0.0000,0.0487,0.0001,200,22.7983
0.0377,0.0002,0.0000,0.0001,0.0374,0.0001,200,22.8212
0.0362,0.0002,0.0000,0.0001,0.0358,0.0001,200,22.8261
0.0376,0.0001,0.0000,0.0000,0.0373,0.0001,200,22.8355
0.0432,0.0001,0.0000,0.0000,0.0429,0.0001,200,22.8311
0.0416,0.0002,0.0000,0.0000,0.0413,0.0001,200,22.8353
0.0453,0.0002,0.0000,0.0000,0.0449,0.0001,200,22.8425
0.0442,0.0001,0.0000,0.0000,0.0439,0.0001,200,22.8455
0.0478,0.0001,0.0000,0.0000,0.0475,0.0001,200,22.8473
0.0371,0.0001,0.0000,0.0000,0.0368,0.0001,200,22.8623
0.0420,0.0002,0.0000,0.0000,0.0417,0.0001,200,22.8589
0.0373,0.0002,0.0000,0.0000,0.0369,0.0001,200,22.8731
0.0386,0.0001,0.0000,0.0000,0.0383,0.0001,200,22.8769
0.0442,0.0001,0.0000,0.0000,0.0440,0.0001,200,22.8743
0.0397,0.0001,0.0000,0.0000,0.0393,0.0001,200,22.8878
0.0410,0.0002,0.0000,0.0000,0.0406,0.0001,200,22.8898
0.0368,0.0002,0.0000,0.0001,0.0365,0.0001,200,22.8951
0.0381,0.0001,0.0000,0.0000,0.0378,0.0001,200,22.8994
0.0433,0.0001,0.0000,0.0000,0.0430,0.0001,200,22.9009
0.0533,0.0002,0.0000,0.0000,0.0529,0.0001,200,22.9104
0.0366,0.0002,0.0000,0.0001,0.0362,0.0000,200,22.9275
0.0489,0.0002,0.0000,0.0000,0.0486,0.0000,200,22.9155
0.0359,0.0002,0.0000,0.0000,0.0355,0.0001,200,22.9308
0.0482,0.0001,0.0000,0.0000,0.0479,0.0001,200,22.9186
0.0432,0.0001,0.0000,0.0000,0.0429,0.0001,200,22.9319
0.0407,0.0002,0.0000,0.0001,0.0403,0.0001,200,22.9375
0.0428,0.0002,0.0000,0.0001,0.0424,0.0001,200,22.9442
0.0373,0.0001,0.0000,0.0000,0.0371,0.0001,200,22.9645
0.0378,0.0001,0.0000,0.0000,0.0376,0.0000,200,22.9641
0.0416,0.0001,0.0000,0.0000,0.0413,0.0001,200,22.9666
0.0472,0.0002,0.0000,0.0001,0.0468,0.0001,200,22.9637
0.0487,0.0001,0.0000,0.0000,0.0485,0.0001,200,22.9668
0.0471,0.0002,0.0000,0.0001,0.0466,0.0001,200,22.9752
0.0496,0.0002,0.0000,0.0001,0.0491,0.0001,200,22.9782
0.0455,0.0002,0.0000,0.0001,0.0451,0.0001,200,22.9871
0.0379,0.0002,0.0000,0.0001,0.0374,0.0001,200,23.0018
0.0358,0.0001,0.0000,0.0000,0.0355,0.0001,200,23.0082
0.0457,0.0001,0.0000,0.0000,0.0454,0.0001,200,23.0019
0.0390,0.0002,0.0000,0.0001,0.0386,0.0001,200,23.0155
0.0452,0.0001,0.0000,0.0000,0.0450,0.0000,200,23.0109
0.0358,0.0002,0.0000,0.0000,0.0354,0.0001,200,23.0325
0.0484,0.0002,0.0000,0.0001,0.0481,0.0001,200,23.0222
0.0472,0.0002,0.0000,0.0000,0.0468,0.0001,200,23.0278
0.0360,0.0001,0.0000,0.0000,0.0357,0.0001,200,23.0441
0.0464,0.0002,0.0000,0.0000,0.0460,0.0001,200,23.0397
0.0388,0.0002,0.0000,0.0000,0.0385,0.0001,200,23.0476
0.0377,0.0002,0.0000,0.0001,0.0373,0.0001,200,23.0545
0.0367,0.0002,0.0000,0.0001,0.0363,0.0001,200,23.0683
0.0374,0.0001,0.0000,0.0000,0.0371,0.0001,200,23.0707
0.0526,0.0001,0.0000,0.0000,0.0524,0.0000,200,23.0562
0.0361,0.0002,0.0000,0.0001,0.0357,0.0001,200,23.0861
0.0474,0.0002,0.0000,0.0001,0.0471,0.0001,200,23.0750
0.0435,0.0002,0.0000,0.0001,0.0431,0.0001,200,23.0802
0.0393,0.0002,0.0000,0.0000,0.0389,0.0001,200,23.0922
0.0464,0.0001,0.0000,0.0000,0.0462,0.0001,200,23.0864
0.0397,0.0002,0.0000,0.0000,0.0393,0.0001,200,23.1050
0.0392,0.0001,0.0000,0.0000,0.0390,0.0001,200,23.1081
0.0390,0.0001,0.0000,0.0000,0.0389,0.0001,200,23.1087
0.0356,0.0002,0.0000,0.0001,0.0352,0.0001,200,23.1222
0.0393,0.0001,0.0000,0.0000,0.0391,0.0001,200,23.1237
0.0476,0.0001,0.0000,0.0000,0.0473,0.0001,200,23.1224
0.0407,0.0002,0.0000,0.0001,0.0403,0.0001,200,23.1315
0.0456,0.0001,0.0000,0.0000,0.0453,0.0001,200,23.1329
0.0391,0.0002,0.0000,0.0001,0.0386,0.0001,200,23.1448
0.0450,0.0001,0.0000,0.0000,0.0447,0.0001,200,23.1478
0.0454,0.0001,0.0000,0.0000,0.0452,0.0001,200,23.1473
0.0397,0.0002,0.0000,0.0001,0.0393,0.0001,200,23.1578
0.0448,0.0002,0.0000,0.0000,0.0444,0.0001,200,23.1630
0.0373,0.0001,0.0000,0.0000,0.0371,0.0001,200,23.1722
0.0418,0.0002,0.0000,0.0001,0.0414,0.0001,200,23.1700
0.0471,0.0002,0.0000,0.0000,0.0468,0.0001,200,23.1785
0.0425,0.0002,0.0000,0.0001,0.0422,0.0000,200,23.1839
0.0442,0.0001,0.0000,0.0000,0.0438,0.0001,200,23.1928
0.0463,0.0002,0.0000,0.0000,0.0460,0.0001,200,23.1928
0.0459,0.0002,0.0000,0.0000,0.0456,0.0001,200,23.1974
0.0391,0.0001,0.0000,0.0000,0.0388,0.0001,200,23.2095
0.0461,0.0002,0.0000,0.0000,0.0457,0.0001,200,23.2078
0.0452,0.0001,0.0000,0.0000,0.0449,0.0001,200,23.2118
0.0370,0.0001,0.0000,0.0000,0.0368,0.0001,200,23.2264
0.0416,0.0002,0.0000,0.0000,0.0413,0.0001,200,23.2256
0.0396,0.0002,0.0000,0.0000,0.0392,0.0001,200,23.2370
0.0359,0.0002,0.0000,0.0000,0.0356,0.0001,200,23.2434
0.0396,0.0002,0.0000,0.0001,0.0391,0.0001,200,23.2487
0.0370,0.0001,0.0000,0.0001,0.0367,0.0001,200,23.2539
0.0529,0.0001,0.0000,0.0000,0.0527,0.0001,200,23.2391
0.0448,0.0002,0.0000,0.0000,0.0444,0.0001,200,23.2570
0.0377,0.0001,0.0000,0.0000,0.0374,0.0001,200,23.2673
0.0468,0.0002,0.0000,0.0001,0.0464,0.0001,200,23.2635
0.0445,0.0002,0.0000,0.0000,0.0441,0.0001,200,23.2766
0.0465,0.0001,0.0000,0.0000,0.0461,0.0001,200,23.2793
0.0387,0.0002,0.0000,0.0000,0.0383,0.0001,200,23.2882
0.0377,0.0001,0.0000,0.0000,0.0374,0.0001,200,23.2920
0.0474,0.0001,0.0000,0.0000,0.0471,0.0001,200,23.2909
0.0410,0.0002,0.0000,0.0001,0.0405,0.0001,200,23.3018
0.0359,0.0001,0.0000,0.0001,0.0356,0.0001,200,23.3103
0.0476,0.0001,0.0000,0.0001,0.0472,0.0001,200,23.3050
0.0408,0.0002,0.0000,0.0001,0.0404,0.0001,200,23.3211
0.0383,0.0002,0.0000,0.0000,0.0379,0.0001,200,23.3297
0.0426,0.0002,0.0000,0.0001,0.0423,0.0001,200,23.3258
0.0441,0.0001,0.0000,0.0000,0.0439,0.0001,200,23.3269
0.0374,0.0002,0.0000,0.0001,0.0369,0.0001,200,23.3428
0.0453,0.0002,0.0000,0.0001,0.0448,0.0001,200,23.3383
0.0427,0.0002,0.0000,0.0001,0.0423,0.0001,200,23.3462
0.0449,0.0002,0.0000,0.0000,0.0445,0.0001,200,23.3525
0.0377,0.0001,0.0000,0.0000,0.0375,0.0001,200,23.3684
0.0367,0.0001,0.0000,0.0000,0.0364,0.0001,200,23.3710
0.0476,0.0002,0.0000,0.0000,0.0472,0.0001,200,23.3619
0.0499,0.0002,0.0000,0.0000,0.0495,0.0001,200,23.3681
0.0393,0.0002,0.0000,0.0001,0.0389,0.0001,200,23.3802
0.0364,0.0002,0.0000,0.0000,0.0361,0.0001,200,23.3836
0.0440,0.0002,0.0000,0.0001,0.0436,0.0001,200,23.3889
0.0450,0.0002,0.0000,0.0001,0.0446,0.0001,200,23.3974
0.0355,0.0001,0.0000,0.0000,0.0352,0.0001,200,23.4095
0.0444,0.0002,0.0000,0.0000,0.0440,0.0001,200,23.4062
0.0467,0.0001,0.0000,0.0000,0.0465,0.0001,200,23.4077
0.0362,0.0001,0.0000,0.0000,0.0360,0.0001,200,23.4200
0.0379,0.0001,0.0000,0.0000,0.0376,0.0001,200,23.4195
0.0467,0.0002,0.0000,0.0000,0.0463,0.0001,200,23.4180
0.0456,0.0002,0.0000,0.0000,0.0453,0.0001,200,23.4329
0.0378,0.0002,0.0000,0.0001,0.0373,0.0001,200,23.4506
0.0457,0.0001,0.0000,0.0000,0.0454,0.0001,200,23.4450
0.0382,0.0002,0.0000,0.0001,0.0379,0.0001,200,23.4545
0.0368,0.0001,0.0000,0.0000,0.0366,0.0000,200,23.4562
0.0542,0.0002,0.0000,0.0001,0.0537,0.0001,200,23.4424
0.0367,0.0002,0.0000,0.0001,0.0364,0.0001,200,23.4646
0.0497,0.0001,0.0000,0.0000,0.0495,0.0001,200,23.4574
0.0434,0.0001,0.0000,0.0000,0.0430,0.0001,200,23.4785
0.0358,0.0001,0.0000,0.0000,0.0354,0.0001,200,23.4907
0.0369,0.0001,0.0000,0.0000,0.0366,0.0001,200,23.4927
0.0468,0.0002,0.0000,0.0001,0.0464,0.0001,200,23.4884
0.0430,0.0001,0.0000,0.0000,0.0428,0.0000,200,23.4931
0.0487,0.0002,0.0000,0.0000,0.0484,0.0001,200,23.4967
0.0489,0.0002,0.0000,0.0001,0.0484,0.0001,200,23.5014
0.0456,0.0002,0.0000,0.0001,0.0452,0.0001,200,23.5071
0.0341,0.0001,0.0000,0.0000,0.0337,0.0001,200,23.5352
0.0473,0.0002,0.0000,0.0001,0.0469,0.0001,200,23.5219
0.0401,0.0001,0.0000,0.0000,0.0398,0.0001,200,23.5296
0.0399,0.0001,0.0000,0.0000,0.0397,0.0001,200,23.5361
0.0529,0.0002,0.0000,0.0001,0.0524,0.0001,200,23.5264
0.0391,0.0002,0.0000,0.0000,0.0387,0.0001,200,23.5454
0.0366,0.0002,0.0000,0.0001,0.0363,0.0001,200,23.5503
0.0471,0.0001,0.0000,0.0000,0.0468,0.0001,200,23.5527
0.0368,0.0002,0.0000,0.0000,0.0364,0.0002,200,23.5693
0.0433,0.0002,0.0000,0.0000,0.0430,0.0001,200,23.5693
0.0375,0.0002,0.0000,0.0000,0.0372,0.0000,200,23.5760
0.0441,0.0001,0.0000,0.0000,0.0439,0.0000,200,23.5697
0.0458,0.0002,0.0000,0.0001,0.0453,0.0001,200,23.5793
0.0441,0.0001,0.0000,0.0000,0.0438,0.0001,200,23.5869
0.0468,0.0002,0.0000,0.0001,0.0464,0.0001,200,23.5845
0.0370,0.0001,0.0000,0.0000,0.0367,0.0001,200,23.5998
0.0398,0.0001,0.0000,0.0000,0.0396,0.0001,200,23.6135
0.0488,0.0002,0.0000,0.0001,0.0484,0.0001,200,23.6061
0.0457,0.0001,0.0000,0.0000,0.0455,0.0001,200,23.6138
0.0481,0.0001,0.0000,0.0000,0.0478,0.0000,200,23.6126
0.0440,0.0002,0.0000,0.0001,0.0436,0.0001,200,23.6251
0.0366,0.0002,0.0000,0.0001,0.0362,0.0001,200,23.6368
0.0462,0.0002,0.0000,0.0001,0.0458,0.0001,200,23.6310
0.0527,0.0001,0.0000,0.0000,0.0524,0.0001,200,23.6312
0.0361,0.0001,0.0000,0.0000,0.0358,0.0001,200,23.6549
0.0441,0.0002,0.0000,0.0001,0.0437,0.0001,200,23.6533
0.0399,0.0001,0.0000,0.0000,0.0396,0.0001,200,23.6596
0.0387,0.0002,0.0000,0.0001,0.0383,0.0001,200,23.6692
0.0384,0.0002,0.0000,0.0001,0.0379,0.0001,200,23.6734
0.0524,0.0001,0.0000,0.0000,0.0521,0.0001,200,23.6608
0.0408,0.0002,0.0000,0.0000,0.0404,0.0001,200,23.6772
0.0477,0.0002,0.0000,0.0001,0.0473,0.0001,200,23.6839
0.0373,0.0001,0.0000,0.0000,0.0370,0.0001,200,23.6995
0.0543,0.0002,0.0000,0.0001,0.0539,0.0001,200,23.6910
0.0398,0.0002,0.0000,0.0001,0.0394,0.0001,200,23.7079
0.0503,0.0002,0.0000,0.0000,0.0500,0.0000,200,23.6975
0.0402,0.0001,0.0000,0.0000,0.0399,0.0001,200,23.7118
0.0510,0.0001,0.0000,0.0000,0.0507,0.0001,200,23.7131
0.0467,0.0002,0.0000,0.0000,0.0465,0.0001,200,23.7180
0.0406,0.0002,0.0000,0.0000,0.0402,0.0001,200,23.7316
0.0429,0.0002,0.0000,0.0001,0.0425,0.0001,200,23.7368
0.0376,0.0002,0.0000,0.0000,0.0372,0.0001,200,23.7453
0.0398,0.0001,0.0000,0.0001,0.0395,0.0001,200,23.7477
0.0425,0.0001,0.0000,0.0000,0.0423,0.0001,200,23.7478
0.0500,0.0002,0.0000,0.0000,0.0496,0.0001,200,23.7520
0.0400,0.0002,0.0000,0.0001,0.0397,0.0001,200,23.7722
0.0520,0.0002,0.0000,0.0001,0.0516,0.0001,200,23.7641
0.0354,0.0002,0.0000,0.0001,0.0351,0.0001,200,23.7829
0.0540,0.0001,0.0000,0.0000,0.0538,0.0000,200,23.7647
0.0358,0.0002,0.0000,0.0001,0.0354,0.0001,200,23.7875
0.0463,0.0002,0.0000,0.0001,0.0459,0.0001,200,23.7797
0.0465,0.0001,0.0000,0.0000,0.0462,0.0001,200,23.7902
0.0364,0.0002,0.0000,0.0001,0.0360,0.0001,200,23.8123
0.0489,0.0001,0.0000,0.0000,0.0486,0.0001,200,23.8020
0.0376,0.0002,0.0000,0.0001,0.0372,0.0001,200,23.8161
0.0469,0.0001,0.0000,0.0000,0.0466,0.0001,200,23.8184
0.0466,0.0001,0.0000,0.0000,0.0463,0.0001,200,23.8188
0.0481,0.0002,0.0000,0.0000,0.0477,0.0001,200,23.8233
0.0465,0.0002,0.0000,0.0000,0.0462,0.0000,200,23.8260
0.0471,0.0002,0.0000,0.0000,0.0468,0.0001,200,23.8367
0.0353,0.0002,0.0000,0.0001,0.0349,0.0001,200,23.8487
0.0399,0.0001,0.0000,0.0000,0.0396,0.0001,200,23.8537
0.0441,0.0001,0.0000,0.0000,0.0438,0.0001,200,23.8509
0.0407,0.0002,0.0000,0.0001,0.0403,0.0001,200,23.8653
0.0485,0.0002,0.0000,0.0000,0.0481,0.0001,200,23.8653
0.0498,0.0002,0.0000,0.0000,0.0494,0.0001,200,23.8714
0.0489,0.0001,0.0000,0.0000,0.0487,0.0001,200,23.8724
0.0374,0.0002,0.0000,0.0000,0.0372,0.0001,200,23.8840
0.0417,0.0002,0.0000,0.0000,0.0412,0.0001,200,23.8839
0.0395,0.0001,0.0000,0.0000,0.0392,0.0001,200,23.8950
0.0428,0.0001,0.0000,0.0000,0.0425,0.0001,200,23.8937
0.0424,0.0002,0.0000,0.0001,0.0420,0.0001,200,23.9060
0.0427,0.0002,0.0000,0.0001,0.0422,0.0001,200,23.9138
0.0380,0.0001,0.0000,0.0000,0.0378,0.0001,200,23.9215
0.0364,0.0002,0.0000,0.0001,0.0360,0.0001,200,23.9256
0.0526,0.0001,0.0000,0.0000,0.0524,0.0001,200,23.9213
0.0543,0.0002,0.0000,0.0000,0.0540,0.0000,200,23.9212
0.0414,0.0002,0.0000,0.0001,0.0410,0.0000,200,23.9345
0.0490,0.0001,0.0000,0.0000,0.0487,0.0001,200,23.9365
0.0443,0.0001,0.0000,0.0001,0.0440,0.0001,200,23.9484
0.0433,0.0002,0.0000,0.0000,0.0429,0.0001,200,23.9595
0.0410,0.0001,0.0000,0.0000,0.0407,0.0001,200,23.9619
0.0479,0.0002,0.0000,0.0001,0.0475,0.0001,200,23.9565
0.0365,0.0001,0.0000,0.0000,0.0362,0.0002,200,23.9759
0.0378,0.0001,0.0000,0.0000,0.0376,0.0001,200,23.9755
0.0453,0.0001,0.0000,0.0000,0.0449,0.0001,200,23.9739
0.0385,0.0001,0.0000,0.0000,0.0382,0.0001,200,23.9855
0.0374,0.0002,0.0000,0.0000,0.0371,0.0001,200,24.0027
0.0491,0.0002,0.0000,0.0000,0.0488,0.0000,200,23.9928
0.0342,0.0002,0.0000,0.0000,0.0338,0.0001,200,24.0192
0.0506,0.0001,0.0000,0.0000,0.0504,0.0001,200,24.0029
0.0510,0.0001,0.0000,0.0000,0.0507,0.0001,200,24.0044
0.0352,0.0001,0.0000,0.0000,0.0349,0.0001,200,24.0241
0.0513,0.0002,0.0000,0.0001,0.0508,0.0001,200,24.0124
0.0545,0.0001,0.0000,0.0000,0.0542,0.0001,200,24.0133
0.0369,0.0001,0.0000,0.0000,0.0365,0.0001,200,24.0401
0.0431,0.0001,0.0000,0.0000,0.0429,0.0001,200,24.0419
0.0378,0.0002,0.0000,0.0001,0.0374,0.0001,200,24.0534
0.0455,0.0001,0.0000,0.0000,0.0452,0.0001,200,24.0535
0.0403,0.0001,0.0000,0.0001,0.0400,0.0001,200,24.0593
0.0359,0.0002,0.0000,0.0001,0.0356,0.0000,200,24.0637
0.0472,0.0001,0.0000,0.0000,0.0470,0.0001,200,24.0553
0.0461,0.0001,0.0000,0.0001,0.0457,0.0001,200,24.0677
0.0437,0.0002,0.0000,0.0001,0.0433,0.0001,200,24.0770
0.0377,0.0002,0.0000,0.0000,0.0373,0.0001,200,24.0850
0.0391,0.0002,0.0000,0.0001,0.0387,0.0001,200,24.0912
0.0361,0.0002,0.0000,0.0000,0.0357,0.0001,200,24.0990
0.0472,0.0001,0.0000,0.0000,0.0470,0.0001,200,24.0996
0.0482,0.0001,0.0000,0.0000,0.0480,0.0001,200,24.0996
0.0475,0.0002,0.0000,0.0000,0.0471,0.0001,200,24.1025
0.0447,0.0002,0.0000,0.0001,0.0442,0.0001,200,24.1139
0.0387,0.0002,0.0000,0.0001,0.0383,0.0002,200,24.1303
0.0525,0.0002,0.0000,0.0000,0.0521,0.0001,200,24.1207
0.0510,0.0001,0.0000,0.0001,0.0507,0.0000,200,24.1227
0.0391,0.0001,0.0000,0.0001,0.0388,0.0000,200,24.1351
0.0418,0.0002,0.0000,0.0000,0.0414,0.0001,200,24.1468
0.0426,0.0001,0.0000,0.0000,0.0424,0.0001,200,24.1477
0.0422,0.0001,0.0000,0.0000,0.0420,0.0000,200,24.1500
0.0456,0.0002,0.0000,0.0000,0.0452,0.0001,200,24.1586
0.0437,0.0003,0.0000,0.0001,0.0432,0.0001,200,24.1691
0.0468,0.0001,0.0000,0.0000,0.0466,0.0001,200,24.1742
0.0495,0.0002,0.0000,0.0000,0.0491,0.0001,200,24.1732
0.0491,0.0001,0.0000,0.0000,0.0489,0.0000,200,24.1737
0.0387,0.0001,0.0000,0.0000,0.0384,0.0001,200,24.1923
0.0469,0.0003,0.0000,0.0001,0.0464,0.0001,200,24.1886
0.0452,0.0001,0.0000,0.0000,0.0449,0.0001,200,24.1904
0.0375,0.0002,0.0000,0.0000,0.0371,0.0001,200,24.2041
0.0408,0.0002,0.0000,0.0001,0.0404,0.0001,200,24.2128
0.0385,0.0001,0.0000,0.0000,0.0383,0.0001,200,24.2228
0.0431,0.0001,0.0000,0.0000,0.0428,0.0001,200,24.2210
0.0412,0.0002,0.0000,0.0001,0.0408,0.0001,200,24.2310
0.0382,0.0002,0.0000,0.0000,0.0379,0.0001,200,24.2356
0.0565,0.0001,0.0000,0.0000,0.0562,0.0001,200,24.2227
0.0493,0.0002,0.0000,0.0000,0.0489,0.0001,200,24.2355
0.0493,0.0002,0.0000,0.0000,0.0490,0.0001,200,24.2416
0.0388,0.0002,0.0000,0.0001,0.0383,0.0002,200,24.2537
0.0435,0.0002,0.0000,0.0000,0.0431,0.0001,200,24.2613
0.0365,0.0001,0.0000,0.0000,0.0362,0.0001,200,24.2738
0.0420,0.0002,0.0000,0.0001,0.0416,0.0001,200,24.2722
0.0510,0.0001,0.0000,0.0000,0.0507,0.0001,200,24.2640
0.0405,0.0002,0.0000,0.0000,0.0401,0.0001,200,24.2792
0.0388,0.0002,0.0000,0.0000,0.0384,0.0001,200,24.2909
0.0462,0.0003,0.0000,0.0001,0.0458,0.0001,200,24.2849
0.0475,0.0001,0.0000,0.0000,0.0472,0.0001,200,24.2924
0.0399,0.0002,0.0000,0.0001,0.0395,0.0001,200,24.3048
0.0362,0.0001,0.0000,0.0001,0.0359,0.0001,200,24.3142
0.0414,0.0001,0.0000,0.0000,0.0411,0.0002,200,24.3150
0.0462,0.0003,0.0000,0.0001,0.0457,0.0001,200,24.3103
0.0436,0.0002,0.0000,0.0001,0.0433,0.0001,200,24.3197
0.0456,0.0002,0.0000,0.0000,0.0451,0.0001,200,24.3298
0.0386,0.0001,0.0000,0.0000,0.0382,0.0001,200,24.3399
0.0507,0.0001,0.0000,0.0000,0.0504,0.0001,200,24.3311
0.0381,0.0002,0.0000,0.0001,0.0377,0.0001,200,24.3505
0.0482,0.0002,0.0000,0.0001,0.0478,0.0001,200,24.3447
0.0374,0.0002,0.0000,0.0000,0.0370,0.0001,200,24.3565
0.0467,0.0002,0.0000,0.0001,0.0463,0.0001,200,24.3565
0.0473,0.0002,0.0000,0.0001,0.0468,0.0001,200,24.3633
0.0386,0.0002,0.0000,0.0001,0.0381,0.0001,200,24.3753
0.0391,0.0002,0.0000,0.0001,0.0386,0.0001,200,24.3786
0.0439,0.0002,0.0000,0.0001,0.0436,0.0001,200,24.3818
0.0468,0.0002,0.0000,0.0001,0.0462,0.0001,200,24.3886
0.0455,0.0001,0.0000,0.0000,0.0452,0.0001,200,24.3939
0.0468,0.0002,0.0000,0.0001,0.0464,0.0000,200,24.3929
0.0379,0.0002,0.0000,0.0001,0.0375,0.0001,200,24.4032
0.0490,0.0002,0.0000,0.0001,0.0485,0.0001,200,24.4106
0.0458,0.0002,0.0000,0.0001,0.0454,0.0001,200,24.4177
0.0500,0.0002,0.0000,0.0000,0.0497,0.0001,200,24.4139
0.0456,0.0002,0.0000,0.0001,0.0453,0.0001,200,24.4258
0.0362,0.0001,0.0000,0.0000,0.0359,0.0001,200,24.4411
0.0453,0.0002,0.0000,0.0001,0.0449,0.0001,200,24.4354
0.0414,0.0002,0.0000,0.0001,0.0410,0.0001,200,24.4393
0.0475,0.0001,0.0000,0.0000,0.0472,0.0001,200,24.4396
0.0464,0.0002,0.0000,0.0000,0.0460,0.0001,200,24.4596
0.0355,0.0002,0.0000,0.0000,0.0351,0.0001,200,24.4714
0.0489,0.0001,0.0000,0.0000,0.0485,0.0002,200,24.4635
0.0362,0.0002,0.0000,0.0001,0.0359,0.0001,200,24.4773
0.0561,0.0001,0.0000,0.0000,0.0558,0.0001,200,24.4639
0.0398,0.0001,0.0000,0.0000,0.0395,0.0000,200,24.4807
0.0407,0.0002,0.0000,0.0000,0.0404,0.0001,200,24.4807
0.0385,0.0002,0.0000,0.0001,0.0381,0.0001,200,24.4871
0.0379,0.0002,0.0000,0.0000,0.0375,0.0001,200,24.5060
0.0379,0.0001,0.0000,0.0000,0.0376,0.0001,200,24.5136
0.0453,0.0001,0.0000,0.0000,0.0451,0.0001,200,24.5070
0.0444,0.0002,0.0000,0.0001,0.0439,0.0001,200,24.5124
0.0383,0.0001,0.0000,0.0000,0.0381,0.0001,200,24.5205
0.0441,0.0002,0.0000,0.0001,0.0436,0.0002,200,24.5256
0.0483,0.0001,0.0000,0.0000,0.0481,0.0001,200,24.5214
0.0499,0.0002,0.0000,0.0001,0.0496,0.0000,200,24.5200
0.0413,0.0002,0.0000,0.0001,0.0409,0.0001,200,24.5439
0.0359,0.0001,0.0000,0.0000,0.0356,0.0001,200,24.5523
0.0397,0.0002,0.0000,0.0001,0.0393,0.0001,200,24.5515
0.0461,0.0001,0.0000,0.0001,0.0458,0.0001,200,24.5568
0.0348,0.0002,0.0000,0.0000,0.0344,0.0001,200,24.5697
0.0471,0.0002,0.0000,0.0001,0.0467,0.0001,200,24.5589
0.0458,0.0002,0.0000,0.0000,0.0455,0.0001,200,24.5697
0.0459,0.0001,0.0000,0.0000,0.0457,0.0001,200,24.5699
0.0399,0.0002,0.0000,0.0001,0.0395,0.0001,200,24.5852
0.0377,0.0002,0.0000,0.0000,0.0374,0.0001,200,24.5912
0.0411,0.0002,0.0000,0.0001,0.0408,0.0000,200,24.5882
0.0377,0.0001,0.0000,0.0000,0.0375,0.0001,200,24.6158
0.0512,0.0002,0.0000,0.0000,0.0509,0.0000,200,24.6029
0.0393,0.0002,0.0000,0.0000,0.0390,0.0001,200,24.6155
0.0494,0.0001,0.0000,0.0001,0.0491,0.0000,200,24.6059
0.0533,0.0001,0.0000,0.0000,0.0530,0.0001,200,24.6045
0.0409,0.0002,0.0000,0.0001,0.0405,0.0001,200,24.6251
0.0372,0.0001,0.0000,0.0000,0.0369,0.0001,200,24.6288
0.0383,0.0001,0.0000,0.0000,0.0381,0.0001,200,24.6293
0.0363,0.0002,0.0000,0.0001,0.0359,0.0001,200,24.6577
0.0416,0.0001,0.0000,0.0000,0.0414,0.0001,200,24.6548
0.0430,0.0001,0.0000,0.0000,0.0428,0.0001,200,24.6553
0.0371,0.0001,0.0000,0.0000,0.0368,0.0001,200,24.6676
0.0506,0.0001,0.0000,0.0000,0.0504,0.0000,200,24.6541
0.0515,0.0001,0.0000,0.0000,0.0513,0.0000,200,24.6535
0.0408,0.0002,0.0000,0.0000,0.0405,0.0000,200,24.6660
0.0461,0.0001,0.0000,0.0000,0.0458,0.0001,200,24.6661
0.0376,0.0002,0.0000,0.0001,0.0372,0.0001,200,24.6941
0.0388,0.0002,0.0000,0.0000,0.0384,0.0001,200,24.6964
0.0423,0.0001,0.0000,0.0001,0.0420,0.0001,200,24.6984
0.0348,0.0001,0.0000,0.0000,0.0345,0.0001,200,24.7068
0.0377,0.0002,0.0000,0.0001,0.0373,0.0001,200,24.7121
0.0491,0.0001,0.0000,0.0000,0.0488,0.0001,200,24.7047
0.0497,0.0001,0.0000,0.0000,0.0495,0.0001,200,24.7050
0.0562,0.0001,0.0000,0.0001,0.0559,0.0001,200,24.7047
0.0363,0.0001,0.0000,0.0000,0.0360,0.0001,200,24.7416
0.0463,0.0002,0.0000,0.0001,0.0460,0.0000,200,24.7317
0.0389,0.0002,0.0000,0.0000,0.0386,0.0000,200,24.7407
0.0476,0.0002,0.0000,0.0001,0.0472,0.0001,200,24.7353
0.0424,0.0002,0.0000,0.0001,0.0419,0.0001,200,24.7499
0.0409,0.0002,0.0000,0.0001,0.0406,0.0001,200,24.7539
0.0409,0.0001,0.0000,0.0000,0.0407,0.0001,200,24.7547
0.0385,0.0002,0.0000,0.0000,0.0381,0.0001,200,24.7609
0.0428,0.0001,0.0000,0.0000,0.0425,0.0001,200,24.7780
0.0429,0.0001,0.0000,0.0000,0.0426,0.0001,200,24.7779
0.0391,0.0002,0.0000,0.0001,0.0387,0.0000,200,24.7828
0.0433,0.0001,0.0000,0.0000,0.0430,0.0001,200,24.7797
0.0403,0.0002,0.0000,0.0001,0.0399,0.0001,200,24.7923
0.0391,0.0002,0.0000,0.0000,0.0388,0.0001,200,24.7948
0.0428,0.0001,0.0000,0.0000,0.0426,0.0001,200,24.7956
0.0513,0.0002,0.0000,0.0001,0.0509,0.0001,200,24.7994
0.0359,0.0002,0.0000,0.0001,0.0355,0.0001,200,24.8208
0.0400,0.0001,0.0000,0.0000,0.0397,0.0001,200,24.8229
0.0469,0.0001,0.0000,0.0000,0.0466,0.0001,200,24.8219
0.0389,0.0002,0.0000,0.0001,0.0386,0.0001,200,24.8326
0.0541,0.0002,0.0000,0.0000,0.0537,0.0001,200,24.8208
0.0400,0.0002,0.0000,0.0001,0.0396,0.0001,200,24.8384
0.0486,0.0001,0.0000,0.0000,0.0483,0.0001,200,24.8339
0.0379,0.0002,0.0000,0.0000,0.0375,0.0001,200,24.8507
0.0460,0.0002,0.0000,0.0000,0.0455,0.0002,200,24.8568
0.0369,0.0002,0.0000,0.0000,0.0366,0.0001,200,24.8688
0.0357,0.0002,0.0000,0.0001,0.0353,0.0001,200,24.8715
0.0473,0.0002,0.0000,0.0001,0.0468,0.0001,200,24.8630
0.0379,0.0002,0.0000,0.0001,0.0375,0.0001,200,24.8749
0.0398,0.0002,0.0000,0.0000,0.0393,0.0001,200,24.8784
0.0402,0.0002,0.0000,0.0001,0.0397,0.0001,200,24.8825
0.0417,0.0002,0.0000,0.0000,0.0413,0.0001,200,24.8887
0.0410,0.0002,0.0000,0.0001,0.0405,0.0001,200,24.9027
0.0354,0.0001,0.0000,0.0000,0.0351,0.0001,200,24.9128
0.0411,0.0001,0.0000,0.0000,0.0409,0.0001,200,24.9072
0.0437,0.0002,0.0000,0.0000,0.0433,0.0001,200,24.9102
0.0387,0.0002,0.0000,0.0000,0.0384,0.0001,200,24.9182
0.0548,0.0002,0.0000,0.0001,0.0544,0.0001,200,24.9057
0.0440,0.0002,0.0000,0.0001,0.0436,0.0001,200,24.9228
0.0431,0.0002,0.0000,0.0001,0.0426,0.0001,200,24.9304
0.0381,0.0001,0.0000,0.0000,0.0378,0.0001,200,24.9483
0.0484,0.0002,0.0000,0.0001,0.0480,0.0001,200,24.9437
0.0369,0.0002,0.0000,0.0001,0.0366,0.0001,200,24.9569
0.0485,0.0002,0.0000,0.0000,0.0481,0.0001,200,24.9482
0.0457,0.0002,0.0000,0.0001,0.0453,0.0001,200,24.9540
0.0394,0.0002,0.0000,0.0001,0.0389,0.0001,200,24.9668
0.0482,0.0002,0.0000,0.0000,0.0478,0.0001,200,24.9605
0.0397,0.0002,0.0000,0.0001,0.0392,0.0001,200,24.9735
0.0373,0.0002,0.0000,0.0000,0.0369,0.0001,200,24.9864
0.0347,0.0002,0.0000,0.0001,0.0343,0.0001,200,24.9996
0.0451,0.0001,0.0000,0.0000,0.0448,0.0001,200,24.9938
0.0431,0.0002,0.0000,0.0001,0.0427,0.0001,200,24.9967
0.0532,0.0002,0.0000,0.0001,0.0528,0.0001,200,24.9921
0.0347,0.0002,0.0000,0.0001,0.0343,0.0001,200,25.0132
0.0479,0.0002,0.0000,0.0001,0.0474,0.0001,200,25.0062
0.0467,0.0001,0.0000,0.0000,0.0464,0.0001,200,25.0087
0.0474,0.0002,0.0000,0.0001,0.0470,0.0001,200,25.0237
0.0413,0.0002,0.0000,0.0001,0.0408,0.0001,200,25.0344
0.0370,0.0002,0.0000,0.0001,0.0367,0.0000,200,25.0390
0.0396,0.0002,0.0000,0.0001,0.0391,0.0001,200,25.0454
0.0388,0.0001,0.0000,0.0000,0.0385,0.0001,200,25.0478
0.0520,0.0001,0.0000,0.0000,0.0517,0.0001,200,25.0397
0.0390,0.0001,0.0000,0.0000,0.0387,0.0001,200,25.0554
0.0450,0.0002,0.0000,0.0000,0.0446,0.0001,200,25.0541
0.0373,0.0002,0.0000,0.0000,0.0369,0.0001,200,25.0711
0.0411,0.0002,0.0000,0.0001,0.0407,0.0001,200,25.0757
0.0416,0.0003,0.0000,0.0001,0.0410,0.0001,200,25.0849
0.0515,0.0001,0.0000,0.0000,0.0513,0.0001,200,25.0760
0.0392,0.0002,0.0000,0.0001,0.0388,0.0001,200,25.0918
0.0468,0.0001,0.0000,0.0001,0.0465,0.0001,200,25.0866
0.0495,0.0002,0.0000,0.0001,0.0491,0.0001,200,25.0944
0.0398,0.0002,0.0000,0.0001,0.0394,0.0001,200,25.1084
0.0494,0.0002,0.0000,0.0001,0.0491,0.0000,200,25.0991
0.0409,0.0002,0.0000,0.0000,0.0405,0.0001,200,25.1168
0.0370,0.0001,0.0000,0.0000,0.0366,0.0001,200,25.1275
0.0479,0.0002,0.0000,0.0001,0.0475,0.0001,200,25.1265
0.0472,0.0003,0.0000,0.0001,0.0467,0.0001,200,25.1309
0.0345,0.0002,0.0000,0.0001,0.0341,0.0001,200,25.1439
0.0367,0.0001,0.0000,0.0000,0.0365,0.0001,200,25.1485
0.0385,0.0002,0.0000,0.0001,0.0381,0.0000,200,25.1481
0.0547,0.0002,0.0000,0.0000,0.0544,0.0001,200,25.1334
0.0444,0.0002,0.0000,0.0001,0.0440,0.0001,200,25.1577
0.0395,0.0002,0.0000,0.0001,0.0392,0.0001,200,25.1645
0.0396,0.0001,0.0000,0.0000,0.0393,0.0001,200,25.1784
0.0449,0.0002,0.0000,0.0000,0.0445,0.0001,200,25.1744
0.0369,0.0002,0.0000,0.0001,0.0366,0.0001,200,25.1853
0.0380,0.0001,0.0000,0.0000,0.0378,0.0001,200,25.1866
0.0470,0.0002,0.0000,0.0001,0.0466,0.0000,200,25.1781
0.0413,0.0001,0.0000,0.0000,0.0410,0.0001,200,25.1881
0.0417,0.0002,0.0000,0.0000,0.0413,0.0001,200,25.2021
0.0360,0.0002,0.0000,0.0001,0.0355,0.0001,200,25.2180
0.0540,0.0001,0.0000,0.0000,0.0537,0.0001,200,25.2041
0.0389,0.0002,0.0000,0.0001,0.0385,0.0001,200,25.2222
0.0385,0.0001,0.0000,0.0001,0.0382,0.0001,200,25.2246
0.0390,0.0002,0.0000,0.0000,0.0386,0.0001,200,25.2294
0.0556,0.0001,0.0000,0.0001,0.0553,0.0001,200,25.2193
0.0543,0.0001,0.0000,0.0000,0.0540,0.0001,200,25.2251
0.0469,0.0002,0.0000,0.0000,0.0466,0.0001,200,25.2438
0.0381,0.0002,0.0000,0.0001,0.0377,0.0000,200,25.2540
0.0407,0.0002,0.0000,0.0001,0.0404,0.0001,200,25.2631
0.0460,0.0002,0.0000,0.0001,0.0457,0.0000,200,25.2580
0.0442,0.0002,0.0000,0.0000,0.0439,0.0001,200,25.2611
0.0403,0.0002,0.0000,0.0001,0.0399,0.0001,200,25.2749
0.0372,0.0002,0.0000,0.0001,0.0368,0.0001,200,25.2794
0.0489,0.0002,0.0000,0.0001,0.0484,0.0001,200,25.2684
0.0454,0.0001,0.0000,0.0000,0.0451,0.0001,200,25.2921
0.0380,0.0002,0.0000,0.0001,0.0376,0.0001,200,25.3038
0.0549,0.0001,0.0000,0.0000,0.0546,0.0001,200,25.2907
0.0406,0.0001,0.0000,0.0000,0.0404,0.0000,200,25.3053
0.0423,0.0001,0.0000,0.0000,0.0421,0.0000,200,25.3041
0.0460,0.0001,0.0000,0.0000,0.0457,0.0001,200,25.3167
0.0503,0.0002,0.0000,0.0000,0.0499,0.0001,200,25.3152
0.0511,0.0001,0.0000,0.0000,0.0508,0.0001,200,25.3172
0.0482,0.0002,0.0000,0.0001,0.0478,0.0001,200,25.3375
0.0399,0.0001,0.0000,0.0000,0.0397,0.0000,200,25.3459
0.0445,0.0002,0.0000,0.0001,0.0442,0.0000,200,25.3419
0.0442,0.0001,0.0000,0.0000,0.0439,0.0001,200,25.3463
0.0498,0.0001,0.0000,0.0001,0.0495,0.0001,200,25.3457
0.0436,0.0002,0.0000,0.0001,0.0432,0.0001,200,25.3627
0.0447,0.0002,0.0000,0.0001,0.0443,0.0001,200,25.3655
0.0425,0.0001,0.0000,0.0001,0.0422,0.0001,200,25.3683
0.0393,0.0001,0.0000,0.0000,0.0389,0.0001,200,25.3858
0.0391,0.0002,0.0000,0.0000,0.0387,0.0001,200,25.3905
0.0445,0.0002,0.0000,0.0000,0.0442,0.0001,200,25.3857
0.0398,0.0002,0.0000,0.0001,0.0394,0.0001,200,25.3955
0.0489,0.0001,0.0000,0.0000,0.0487,0.0000,200,25.3864
0.0413,0.0002,0.0000,0.0001,0.0409,0.0001,200,25.4063
0.0434,0.0002,0.0000,0.0000,0.0430,0.0001,200,25.4102
0.0435,0.0001,0.0000,0.0000,0.0433,0.0000,200,25.4108
0.0417,0.0002,0.0000,0.0001,0.0413,0.0001,200,25.4250
0.0430,0.0002,0.0000,0.0001,0.0425,0.0001,200,25.4296
0.0379,0.0001,0.0000,0.0000,0.0376,0.0000,200,25.4353
0.0392,0.0001,0.0000,0.0000,0.0390,0.0000,200,25.4353
0.0513,0.0001,0.0000,0.0000,0.0511,0.0001,200,25.4302
0.0502,0.0002,0.0000,0.0001,0.0496,0.0002,200,25.4477
0.0348,0.0002,0.0000,0.0001,0.0344,0.0001,200,25.4667
0.0479,0.0001,0.0000,0.0000,0.0477,0.0000,200,25.4543
0.0518,0.0002,0.0000,0.0001,0.0514,0.0001,200,25.4536
0.0447,0.0001,0.0000,0.0000,0.0444,0.0002,200,25.4732
0.0481,0.0002,0.0000,0.0000,0.0477,0.0001,200,25.4726
0.0419,0.0002,0.0000,0.0001,0.0416,0.0001,200,25.4816
0.0490,0.0001,0.0000,0.0000,0.0488,0.0001,200,25.4745
0.0374,0.0001,0.0000,0.0000,0.0372,0.0001,200,25.5022
0.0385,0.0002,0.0000,0.0001,0.0382,0.0001,200,25.5016
0.0453,0.0003,0.0000,0.0001,0.0447,0.0001,200,25.4979
0.0438,0.0002,0.0000,0.0000,0.0434,0.0001,200,25.5055
0.0375,0.0002,0.0000,0.0001,0.0371,0.0001,200,25.5179
0.0366,0.0001,0.0000,0.0001,0.0363,0.0001,200,25.5206
0.0507,0.0001,0.0000,0.0000,0.0504,0.0001,200,25.5235
0.0509,0.0001,0.0000,0.0000,0.0507,0.0000,200,25.5235
0.0374,0.0002,0.0000,0.0001,0.0370,0.0001,200,25.5493
0.0478,0.0001,0.0000,0.0000,0.0475,0.0001,200,25.5396
0.0537,0.0001,0.0000,0.0000,0.0535,0.0001,200,25.5401
0.0372,0.0001,0.0000,0.0000,0.0369,0.0001,200,25.5572
0.0396,0.0002,0.0000,0.0000,0.0393,0.0000,200,25.5554
0.0543,0.0001,0.0000,0.0000,0.0540,0.0001,200,25.5431
0.0392,0.0001,0.0000,0.0000,0.0389,0.0001,200,25.5743
0.0423,0.0001,0.0000,0.0000,0.0421,0.0001,200,25.5744
0.0397,0.0003,0.0000,0.0001,0.0391,0.0002,200,25.5867
0.0367,0.0001,0.0000,0.0000,0.0364,0.0001,200,25.5975
0.0473,0.0001,0.0000,0.0000,0.0471,0.0001,200,25.5874
0.0426,0.0002,0.0000,0.0000,0.0422,0.0001,200,25.5938
0.0433,0.0001,0.0000,0.0000,0.0431,0.0001,200,25.5951
0.0464,0.0001,0.0000,0.0000,0.0461,0.0001,200,25.5944
0.0464,0.0002,0.0000,0.0001,0.0460,0.0001,200,25.6134
0.0453,0.0002,0.0000,0.0000,0.0449,0.0001,200,25.6167
0.0387,0.0002,0.0000,0.0001,0.0383,0.0001,200,25.6264
0.0366,0.0001,0.0000,0.0000,0.0362,0.0001,200,25.6364
0.0335,0.0001,0.0000,0.0000,0.0332,0.0001,200,25.6408
0.0480,0.0002,0.0000,0.0001,0.0475,0.0001,200,25.6342
0.0475,0.0001,0.0000,0.0000,0.0472,0.0001,200,25.6347
0.0474,0.0001,0.0000,0.0000,0.0471,0.0001,200,25.6384
0.0421,0.0002,0.0000,0.0000,0.0417,0.0001,200,25.6599
0.0400,0.0001,0.0000,0.0000,0.0397,0.0000,200,25.6620
0.0353,0.0001,0.0000,0.0000,0.0350,0.0001,200,25.6743
0.0390,0.0002,0.0000,0.0000,0.0386,0.0001,200,25.6822
0.0502,0.0002,0.0000,0.0001,0.0498,0.0001,200,25.6730
0.0582,0.0001,0.0000,0.0000,0.0580,0.0000,200,25.6651
0.0412,0.0002,0.0000,0.0000,0.0408,0.0000,200,25.6822
0.0431,0.0001,0.0000,0.0000,0.0427,0.0001,200,25.6858
0.0443,0.0002,0.0000,0.0000,0.0439,0.0001,200,25.7019
0.0448,0.0001,0.0000,0.0000,0.0446,0.0001,200,25.7020
0.0361,0.0001,0.0000,0.0000,0.0359,0.0001,200,25.7234
0.0385,0.0002,0.0000,0.0001,0.0381,0.0000,200,25.7213
0.0367,0.0001,0.0000,0.0000,0.0365,0.0000,200,25.7234
0.0514,0.0002,0.0000,0.0001,0.0511,0.0000,200,25.7096
0.0415,0.0002,0.0000,0.0001,0.0410,0.0001,200,25.7289
0.0547,0.0001,0.0000,0.0000,0.0545,0.0001,200,25.7231
0.0402,0.0001,0.0000,0.0000,0.0399,0.0001,200,25.7469
0.0356,0.0001,0.0000,0.0000,0.0353,0.0001,200,25.7601
0.0385,0.0002,0.0000,0.0000,0.0382,0.0000,200,25.7595
0.0525,0.0002,0.0000,0.0000,0.0522,0.0000,200,25.7462
0.0433,0.0001,0.0000,0.0000,0.0431,0.0001,200,25.7598
0.0442,0.0001,0.0000,0.0000,0.0440,0.0001,200,25.7610
0.0420,0.0002,0.0000,0.0001,0.0416,0.0001,200,25.7703
0.0383,0.0001,0.0000,0.0000,0.0380,0.0001,200,25.7779
0.0383,0.0002,0.0000,0.0001,0.0379,0.0001,200,25.7870
0.0372,0.0001,0.0000,0.0000,0.0369,0.0001,200,25.7987
0.0489,0.0002,0.0000,0.0001,0.0485,0.0001,200,25.7957
0.0474,0.0001,0.0000,0.0000,0.0471,0.0001,200,25.7980
0.0402,0.0001,0.0000,0.0000,0.0400,0.0001,200,25.8052
0.0498,0.0002,0.0000,0.0001,0.0494,0.0001,200,25.8031
0.0428,0.0002,0.0000,0.0001,0.0424,0.0001,200,25.8123
0.0423,0.0002,0.0000,0.0001,0.0419,0.0001,200,25.8162
0.0461,0.0002,0.0000,0.0001,0.0457,0.0001,200,25.8254
0.0370,0.0002,0.0000,0.0001,0.0366,0.0001,200,25.8360
0.0387,0.0001,0.0000,0.0000,0.0384,0.0001,200,25.8454
0.0473,0.0001,0.0000,0.0000,0.0470,0.0001,200,25.8454
0.0543,0.0002,0.0000,0.0001,0.0539,0.0001,200,25.8446
0.0407,0.0002,0.0000,0.0001,0.0404,0.0000,200,25.8585
0.0470,0.0002,0.0000,0.0001,0.0467,0.0000,200,25.8530
0.0462,0.0002,0.0000,0.0001,0.0459,0.0000,200,25.8552
0.0430,0.0001,0.0000,0.0000,0.0426,0.0001,200,25.8729
0.0475,0.0002,0.0000,0.0000,0.0471,0.0001,200,25.8714
0.0392,0.0002,0.0000,0.0000,0.0388,0.0001,200,25.8840
0.0452,0.0002,0.0000,0.0001,0.0447,0.0002,200,25.8927
0.0450,0.0001,0.0000,0.0000,0.0447,0.0001,200,25.8992
0.0478,0.0002,0.0000,0.0000,0.0474,0.0001,200,25.8989
0.0458,0.0001,0.0000,0.0000,0.0456,0.0001,200,25.9014
0.0481,0.0001,0.0000,0.0000,0.0479,0.0001,200,25.9000
0.0397,0.0003,0.0000,0.0001,0.0392,0.0001,200,25.9159
0.0483,0.0002,0.0000,0.0000,0.0480,0.0001,200,25.9189
0.0455,0.0002,0.0000,0.0001,0.0452,0.0000,200,25.9232
0.0366,0.0001,0.0000,0.0001,0.0363,0.0001,200,25.9467
0.0487,0.0003,0.0000,0.0001,0.0481,0.0001,200,25.9379
0.0452,0.0001,0.0000,0.0000,0.0450,0.0001,200,25.9481
0.0512,0.0002,0.0000,0.0001,0.0508,0.0001,200,25.9442
0.0507,0.0001,0.0000,0.0000,0.0504,0.0001,200,25.9472
0.0347,0.0002,0.0000,0.0001,0.0344,0.0001,200,25.9672
0.0517,0.0001,0.0000,0.0000,0.0514,0.0001,200,25.9556
0.0426,0.0001,0.0000,0.0000,0.0424,0.0001,200,25.9687
0.0374,0.0001,0.0000,0.0000,0.0371,0.0001,200,25.9866
0.0387,0.0002,0.0000,0.0000,0.0383,0.0001,200,25.9933
0.0494,0.0002,0.0000,0.0001,0.0490,0.0000,200,25.9833
0.0367,0.0001,0.0000,0.0000,0.0365,0.0001,200,25.9979
0.0519,0.0001,0.0000,0.0000,0.0515,0.0001,200,25.9954
0.0400,0.0002,0.0000,0.0001,0.0396,0.0001,200,26.0073
0.0399,0.0001,0.0000,0.0000,0.0396,0.0001,200,26.0113
0.0506,0.0002,0.0000,0.0001,0.0502,0.0001,200,26.0020
0.0351,0.0001,0.0000,0.0000,0.0348,0.0001,200,26.0327
0.0480,0.0002,0.0000,0.0001,0.0475,0.0001,200,26.0241
0.0432,0.0002,0.0000,0.0001,0.0429,0.0001,200,26.0320
0.0374,0.0002,0.0000,0.0000,0.0370,0.0001,200,26.0473
0.0429,0.0002,0.0000,0.0000,0.0425,0.0001,200,26.0473
0.0558,0.0001,0.0000,0.0000,0.0556,0.0000,200,26.0346
0.0409,0.0001,0.0000,0.0000,0.0406,0.0001,200,26.0512
0.0430,0.0001,0.0000,0.0000,0.0428,0.0001,200,26.0526
0.0379,0.0002,0.0000,0.0001,0.0374,0.0001,200,26.0678
0.0347,0.0002,0.0000,0.0000,0.0344,0.0000,200,26.0720
0.0501,0.0001,0.0000,0.0000,0.0498,0.0001,200,26.0752
0.0514,0.0002,0.0000,0.0001,0.0509,0.0001,200,26.0847
0.0478,0.0002,0.0000,0.0000,0.0475,0.0001,200,26.0902
0.0500,0.0001,0.0000,0.0000,0.0498,0.0001,200,26.0904
0.0485,0.0001,0.0000,0.0000,0.0483,0.0001,200,26.0921
0.0459,0.0001,0.0000,0.0000,0.0457,0.0001,200,26.0956
0.0379,0.0002,0.0000,0.0001,0.0376,0.0001,200,26.1056
0.0437,0.0001,0.0000,0.0000,0.0434,0.0001,200,26.1067
0.0399,0.0001,0.0000,0.0000,0.0396,0.0001,200,26.1253
0.0353,0.0001,0.0000,0.0001,0.0349,0.0001,200,26.1405
0.0375,0.0001,0.0000,0.0000,0.0373,0.0001,200,26.1406
0.0407,0.0001,0.0000,0.0000,0.0405,0.0001,200,26.1416
0.0461,0.0001,0.0000,0.0000,0.0458,0.0001,200,26.1380
0.0530,0.0003,0.0000,0.0001,0.0525,0.0001,200,26.1361
0.0397,0.0002,0.0000,0.0001,0.0394,0.0001,200,26.1504
0.0535,0.0001,0.0000,0.0000,0.0532,0.0001,200,26.1436
0.0447,0.0002,0.0000,0.0000,0.0444,0.0001,200,26.1652
0.0361,0.0002,0.0000,0.0001,0.0357,0.0001,200,26.1758
0.0348,0.0001,0.0000,0.0000,0.0345,0.0001,200,26.1841
0.0482,0.0001,0.0000,0.0000,0.0479,0.0001,200,26.1781
0.0473,0.0002,0.0000,0.0001,0.0468,0.0001,200,26.1823
0.0372,0.0002,0.0000,0.0000,0.0368,0.0001,200,26.1971
0.0516,0.0002,0.0000,0.0001,0.0512,0.0001,200,26.1891
0.0522,0.0001,0.0000,0.0000,0.0519,0.0001,200,26.1901
0.0390,0.0001,0.0000,0.0000,0.0387,0.0001,200,26.2119
0.0381,0.0002,0.0000,0.0001,0.0377,0.0001,200,26.2189
0.0472,0.0002,0.0000,0.0000,0.0468,0.0001,200,26.2099
0.0481,0.0002,0.0000,0.0001,0.0476,0.0001,200,26.2263
0.0465,0.0002,0.0000,0.0000,0.0462,0.0000,200,26.2296
0.0453,0.0002,0.0000,0.0001,0.0449,0.0001,200,26.2343
0.0468,0.0001,0.0000,0.0000,0.0465,0.0001,200,26.2407
0.0488,0.0001,0.0000,0.0000,0.0486,0.0001,200,26.2423
0.0437,0.0002,0.0000,0.0001,0.0433,0.0001,200,26.2509
0.0384,0.0002,0.0000,0.0000,0.0380,0.0000,200,26.2570
0.0403,0.0001,0.0000,0.0000,0.0401,0.0001,200,26.2571
0.0452,0.0002,0.0000,0.0000,0.0449,0.0001,200,26.2744
0.0439,0.0001,0.0000,0.0000,0.0437,0.0000,200,26.2762
0.0353,0.0003,0.0000,0.0001,0.0347,0.0001,200,26.2876
0.0465,0.0002,0.0000,0.0000,0.0462,0.0001,200,26.2796
0.0356,0.0001,0.0000,0.0000,0.0354,0.0001,200,26.2954
0.0404,0.0002,0.0000,0.0001,0.0401,0.0000,200,26.2912
0.0380,0.0002,0.0000,0.0001,0.0377,0.0000,200,26.2947
0.0532,0.0001,0.0000,0.0000,0.0529,0.0001,200,26.2975
0.0370,0.0002,0.0000,0.0001,0.0366,0.0001,200,26.3196
0.0399,0.0001,0.0000,0.0000,0.0397,0.0001,200,26.3201
0.0367,0.0001,0.0000,0.0000,0.0364,0.0001,200,26.3316
0.0428,0.0002,0.0000,0.0001,0.0424,0.0001,200,26.3262
0.0507,0.0002,0.0000,0.0001,0.0502,0.0001,200,26.3229
0.0432,0.0001,0.0000,0.0000,0.0430,0.0001,200,26.3327
0.0489,0.0002,0.0000,0.0000,0.0485,0.0001,200,26.3310
0.0420,0.0002,0.0000,0.0001,0.0416,0.0001,200,26.3507
0.0382,0.0002,0.0000,0.0001,0.0378,0.0001,200,26.3683
0.0466,0.0002,0.0000,0.0001,0.0462,0.0000,200,26.3600
0.0385,0.0001,0.0000,0.0000,0.0383,0.0000,200,26.3689
0.0396,0.0002,0.0000,0.0000,0.0392,0.0001,200,26.3736
0.0568,0.0002,0.0000,0.0001,0.0565,0.0001,200,26.3567
0.0483,0.0001,0.0000,0.0000,0.0479,0.0001,200,26.3760
0.0443,0.0002,0.0000,0.0000,0.0440,0.0001,200,26.3799
0.0396,0.0002,0.0000,0.0000,0.0392,0.0001,200,26.3927
0.0362,0.0001,0.0000,0.0000,0.0360,0.0001,200,26.4074
0.0408,0.0001,0.0000,0.0000,0.0405,0.0001,200,26.4066
0.0451,0.0002,0.0000,0.0000,0.0448,0.0001,200,26.4065
0.0393,0.0001,0.0000,0.0000,0.0391,0.0000,200,26.4135
0.0358,0.0002,0.0000,0.0000,0.0354,0.0001,200,26.4242
0.0502,0.0002,0.0000,0.0001,0.0498,0.0001,200,26.4132
0.0515,0.0002,0.0000,0.0000,0.0512,0.0001,200,26.4242
0.0485,0.0002,0.0000,0.0001,0.0481,0.0001,200,26.4323
0.0372,0.0001,0.0000,0.0000,0.0369,0.0001,200,26.4516
0.0465,0.0002,0.0000,0.0001,0.0461,0.0001,200,26.4437
0.0387,0.0001,0.0000,0.0000,0.0385,0.0001,200,26.4528
0.0377,0.0002,0.0000,0.0000,0.0372,0.0001,200,26.4600
0.0556,0.0001,0.0000,0.0000,0.0553,0.0001,200,26.4474
0.0419,0.0002,0.0000,0.0001,0.0415,0.0001,200,26.4635
0.0372,0.0002,0.0000,0.0000,0.0368,0.0001,200,26.4758
0.0393,0.0002,0.0000,0.0001,0.0389,0.0001,200,26.4809
0.0380,0.0001,0.0000,0.0000,0.0377,0.0001,200,26.4901
0.0435,0.0002,0.0000,0.0001,0.0431,0.0001,200,26.4888
0.0476,0.0001,0.0000,0.0001,0.0474,0.0001,200,26.4915
0.0365,0.0002,0.0000,0.0001,0.0361,0.0001,200,26.5031
0.0454,0.0002,0.0000,0.0001,0.0450,0.0001,200,26.4977
0.0381,0.0002,0.0000,0.0001,0.0376,0.0001,200,26.5130
0.0497,0.0001,0.0000,0.0001,0.0494,0.0001,200,26.5053
0.0396,0.0002,0.0000,0.0001,0.0392,0.0001,200,26.5202
0.0360,0.0002,0.0000,0.0001,0.0356,0.0001,200,26.5324
0.0418,0.0002,0.0000,0.0001,0.0415,0.0001,200,26.5281
0.0357,0.0002,0.0000,0.0000,0.0353,0.0001,200,26.5431
0.0501,0.0002,0.0000,0.0001,0.0497,0.0001,200,26.5391
0.0496,0.0001,0.0000,0.0000,0.0494,0.0001,200,26.5396
0.0417,0.0003,0.0000,0.0001,0.0413,0.0001,200,26.5510
0.0400,0.0002,0.0000,0.0000,0.0396,0.0001,200,26.5551
0.0459,0.0002,0.0000,0.0001,0.0455,0.0001,200,26.5598
0.0385,0.0001,0.0000,0.0000,0.0382,0.0001,200,26.5699
0.0451,0.0002,0.0000,0.0001,0.0447,0.0001,200,26.5684
0.0502,0.0002,0.0000,0.0001,0.0498,0.0001,200,26.5787
0.0368,0.0001,0.0000,0.0001,0.0365,0.0001,200,26.5928
0.0467,0.0002,0.0000,0.0000,0.0463,0.0001,200,26.5892
0.0513,0.0002,0.0000,0.0000,0.0509,0.0001,200,26.5892
0.0479,0.0001,0.0000,0.0000,0.0476,0.0001,200,26.5950
0.0385,0.0002,0.0000,0.0001,0.0380,0.0002,200,26.6085
0.0417,0.0002,0.0000,0.0001,0.0413,0.0001,200,26.6135
0.0505,0.0002,0.0000,0.0001,0.0501,0.0001,200,26.6057
0.0380,0.0002,0.0000,0.0001,0.0376,0.0001,200,26.6359
0.0472,0.0002,0.0000,0.0001,0.0469,0.0001,200,26.6289
0.0483,0.0001,0.0000,0.0000,0.0480,0.0001,200,26.6296
0.0382,0.0002,0.0000,0.0001,0.0377,0.0001,200,26.6470
0.0426,0.0001,0.0000,0.0000,0.0423,0.0000,200,26.6429
0.0355,0.0002,0.0000,0.0001,0.0352,0.0001,200,26.6552
0.0510,0.0002,0.0000,0.0000,0.0507,0.0001,200,26.6405
0.0492,0.0001,0.0000,0.0000,0.0489,0.0001,200,26.6562
0.0364,0.0001,0.0000,0.0000,0.0361,0.0001,200,26.6762
0.0478,0.0002,0.0000,0.0000,0.0474,0.0001,200,26.6739
0.0391,0.0001,0.0000,0.0000,0.0389,0.0001,200,26.6855
0.0474,0.0001,0.0000,0.0000,0.0471,0.0001,200,26.6779
0.0394,0.0002,0.0000,0.0001,0.0391,0.0001,200,26.6907
0.0474,0.0002,0.0000,0.0001,0.0471,0.0001,200,26.6852
0.0477,0.0001,0.0000,0.0000,0.0474,0.0001,200,26.6915
0.0372,0.0002,0.0000,0.0000,0.0368,0.0001,200,26.7054
0.0393,0.0002,0.0000,0.0000,0.0389,0.0001,200,26.7126
0.0395,0.0003,0.0000,0.0001,0.0391,0.0001,200,26.7218
0.0392,0.0001,0.0000,0.0000,0.0388,0.0002,200,26.7301
0.0406,0.0001,0.0000,0.0000,0.0402,0.0001,200,26.7326
0.0550,0.0002,0.0000,0.0001,0.0546,0.0001,200,26.7247
0.0546,0.0001,0.0000,0.0000,0.0544,0.0000,200,26.7253
0.0419,0.0002,0.0000,0.0001,0.0414,0.0001,200,26.7392
0.0385,0.0001,0.0000,0.0000,0.0383,0.0000,200,26.7426
0.0499,0.0002,0.0000,0.0001,0.0495,0.0001,200,26.7519
0.0443,0.0002,0.0000,0.0001,0.0440,0.0001,200,26.7613
0.0433,0.0003,0.0000,0.0001,0.0428,0.0001,200,26.7693
0.0421,0.0002,0.0000,0.0000,0.0417,0.0001,200,26.7732
0.0422,0.0001,0.0000,0.0000,0.0420,0.0001,200,26.7811
0.0462,0.0001,0.0000,0.0000,0.0460,0.0001,200,26.7799
0.0527,0.0001,0.0000,0.0000,0.0524,0.0001,200,26.7811
0.0541,0.0002,0.0000,0.0001,0.0537,0.0001,200,26.7797
0.0369,0.0002,0.0000,0.0001,0.0365,0.0001,200,26.8018
0.0382,0.0001,0.0000,0.0001,0.0378,0.0001,200,26.8127
0.0367,0.0001,0.0000,0.0000,0.0364,0.0001,200,26.8153
0.0465,0.0002,0.0000,0.0001,0.0462,0.0000,200,26.8056
0.0413,0.0002,0.0000,0.0001,0.0408,0.0001,200,26.8233
0.0392,0.0002,0.0000,0.0000,0.0389,0.0001,200,26.8338
0.0396,0.0002,0.0000,0.0000,0.0393,0.0001,200,26.8337
0.0484,0.0002,0.0000,0.0000,0.0481,0.0000,200,26.8261
0.0539,0.0001,0.0000,0.0000,0.0535,0.0001,200,26.8387
0.0442,0.0002,0.0000,0.0001,0.0439,0.0001,200,26.8509
0.0442,0.0001,0.0000,0.0000,0.0440,0.0001,200,26.8521
0.0481,0.0001,0.0000,0.0000,0.0479,0.0001,200,26.8520
0.0373,0.0002,0.0000,0.0001,0.0369,0.0001,200,26.8646
0.0365,0.0002,0.0000,0.0001,0.0361,0.0001,200,26.8730
0.0455,0.0001,0.0000,0.0000,0.0452,0.0001,200,26.8734
0.0452,0.0001,0.0000,0.0000,0.0450,0.0001,200,26.8746
0.0402,0.0001,0.0000,0.0000,0.0399,0.0001,200,26.8963
0.0451,0.0002,0.0000,0.0001,0.0448,0.0001,200,26.8926
0.0424,0.0001,0.0000,0.0000,0.0421,0.0001,200,26.9001
0.0454,0.0001,0.0000,0.0000,0.0451,0.0001,200,26.9020
0.0534,0.0002,0.0000,0.0000,0.0531,0.0001,200,26.8951
0.0418,0.0003,0.0000,0.0001,0.0413,0.0001,200,26.9095
0.0429,0.0002,0.0000,0.0001,0.0425,0.0001,200,26.9189
0.0455,0.0001,0.0000,0.0000,0.0452,0.0001,200,26.9197
0.0400,0.0002,0.0000,0.0001,0.0397,0.0001,200,26.9365
0.0403,0.0001,0.0000,0.0001,0.0400,0.0000,200,26.9377
0.0385,0.0001,0.0000,0.0000,0.0382,0.0001,200,26.9473
0.0360,0.0001,0.0000,0.0000,0.0358,0.0000,200,26.9512
0.0464,0.0003,0.0000,0.0001,0.0460,0.0000,200,26.9425
0.0390,0.0002,0.0000,0.0001,0.0386,0.0001,200,26.9618
0.0530,0.0001,0.0000,0.0000,0.0527,0.0000,200,26.9485
0.0442,0.0001,0.0000,0.0000,0.0439,0.0001,200,26.9652
0.0409,0.0002,0.0000,0.0001,0.0405,0.0001,200,26.9766
0.0431,0.0001,0.0000,0.0000,0.0429,0.0001,200,26.9780
0.0414,0.0001,0.0000,0.0000,0.0411,0.0002,200,26.9872
0.0463,0.0001,0.0000,0.0000,0.0460,0.0001,200,26.9858
0.0477,0.0001,0.0000,0.0000,0.0474,0.0001,200,26.9889
0.0480,0.0002,0.0000,0.0001,0.0476,0.0001,200,27.0008
0.0475,0.0001,0.0000,0.0000,0.0473,0.0000,200,27.0015
0.0409,0.0002,0.0000,0.0001,0.0405,0.0000,200,27.0095
0.0385,0.0002,0.0000,0.0001,0.0381,0.0001,200,27.0174
0.0393,0.0002,0.0000,0.0000,0.0389,0.0001,200,27.0211
0.0397,0.0002,0.0000,0.0001,0.0392,0.0001,200,27.0286
0.0405,0.0001,0.0000,0.0000,0.0402,0.0001,200,27.0366
0.0521,0.0002,0.0000,0.0001,0.0518,0.0001,200,27.0321
0.0395,0.0002,0.0000,0.0001,0.0391,0.0001,200,27.0488
0.0397,0.0001,0.0000,0.0000,0.0393,0.0001,200,27.0559
0.0472,0.0001,0.0000,0.0000,0.0469,0.0001,200,27.0504
0.0488,0.0001,0.0000,0.0000,0.0486,0.0001,200,27.0490
0.0423,0.0002,0.0000,0.0000,0.0420,0.0001,200,27.0604
0.0410,0.0002,0.0000,0.0001,0.0406,0.0001,200,27.0683
0.0417,0.0002,0.0000,0.0001,0.0413,0.0001,200,27.0771
0.0388,0.0002,0.0000,0.0001,0.0384,0.0001,200,27.0843
0.0326,0.0002,0.0000,0.0001,0.0322,0.0001,200,27.1027
0.0489,0.0003,0.0000,0.0001,0.0485,0.0001,200,27.0883
0.0345,0.0001,0.0000,0.0001,0.0341,0.0001,200,27.1094
0.0506,0.0001,0.0000,0.0000,0.0504,0.0001,200,27.0978
0.0528,0.0002,0.0000,0.0001,0.0524,0.0000,200,27.0957
0.0511,0.0001,0.0000,0.0000,0.0508,0.0001,200,27.0976
0.0410,0.0002,0.0000,0.0001,0.0405,0.0002,200,27.1189
0.0389,0.0001,0.0000,0.0001,0.0387,0.0001,200,27.1231
0.0385,0.0001,0.0000,0.0000,0.0382,0.0001,200,27.1372
0.0361,0.0001,0.0000,0.0000,0.0358,0.0001,200,27.1485
0.0512,0.0002,0.0000,0.0001,0.0509,0.0001,200,27.1353
0.0343,0.0002,0.0000,0.0001,0.0339,0.0001,200,27.1599
0.0516,0.0002,0.0000,0.0001,0.0512,0.0001,200,27.1438
0.0403,0.0001,0.0000,0.0000,0.0401,0.0000,200,27.1620
0.0537,0.0001,0.0000,0.0001,0.0534,0.0001,200,27.1487
0.0540,0.0001,0.0000,0.0000,0.0538,0.0000,200,27.1485
0.0406,0.0002,0.0000,0.0000,0.0402,0.0001,200,27.1758
0.0401,0.0002,0.0000,0.0000,0.0398,0.0001,200,27.1846
0.0440,0.0002,0.0000,0.0001,0.0435,0.0001,200,27.1942
0.0359,0.0002,0.0000,0.0000,0.0356,0.0001,200,27.2023
0.0522,0.0001,0.0000,0.0000,0.0519,0.0001,200,27.1865
0.0494,0.0001,0.0000,0.0000,0.0490,0.0001,200,27.1954
0.0432,0.0002,0.0000,0.0000,0.0429,0.0001,200,27.2024
0.0508,0.0001,0.0000,0.0000,0.0506,0.0001,200,27.2025
0.0387,0.0002,0.0000,0.0001,0.0383,0.0001,200,27.2164
0.0381,0.0001,0.0000,0.0000,0.0378,0.0001,200,27.2247
0.0348,0.0001,0.0000,0.0000,0.0346,0.0001,200,27.2383
0.0355,0.0001,0.0000,0.0000,0.0351,0.0001,200,27.2456
0.0476,0.0001,0.0000,0.0000,0.0473,0.0001,200,27.2387
0.0487,0.0002,0.0000,0.0000,0.0484,0.0001,200,27.2382
0.0374,0.0001,0.0000,0.0000,0.0371,0.0001,200,27.2551
0.0497,0.0002,0.0000,0.0001,0.0493,0.0001,200,27.2448
0.0473,0.0002,0.0000,0.0000,0.0470,0.0001,200,27.2533
0.0415,0.0002,0.0000,0.0000,0.0411,0.0001,200,27.2731
0.0352,0.0002,0.0000,0.0001,0.0349,0.0001,200,27.2810
0.0537,0.0002,0.0000,0.0000,0.0534,0.0000,200,27.2628
0.0454,0.0001,0.0000,0.0000,0.0451,0.0001,200,27.2869
0.0467,0.0001,0.0000,0.0001,0.0465,0.0000,200,27.2863
0.0387,0.0001,0.0000,0.0000,0.0385,0.0000,200,27.2945
0.0480,0.0002,0.0000,0.0000,0.0476,0.0001,200,27.2925
0.0425,0.0002,0.0000,0.0001,0.0422,0.0001,200,27.3007
0.0389,0.0001,0.0000,0.0000,0.0386,0.0002,200,27.3162
0.0457,0.0002,0.0000,0.0000,0.0454,0.0001,200,27.3146
0.0454,0.0001,0.0000,0.0000,0.0451,0.0001,200,27.3165
0.0355,0.0001,0.0000,0.0000,0.0353,0.0001,200,27.3332
0.0438,0.0002,0.0000,0.0001,0.0434,0.0001,200,27.3323
0.0366,0.0002,0.0000,0.0001,0.0362,0.0000,200,27.3405
0.0450,0.0001,0.0000,0.0000,0.0448,0.0000,200,27.3330
0.0460,0.0001,0.0000,0.0000,0.0457,0.0001,200,27.3432
0.0452,0.0002,0.0000,0.0000,0.0449,0.0001,200,27.3603
0.0504,0.0002,0.0000,0.0001,0.0499,0.0000,200,27.3552
0.0421,0.0002,0.0000,0.0001,0.0416,0.0001,200,27.3687
0.0490,0.0001,0.0000,0.0000,0.0487,0.0001,200,27.3619
0.0448,0.0002,0.0000,0.0001,0.0444,0.0001,200,27.3761
0.0496,0.0001,0.0000,0.0000,0.0493,0.0001,200,27.3781
0.0509,0.0001,0.0000,0.0000,0.0507,0.0000,200,27.3771
0.0434,0.0002,0.0000,0.0000,0.0430,0.0001,200,27.3891
0.0440,0.0002,0.0000,0.0000,0.0436,0.0001,200,27.4055
0.0404,0.0001,0.0000,0.0000,0.0402,0.0001,200,27.4108
0.0494,0.0002,0.0000,0.0000,0.0490,0.0001,200,27.4055
0.0376,0.0003,0.0000,0.0001,0.0371,0.0001,200,27.4209
0.0485,0.0002,0.0000,0.0000,0.0482,0.0001,200,27.4108
0.0350,0.0002,0.0000,0.0000,0.0346,0.0001,200,27.4277
0.0369,0.0002,0.0000,0.0001,0.0365,0.0001,200,27.4325
0.0443,0.0001,0.0000,0.0000,0.0440,0.0001,200,27.4280
0.0432,0.0002,0.0000,0.0001,0.0427,0.0001,200,27.4495
0.0343,0.0001,0.0000,0.0000,0.0340,0.0001,200,27.4585
0.0443,0.0001,0.0000,0.0000,0.0440,0.0001,200,27.4513
0.0412,0.0001,0.0000,0.0000,0.0409,0.0001,200,27.4593
0.0463,0.0002,0.0000,0.0001,0.0459,0.0000,200,27.4549
0.0467,0.0002,0.0000,0.0001,0.0463,0.0001,200,27.4627
0.0427,0.0001,0.0000,0.0000,0.0424,0.0001,200,27.4722
0.0518,0.0002,0.0000,0.0001,0.0514,0.0001,200,27.4694
0.0375,0.0002,0.0000,0.0000,0.0371,0.0001,200,27.4927
0.0392,0.0001,0.0000,0.0000,0.0389,0.0001,200,27.4927
0.0370,0.0001,0.0000,0.0000,0.0368,0.0001,200,27.5012
0.0390,0.0002,0.0000,0.0001,0.0387,0.0001,200,27.5004
0.0501,0.0002,0.0000,0.0000,0.0498,0.0001,200,27.4956
0.0415,0.0002,0.0000,0.0001,0.0411,0.0001,200,27.5149
0.0353,0.0002,0.0000,0.0001,0.0350,0.0001,200,27.5212
0.0507,0.0002,0.0000,0.0001,0.0504,0.0001,200,27.5094
0.0427,0.0002,0.0000,0.0000,0.0424,0.0001,200,27.5319
0.0377,0.0002,0.0000,0.0001,0.0373,0.0001,200,27.5382
0.0480,0.0002,0.0000,0.0001,0.0476,0.0001,200,27.5302
0.0357,0.0002,0.0000,0.0000,0.0354,0.0001,200,27.5457
0.0477,0.0001,0.0000,0.0000,0.0474,0.0001,200,27.5395
0.0462,0.0002,0.0000,0.0000,0.0458,0.0001,200,27.5565
0.0461,0.0001,0.0000,0.0000,0.0459,0.0000,200,27.5565
0.0426,0.0001,0.0000,0.0000,0.0424,0.0001,200,27.5602
0.0436,0.0002,0.0000,0.0001,0.0431,0.0001,200,27.5747
0.0378,0.0002,0.0000,0.0001,0.0375,0.0001,200,27.5814
0.0449,0.0001,0.0000,0.0000,0.0447,0.0001,200,27.5759
0.0473,0.0001,0.0000,0.0001,0.0470,0.0001,200,27.5781
0.0432,0.0002,0.0000,0.0000,0.0428,0.0001,200,27.5872
0.0423,0.0001,0.0000,0.0000,0.0421,0.0001,200,27.6028
0.0500,0.0002,0.0000,0.0000,0.0496,0.0001,200,27.6026
0.0501,0.0002,0.0000,0.0000,0.0498,0.0000,200,27.6026
0.0325,0.0001,0.0000,0.0000,0.0322,0.0000,200,27.6208
0.0457,0.0002,0.0000,0.0001,0.0452,0.0001,200,27.6183
0.0450,0.0001,0.0000,0.0000,0.0447,0.0001,200,27.6192
0.0420,0.0002,0.0000,0.0001,0.0417,0.0001,200,27.6254
0.0397,0.0001,0.0000,0.0001,0.0394,0.0001,200,27.6304
0.0353,0.0002,0.0000,0.0000,0.0350,0.0001,200,27.6526
0.0445,0.0002,0.0000,0.0001,0.0441,0.0001,200,27.6451
0.0454,0.0001,0.0000,0.0000,0.0452,0.0001,200,27.6527
0.0474,0.0001,0.0000,0.0000,0.0472,0.0001,200,27.6533
0.0376,0.0002,0.0000,0.0000,0.0372,0.0001,200,27.6675
0.0419,0.0002,0.0000,0.0001,0.0416,0.0001,200,27.6640
0.0421,0.0001,0.0000,0.0000,0.0418,0.0000,200,27.6642
0.0374,0.0001,0.0000,0.0000,0.0371,0.0001,200,27.6701
0.0454,0.0002,0.0000,0.0001,0.0450,0.0001,200,27.6880
0.0438,0.0001,0.0000,0.0000,0.0436,0.0000,200,27.6895
0.0365,0.0002,0.0000,0.0001,0.0361,0.0001,200,27.6982
0.0382,0.0001,0.0000,0.0000,0.0379,0.0001,200,27.7059
0.0399,0.0002,0.0000,0.0001,0.0395,0.0000,200,27.7050
0.0454,0.0002,0.0000,0.0000,0.0451,0.0001,200,27.7007
0.0518,0.0001,0.0000,0.0000,0.0515,0.0001,200,27.7063
0.0524,0.0001,0.0000,0.0000,0.0521,0.0001,200,27.7075
0.0384,0.0001,0.0000,0.0000,0.0381,0.0001,200,27.7334
0.0447,0.0001,0.0000,0.0000,0.0444,0.0001,200,27.7333
0.0433,0.0001,0.0000,0.0000,0.0431,0.0001,200,27.7347
0.0376,0.0002,0.0000,0.0001,0.0373,0.0001,200,27.7441
0.0382,0.0001,0.0000,0.0000,0.0380,0.0000,200,27.7450
0.0379,0.0001,0.0000,0.0000,0.0375,0.0001,200,27.7581
0.0399,0.0001,0.0000,0.0000,0.0397,0.0001,200,27.7598
0.0537,0.0001,0.0000,0.0000,0.0535,0.0000,200,27.7462
0.0408,0.0002,0.0000,0.0000,0.0404,0.0001,200,27.7780
0.0474,0.0001,0.0000,0.0001,0.0471,0.0001,200,27.7717
0.0409,0.0001,0.0000,0.0000,0.0406,0.0001,200,27.7817
0.0398,0.0001,0.0000,0.0000,0.0396,0.0000,200,27.7831
0.0469,0.0002,0.0000,0.0000,0.0466,0.0001,200,27.7780
0.0413,0.0002,0.0000,0.0001,0.0409,0.0001,200,27.7960
0.0401,0.0002,0.0000,0.0000,0.0397,0.0001,200,27.7997
0.0455,0.0001,0.0000,0.0000,0.0453,0.0001,200,27.7999
0.0430,0.0001,0.0000,0.0000,0.0427,0.0001,200,27.8191
0.0439,0.0002,0.0000,0.0001,0.0435,0.0000,200,27.8188
0.0408,0.0001,0.0000,0.0000,0.0406,0.0000,200,27.8229
0.0491,0.0002,0.0000,0.0001,0.0487,0.0001,200,27.8226
0.0482,0.0001,0.0000,0.0000,0.0479,0.0001,200,27.8249
0.0362,0.0002,0.0000,0.0000,0.0359,0.0001,200,27.8398
0.0467,0.0002,0.0000,0.0001,0.0462,0.0001,200,27.8373
0.0417,0.0002,0.0000,0.0000,0.0414,0.0001,200,27.8454
0.0347,0.0001,0.0000,0.0000,0.0345,0.0001,200,27.8637
0.0420,0.0001,0.0000,0.0000,0.0417,0.0001,200,27.8627
0.0456,0.0002,0.0000,0.0001,0.0452,0.0001,200,27.8621
0.0369,0.0001,0.0000,0.0000,0.0366,0.0001,200,27.8760
0.0466,0.0002,0.0000,0.0001,0.0462,0.0001,200,27.8717
0.0384,0.0002,0.0000,0.0000,0.0380,0.0001,200,27.8840
0.0394,0.0001,0.0000,0.0001,0.0391,0.0001,200,27.8872
0.0540,0.0001,0.0000,0.0000,0.0538,0.0001,200,27.8731
0.0365,0.0002,0.0000,0.0000,0.0361,0.0001,200,27.9047
0.0456,0.0002,0.0000,0.0001,0.0452,0.0001,200,27.8984
0.0377,0.0002,0.0000,0.0000,0.0374,0.0001,200,27.9078
0.0399,0.0002,0.0000,0.0001,0.0394,0.0001,200,27.9184
0.0400,0.0002,0.0000,0.0001,0.0397,0.0001,200,27.9224
0.0496,0.0002,0.0000,0.0000,0.0492,0.0000,200,27.9129
0.0466,0.0001,0.0000,0.0000,0.0463,0.0001,200,27.9265
0.0487,0.0001,0.0000,0.0000,0.0484,0.0001,200,27.9272
0.0356,0.0001,0.0000,0.0000,0.0353,0.0001,200,27.9455
0.0435,0.0002,0.0000,0.0000,0.0432,0.0001,200,27.9440
0.0535,0.0002,0.0000,0.0001,0.0530,0.0002,200,27.9412
0.0402,0.0002,0.0000,0.0001,0.0398,0.0001,200,27.9583
0.0372,0.0001,0.0000,0.0000,0.0370,0.0001,200,27.9625
0.0379,0.0002,0.0000,0.0000,0.0376,0.0000,200,27.9624
0.0382,0.0003,0.0000,0.0001,0.0377,0.0001,200,27.9732
0.0470,0.0002,0.0000,0.0000,0.0466,0.0001,200,27.9759
0.0496,0.0002,0.0000,0.0001,0.0492,0.0001,200,27.9811
0.0370,0.0003,0.0000,0.0001,0.0365,0.0001,200,27.9948
0.0461,0.0001,0.0000,0.0001,0.0458,0.0001,200,27.9876
0.0406,0.0002,0.0000,0.0000,0.0402,0.0001,200,27.9984
0.0470,0.0001,0.0000,0.0000,0.0467,0.0001,200,28.0004
0.0364,0.0002,0.0000,0.0001,0.0361,0.0000,200,28.0113
0.0528,0.0001,0.0000,0.0000,0.0525,0.0001,200,27.9998
0.0401,0.0002,0.0000,0.0001,0.0397,0.0001,200,28.0228
0.0343,0.0002,0.0000,0.0000,0.0339,0.0001,200,28.0390
0.0446,0.0001,0.0000,0.0000,0.0444,0.0001,200,28.0318
0.0346,0.0002,0.0000,0.0000,0.0342,0.0001,200,28.0474
0.0517,0.0002,0.0000,0.0001,0.0513,0.0001,200,28.0307
0.0518,0.0001,0.0000,0.0000,0.0515,0.0001,200,28.0337
0.0384,0.0001,0.0000,0.0000,0.0381,0.0001,200,28.0526
0.0449,0.0001,0.0000,0.0000,0.0447,0.0001,200,28.0478
0.0366,0.0002,0.0000,0.0000,0.0362,0.0001,200,28.0630
0.0358,0.0001,0.0000,0.0001,0.0354,0.0001,200,28.0824
0.0423,0.0002,0.0000,0.0001,0.0420,0.0000,200,28.0764
0.0357,0.0002,0.0000,0.0001,0.0353,0.0001,200,28.0855
0.0484,0.0002,0.0000,0.0001,0.0480,0.0000,200,28.0733
0.0475,0.0002,0.0000,0.0001,0.0471,0.0001,200,28.0820
0.0379,0.0002,0.0000,0.0001,0.0375,0.0001,200,28.0995
0.0475,0.0002,0.0000,0.0001,0.0470,0.0001,200,28.0910
0.0514,0.0001,0.0000,0.0001,0.0511,0.0001,200,28.0927
0.0381,0.0002,0.0000,0.0000,0.0377,0.0001,200,28.1182
0.0356,0.0001,0.0000,0.0000,0.0354,0.0000,200,28.1212
0.0425,0.0001,0.0000,0.0000,0.0422,0.0001,200,28.1187
0.0421,0.0001,0.0000,0.0000,0.0419,0.0001,200,28.1218
0.0378,0.0002,0.0000,0.0001,0.0374,0.0001,200,28.1295
0.0410,0.0002,0.0000,0.0000,0.0406,0.0001,200,28.1375
0.0442,0.0001,0.0000,0.0000,0.0439,0.0001,200,28.1385
0.0396,0.0002,0.0000,0.0001,0.0392,0.0001,200,28.1441
0.0373,0.0002,0.0000,0.0001,0.0369,0.0001,200,28.1562
0.0434,0.0001,0.0000,0.0000,0.0431,0.0001,200,28.1568
0.0354,0.0002,0.0000,0.0001,0.0349,0.0001,200,28.1673
0.0456,0.0002,0.0000,0.0001,0.0451,0.0001,200,28.1612
0.0480,0.0002,0.0000,0.0001,0.0476,0.0001,200,28.1639
0.0358,0.0001,0.0000,0.0000,0.0355,0.0001,200,28.1837
0.0464,0.0002,0.0000,0.0001,0.0460,0.0001,200,28.1785
0.0483,0.0002,0.0000,0.0001,0.0479,0.0001,200,28.1827
0.0375,0.0002,0.0000,0.0000,0.0371,0.0001,200,28.1936
0.0396,0.0002,0.0000,0.0001,0.0393,0.0001,200,28.2002
0.0388,0.0001,0.0000,0.0001,0.0386,0.0000,200,28.2027
0.0477,0.0002,0.0000,0.0001,0.0473,0.0001,200,28.2068
0.0377,0.0002,0.0000,0.0001,0.0373,0.0001,200,28.2195
0.0475,0.0002,0.0000,0.0001,0.0471,0.0001,200,28.2119
0.0356,0.0002,0.0000,0.0000,0.0352,0.0001,200,28.2310
0.0473,0.0002,0.0000,0.0001,0.0468,0.0001,200,28.2249
0.0469,0.0002,0.0000,0.0000,0.0465,0.0001,200,28.2310
0.0371,0.0001,0.0000,0.0000,0.0369,0.0000,200,28.2415
0.0514,0.0001,0.0000,0.0000,0.0511,0.0001,200,28.2399
0.0347,0.0001,0.0000,0.0000,0.0345,0.0000,200,28.2571
0.0455,0.0002,0.0000,0.0001,0.0451,0.0001,200,28.2546
0.0366,0.0002,0.0000,0.0001,0.0361,0.0001,200,28.2722
0.0496,0.0002,0.0000,0.0001,0.0493,0.0001,200,28.2594
0.0460,0.0002,0.0000,0.0001,0.0456,0.0001,200,28.2666
0.0366,0.0002,0.0000,0.0001,0.0363,0.0001,200,28.2779
0.0472,0.0001,0.0000,0.0000,0.0469,0.0001,200,28.2787
0.0443,0.0002,0.0000,0.0000,0.0439,0.0001,200,28.2913
0.0453,0.0001,0.0000,0.0000,0.0451,0.0001,200,28.2919
0.0388,0.0002,0.0000,0.0001,0.0385,0.0001,200,28.3001
0.0356,0.0001,0.0000,0.0000,0.0352,0.0001,200,28.3126
0.0466,0.0002,0.0000,0.0001,0.0461,0.0001,200,28.3088
0.0475,0.0001,0.0000,0.0000,0.0473,0.0001,200,28.3091
0.0447,0.0001,0.0000,0.0000,0.0445,0.0001,200,28.3146
0.0402,0.0002,0.0000,0.0001,0.0398,0.0001,200,28.3258
0.0381,0.0002,0.0000,0.0001,0.0377,0.0001,200,28.3356
0.0398,0.0001,0.0000,0.0000,0.0395,0.0001,200,28.3389
0.0448,0.0001,0.0000,0.0000,0.0445,0.0001,200,28.3372
0.0465,0.0003,0.0000,0.0001,0.0460,0.0001,200,28.3483
0.0404,0.0002,0.0000,0.0001,0.0399,0.0000,200,28.3554
0.0472,0.0001,0.0000,0.0000,0.0469,0.0001,200,28.3565
0.0471,0.0002,0.0000,0.0001,0.0468,0.0001,200,28.3593
0.0481,0.0002,0.0000,0.0000,0.0478,0.0001,200,28.3661
0.0372,0.0002,0.0000,0.0001,0.0368,0.0001,200,28.3787
0.0464,0.0002,0.0000,0.0001,0.0460,0.0001,200,28.3737
0.0448,0.0002,0.0000,0.0000,0.0445,0.0001,200,28.3820
0.0462,0.0002,0.0000,0.0001,0.0459,0.0001,200,28.3948
0.0461,0.0001,0.0000,0.0000,0.0459,0.0000,200,28.3957
0.0386,0.0002,0.0000,0.0001,0.0382,0.0000,200,28.4038
0.0402,0.0001,0.0000,0.0000,0.0399,0.0001,200,28.4065
0.0378,0.0002,0.0000,0.0000,0.0374,0.0001,200,28.4142
0.0405,0.0001,0.0000,0.0000,0.0401,0.0001,200,28.4159
0.0418,0.0001,0.0000,0.0000,0.0415,0.0001,200,28.4201
0.0448,0.0002,0.0000,0.0000,0.0445,0.0001,200,28.4268
0.0361,0.0001,0.0000,0.0000,0.0358,0.0001,200,28.4423
0.0388,0.0002,0.0000,0.0001,0.0384,0.0001,200,28.4467
0.0452,0.0002,0.0000,0.0001,0.0449,0.0000,200,28.4410
0.0464,0.0001,0.0000,0.0000,0.0462,0.0001,200,28.4418
0.0390,0.0002,0.0000,0.0000,0.0386,0.0001,200,28.4520
0.0399,0.0002,0.0000,0.0001,0.0394,0.0001,200,28.4564
0.0452,0.0002,0.0000,0.0000,0.0448,0.0001,200,28.4620
0.0383,0.0002,0.0000,0.0000,0.0378,0.0001,200,28.4785
0.0467,0.0002,0.0000,0.0001,0.0463,0.0001,200,28.4717
0.0355,0.0002,0.0000,0.0001,0.0351,0.0001,200,28.4855
0.0378,0.0002,0.0000,0.0000,0.0374,0.0001,200,28.4911
0.0430,0.0001,0.0000,0.0000,0.0428,0.0000,200,28.4863
0.0417,0.0002,0.0000,0.0001,0.0414,0.0000,200,28.4883
0.0381,0.0002,0.0000,0.0001,0.0377,0.0001,200,28.4963
0.0432,0.0002,0.0000,0.0000,0.0428,0.0001,200,28.5072
0.0381,0.0001,0.0000,0.0000,0.0378,0.0001,200,28.5210
0.0414,0.0002,0.0000,0.0001,0.0410,0.0000,200,28.5184
0.0441,0.0002,0.0000,0.0000,0.0438,0.0000,200,28.5167
0.0366,0.0002,0.0000,0.0001,0.0363,0.0001,200,28.5289
0.0480,0.0001,0.0000,0.0000,0.0478,0.0001,200,28.5293
0.0494,0.0001,0.0000,0.0000,0.0492,0.0001,200,28.5300
0.0524,0.0002,0.0000,0.0001,0.0520,0.0001,200,28.5344
0.0443,0.0002,0.0000,0.0000,0.0438,0.0001,200,28.5504
0.0368,0.0001,0.0000,0.0000,0.0366,0.0001,200,28.5598
0.0366,0.0001,0.0000,0.0000,0.0365,0.0000,200,28.5609
0.0449,0.0002,0.0000,0.0001,0.0445,0.0001,200,28.5591
0.0418,0.0002,0.0000,0.0001,0.0414,0.0001,200,28.5655
0.0395,0.0002,0.0000,0.0001,0.0390,0.0001,200,28.5773
0.0453,0.0002,0.0000,0.0000,0.0450,0.0001,200,28.5794
0.0461,0.0002,0.0000,0.0001,0.0457,0.0001,200,28.5868
0.0397,0.0002,0.0000,0.0001,0.0394,0.0001,200,28.5947
0.0394,0.0001,0.0000,0.0000,0.0392,0.0001,200,28.5966
0.0479,0.0001,0.0000,0.0000,0.0477,0.0001,200,28.5975
0.0494,0.0002,0.0000,0.0001,0.0489,0.0001,200,28.6040
0.0502,0.0002,0.0000,0.0001,0.0498,0.0001,200,28.6073
0.0427,0.0002,0.0000,0.0001,0.0422,0.0001,200,28.6168
0.0481,0.0002,0.0000,0.0000,0.0477,0.0001,200,28.6247
0.0409,0.0002,0.0000,0.0001,0.0405,0.0001,200,28.6329
0.0411,0.0002,0.0000,0.0000,0.0407,0.0001,200,28.6454
0.0513,0.0002,0.0000,0.0000,0.0510,0.0000,200,28.6360
0.0529,0.0001,0.0000,0.0000,0.0526,0.0000,200,28.6344
0.0440,0.0009,0.0000,0.0001,0.0429,0.0001,200,28.6535
0.0402,0.0001,0.0000,0.0001,0.0400,0.0001,200,28.6595
0.0463,0.0002,0.0000,0.0001,0.0459,0.0001,200,28.6575
0.0466,0.0001,0.0000,0.0000,0.0464,0.0001,200,28.6738
0.0477,0.0002,0.0000,0.0001,0.0474,0.0001,200,28.6728
0.0406,0.0001,0.0000,0.0000,0.0404,0.0001,200,28.6873
0.0477,0.0001,0.0000,0.0000,0.0474,0.0002,200,28.6873
0.0434,0.0003,0.0000,0.0000,0.0429,0.0001,200,28.6974
0.0548,0.0002,0.0000,0.0000,0.0545,0.0001,200,28.6865
0.0447,0.0002,0.0000,0.0000,0.0444,0.0001,200,28.6997
0.0457,0.0002,0.0000,0.0000,0.0454,0.0001,200,28.7039
0.0476,0.0001,0.0000,0.0000,0.0472,0.0001,200,28.7205
0.0481,0.0002,0.0000,0.0000,0.0478,0.0000,200,28.7205
0.0419,0.0002,0.0000,0.0000,0.0416,0.0000,200,28.7279
0.0414,0.0003,0.0000,0.0001,0.0409,0.0001,200,28.7350
0.0433,0.0002,0.0000,0.0001,0.0428,0.0002,200,28.7408
0.0422,0.0002,0.0000,0.0000,0.0419,0.0001,200,28.7444
0.0469,0.0001,0.0000,0.0000,0.0466,0.0001,200,28.7414
0.0418,0.0002,0.0000,0.0001,0.0414,0.0001,200,28.7496
0.0366,0.0002,0.0000,0.0000,0.0362,0.0001,200,28.7681
0.0374,0.0002,0.0000,0.0000,0.0371,0.0001,200,28.7764
0.0468,0.0001,0.0000,0.0000,0.0466,0.0001,200,28.7686
0.0375,0.0003,0.0000,0.0001,0.0370,0.0001,200,28.7841
0.0520,0.0001,0.0000,0.0000,0.0518,0.0000,200,28.7699
0.0370,0.0001,0.0000,0.0000,0.0367,0.0001,200,28.7883
0.0388,0.0001,0.0000,0.0000,0.0385,0.0001,200,28.7914
0.0449,0.0001,0.0000,0.0000,0.0447,0.0001,200,28.7866
0.0446,0.0002,0.0000,0.0001,0.0442,0.0001,200,28.8047
0.0367,0.0001,0.0000,0.0000,0.0365,0.0001,200,28.8219
0.0435,0.0001,0.0000,0.0000,0.0433,0.0000,200,28.8154
0.0455,0.0002,0.0000,0.0001,0.0451,0.0000,200,28.8138
0.0444,0.0002,0.0000,0.0001,0.0440,0.0001,200,28.8216
0.0467,0.0002,0.0000,0.0000,0.0463,0.0001,200,28.8253
0.0476,0.0001,0.0000,0.0000,0.0472,0.0001,200,28.8302
0.0511,0.0001,0.0000,0.0000,0.0508,0.0001,200,28.8316
0.0361,0.0002,0.0000,0.0001,0.0357,0.0001,200,28.8586
0.0478,0.0002,0.0000,0.0000,0.0475,0.0001,200,28.8493
0.0412,0.0001,0.0000,0.0000,0.0410,0.0001,200,28.8589
0.0370,0.0002,0.0000,0.0000,0.0367,0.0001,200,28.8660
0.0470,0.0001,0.0000,0.0000,0.0467,0.0001,200,28.8593
0.0382,0.0002,0.0000,0.0001,0.0378,0.0001,200,28.8720
0.0384,0.0002,0.0000,0.0000,0.0380,0.0001,200,28.8827
0.0434,0.0002,0.0000,0.0001,0.0431,0.0001,200,28.8778
0.0410,0.0001,0.0000,0.0000,0.0406,0.0001,200,28.8971
0.0387,0.0002,0.0000,0.0001,0.0384,0.0000,200,28.9001
0.0446,0.0002,0.0000,0.0001,0.0443,0.0000,200,28.8947
0.0400,0.0002,0.0000,0.0001,0.0396,0.0001,200,28.9030
0.0440,0.0001,0.0000,0.0000,0.0436,0.0001,200,28.9102
0.0525,0.0002,0.0000,0.0001,0.0521,0.0001,200,28.9063
0.0416,0.0002,0.0000,0.0000,0.0412,0.0001,200,28.9211
0.0464,0.0001,0.0000,0.0000,0.0461,0.0001,200,28.9212
0.0337,0.0001,0.0000,0.0000,0.0335,0.0001,200,28.9393
0.0350,0.0001,0.0000,0.0000,0.0347,0.0001,200,28.9430
0.0429,0.0002,0.0000,0.0000,0.0426,0.0001,200,28.9381
0.0435,0.0001,0.0000,0.0000,0.0432,0.0001,200,28.9388
0.0363,0.0002,0.0000,0.0001,0.0358,0.0001,200,28.9588
0.0413,0.0002,0.0000,0.0001,0.0409,0.0001,200,28.9542
0.0430,0.0002,0.0000,0.0000,0.0426,0.0001,200,28.9627
0.0372,0.0002,0.0000,0.0000,0.0368,0.0001,200,28.9780
0.0360,0.0001,0.0000,0.0001,0.0357,0.0000,200,28.9810
0.0443,0.0002,0.0000,0.0001,0.0439,0.0000,200,28.9731
0.0508,0.0002,0.0000,0.0000,0.0505,0.0000,200,28.9676
0.0442,0.0001,0.0000,0.0000,0.0439,0.0001,200,28.9823
0.0381,0.0001,0.0000,0.0000,0.0377,0.0001,200,28.9951
0.0459,0.0001,0.0000,0.0000,0.0456,0.0001,200,28.9954
0.0452,0.0002,0.0000,0.0000,0.0449,0.0001,200,29.0057
0.0336,0.0001,0.0000,0.0000,0.0334,0.0001,200,29.0184
0.0370,0.0001,0.0000,0.0000,0.0368,0.0001,200,29.0170
0.0451,0.0002,0.0000,0.0000,0.0447,0.0001,200,29.0153
0.0401,0.0002,0.0000,0.0000,0.0397,0.0001,200,29.0265
0.0523,0.0001,0.0000,0.0000,0.0520,0.0001,200,29.0174
0.0376,0.0002,0.0000,0.0001,0.0372,0.0001,200,29.0331
0.0361,0.0002,0.0000,0.0001,0.0357,0.0001,200,29.0413
0.0418,0.0001,0.0000,0.0000,0.0415,0.0001,200,29.0521
0.0430,0.0002,0.0000,0.0000,0.0427,0.0001,200,29.0509
0.0473,0.0001,0.0000,0.0000,0.0470,0.0001,200,29.0540
0.0414,0.0002,0.0000,0.0001,0.0411,0.0001,200,29.0604
0.0413,0.0001,0.0000,0.0001,0.0409,0.0001,200,29.0697
0.0445,0.0002,0.0000,0.0000,0.0441,0.0001,200,29.0665
0.0485,0.0001,0.0000,0.0000,0.0482,0.0001,200,29.0707
0.0490,0.0002,0.0000,0.0001,0.0485,0.0001,200,29.0774
0.0390,0.0002,0.0000,0.0001,0.0386,0.0001,200,29.0939
0.0403,0.0002,0.0000,0.0000,0.0399,0.0001,200,29.0939
0.0365,0.0001,0.0000,0.0000,0.0363,0.0001,200,29.1018
0.0434,0.0002,0.0000,0.0000,0.0430,0.0001,200,29.1014
0.0376,0.0002,0.0000,0.0000,0.0372,0.0001,200,29.1109
0.0376,0.0001,0.0000,0.0000,0.0373,0.0000,200,29.1110
0.0401,0.0002,0.0000,0.0001,0.0396,0.0001,200,29.1264
0.0502,0.0002,0.0000,0.0001,0.0497,0.0001,200,29.1193
0.0368,0.0001,0.0000,0.0000,0.0364,0.0001,200,29.1384
0.0465,0.0002,0.0000,0.0001,0.0461,0.0001,200,29.1329
0.0379,0.0002,0.0000,0.0000,0.0375,0.0001,200,29.1447
0.0491,0.0001,0.0000,0.0000,0.0488,0.0000,200,29.1342
0.0366,0.0002,0.0000,0.0000,0.0363,0.0001,200,29.1485
0.0406,0.0002,0.0000,0.0000,0.0403,0.0001,200,29.1486
0.0502,0.0002,0.0000,0.0000,0.0498,0.0001,200,29.1665
0.0351,0.0001,0.0000,0.0000,0.0348,0.0001,200,29.1851
0.0461,0.0002,0.0000,0.0001,0.0457,0.0001,200,29.1751
0.0525,0.0002,0.0000,0.0001,0.0521,0.0000,200,29.1694
0.0333,0.0001,0.0000,0.0000,0.0330,0.0000,200,29.1892
0.0461,0.0003,0.0000,0.0001,0.0456,0.0001,200,29.1793
0.0464,0.0001,0.0000,0.0000,0.0461,0.0001,200,29.1832
0.0486,0.0002,0.0000,0.0001,0.0482,0.0001,200,29.1826
0.0332,0.0001,0.0000,0.0000,0.0330,0.0001,200,29.2219
0.0339,0.0001,0.0000,0.0000,0.0337,0.0000,200,29.2213
0.0327,0.0002,0.0000,0.0001,0.0323,0.0001,200,29.2254
0.0457,0.0002,0.0000,0.0000,0.0453,0.0001,200,29.2202
0.0495,0.0002,0.0000,0.0001,0.0492,0.0000,200,29.2166
0.0451,0.0001,0.0000,0.0000,0.0449,0.0001,200,29.2224
0.0454,0.0001,0.0000,0.0000,0.0451,0.0001,200,29.2312
0.0471,0.0002,0.0000,0.0000,0.0468,0.0001,200,29.2296
0.0359,0.0001,0.0000,0.0000,0.0355,0.0001,200,29.2552
0.0415,0.0001,0.0000,0.0000,0.0412,0.0001,200,29.2551
0.0358,0.0001,0.0000,0.0001,0.0355,0.0001,200,29.2659
0.0370,0.0001,0.0000,0.0000,0.0368,0.0001,200,29.2662
0.0452,0.0002,0.0000,0.0001,0.0448,0.0000,200,29.2582
0.0441,0.0001,0.0000,0.0000,0.0438,0.0001,200,29.2676
0.0452,0.0002,0.0000,0.0000,0.0448,0.0001,200,29.2767
0.0363,0.0001,0.0000,0.0000,0.0360,0.0001,200,29.2910
0.0509,0.0001,0.0000,0.0000,0.0508,0.0000,200,29.2768
0.0374,0.0001,0.0000,0.0000,0.0371,0.0001,200,29.3017
0.0376,0.0001,0.0000,0.0001,0.0373,0.0001,200,29.3031
0.0459,0.0002,0.0000,0.0001,0.0455,0.0001,200,29.2967
0.0366,0.0001,0.0000,0.0000,0.0362,0.0001,200,29.3117
0.0482,0.0001,0.0000,0.0000,0.0479,0.0001,200,29.3033
0.0487,0.0002,0.0000,0.0001,0.0482,0.0001,200,29.3219
0.0463,0.0002,0.0000,0.0000,0.0460,0.0001,200,29.3273
0.0479,0.0001,0.0000,0.0000,0.0477,0.0001,200,29.3277
0.0383,0.0002,0.0000,0.0000,0.0380,0.0001,200,29.3390
0.0410,0.0002,0.0000,0.0001,0.0406,0.0001,200,29.3426
0.0391,0.0002,0.0000,0.0001,0.0387,0.0001,200,29.3483
0.0476,0.0001,0.0000,0.0000,0.0473,0.0001,200,29.3408
0.0431,0.0002,0.0000,0.0000,0.0427,0.0001,200,29.3515
0.0393,0.0002,0.0000,0.0001,0.0388,0.0001,200,29.3706
0.0382,0.0002,0.0000,0.0001,0.0378,0.0001,200,29.3736
0.0438,0.0001,0.0000,0.0000,0.0436,0.0001,200,29.3774
0.0376,0.0002,0.0000,0.0001,0.0372,0.0001,200,29.3836
0.0463,0.0001,0.0000,0.0000,0.0460,0.0000,200,29.3756
0.0371,0.0001,0.0000,0.0000,0.0368,0.0001,200,29.3884
0.0384,0.0002,0.0000,0.0000,0.0380,0.0001,200,29.3946
0.0470,0.0002,0.0000,0.0001,0.0466,0.0001,200,29.3874
0.0415,0.0002,0.0000,0.0000,0.0411,0.0001,200,29.4099
0.0397,0.0002,0.0000,0.0000,0.0394,0.0001,200,29.4118
0.0374,0.0001,0.0000,0.0000,0.0371,0.0001,200,29.4212
0.0384,0.0001,0.0000,0.0000,0.0383,0.0000,200,29.4219
0.0499,0.0001,0.0000,0.0000,0.0496,0.0001,200,29.4212
0.0478,0.0002,0.0000,0.0001,0.0474,0.0001,200,29.4254
0.0449,0.0002,0.0000,0.0000,0.0445,0.0001,200,29.4330
0.0534,0.0001,0.0000,0.0000,0.0531,0.0001,200,29.4344
0.0371,0.0002,0.0000,0.0000,0.0368,0.0001,200,29.4513
0.0361,0.0002,0.0000,0.0000,0.0358,0.0001,200,29.4586
0.0446,0.0001,0.0000,0.0000,0.0444,0.0001,200,29.4515
0.0378,0.0001,0.0000,0.0000,0.0375,0.0001,200,29.4603
0.0378,0.0002,0.0000,0.0000,0.0374,0.0001,200,29.4711
0.0430,0.0001,0.0000,0.0000,0.0427,0.0001,200,29.4732
0.0445,0.0002,0.0000,0.0000,0.0441,0.0001,200,29.4779
0.0374,0.0001,0.0000,0.0000,0.0372,0.0001,200,29.4884
0.0390,0.0001,0.0000,0.0000,0.0387,0.0001,200,29.4961
0.0489,0.0002,0.0000,0.0001,0.0485,0.0001,200,29.4878
0.0390,0.0001,0.0000,0.0000,0.0388,0.0000,200,29.4981
0.0435,0.0002,0.0000,0.0001,0.0431,0.0001,200,29.4948
0.0364,0.0002,0.0000,0.0001,0.0360,0.0001,200,29.5088
0.0458,0.0002,0.0000,0.0001,0.0454,0.0001,200,29.5163
0.0408,0.0002,0.0000,0.0001,0.0404,0.0001,200,29.5258
0.0477,0.0002,0.0000,0.0001,0.0473,0.0001,200,29.5224
0.0363,0.0002,0.0000,0.0001,0.0359,0.0001,200,29.5452
0.0504,0.0002,0.0000,0.0001,0.0500,0.0001,200,29.5350
0.0492,0.0001,0.0000,0.0000,0.0490,0.0001,200,29.5382
0.0506,0.0001,0.0000,0.0000,0.0504,0.0000,200,29.5371
0.0512,0.0001,0.0000,0.0000,0.0510,0.0000,200,29.5367
0.0369,0.0002,0.0000,0.0001,0.0365,0.0001,200,29.5620
0.0439,0.0002,0.0000,0.0001,0.0435,0.0001,200,29.5667
0.0428,0.0001,0.0000,0.0000,0.0425,0.0001,200,29.5701
0.0363,0.0003,0.0000,0.0001,0.0358,0.0001,200,29.5815
0.0387,0.0001,0.0000,0.0000,0.0385,0.0001,200,29.5879
0.0412,0.0001,0.0000,0.0000,0.0410,0.0001,200,29.5877
0.0437,0.0001,0.0000,0.0000,0.0435,0.0001,200,29.5874
0.0356,0.0001,0.0000,0.0000,0.0353,0.0001,200,29.5990
0.0524,0.0002,0.0000,0.0001,0.0520,0.0001,200,29.5854
0.0358,0.0002,0.0000,0.0000,0.0354,0.0001,200,29.6105
0.0358,0.0001,0.0000,0.0000,0.0355,0.0001,200,29.6129
0.0433,0.0002,0.0000,0.0000,0.0430,0.0001,200,29.6178
0.0344,0.0002,0.0000,0.0000,0.0341,0.0001,200,29.6312
0.0474,0.0002,0.0000,0.0001,0.0470,0.0001,200,29.6267
0.0466,0.0001,0.0000,0.0000,0.0463,0.0001,200,29.6289
0.0419,0.0001,0.0000,0.0000,0.0416,0.0001,200,29.6346
0.0459,0.0001,0.0000,0.0000,0.0456,0.0001,200,29.6378
0.0433,0.0002,0.0000,0.0001,0.0429,0.0001,200,29.6464
0.0445,0.0001,0.0000,0.0000,0.0442,0.0001,200,29.6487
0.0374,0.0001,0.0000,0.0000,0.0370,0.0001,200,29.6612
0.0404,0.0002,0.0000,0.0000,0.0400,0.0001,200,29.6656
0.0377,0.0001,0.0000,0.0000,0.0374,0.0001,200,29.6755
0.0455,0.0001,0.0000,0.0000,0.0451,0.0001,200,29.6741
0.0486,0.0001,0.0000,0.0000,0.0483,0.0001,200,29.6765
0.0357,0.0001,0.0000,0.0000,0.0353,0.0001,200,29.6932
0.0484,0.0002,0.0000,0.0001,0.0480,0.0001,200,29.6838
0.0387,0.0002,0.0000,0.0001,0.0383,0.0001,200,29.6986
0.0496,0.0002,0.0000,0.0001,0.0492,0.0001,200,29.6897
0.0451,0.0002,0.0000,0.0001,0.0447,0.0001,200,29.7059
0.0430,0.0002,0.0000,0.0000,0.0426,0.0001,200,29.7132
0.0395,0.0002,0.0000,0.0001,0.0391,0.0001,200,29.7195
0.0450,0.0002,0.0000,0.0001,0.0446,0.0001,200,29.7251
0.0421,0.0002,0.0000,0.0001,0.0417,0.0001,200,29.7289
0.0470,0.0002,0.0000,0.0001,0.0466,0.0001,200,29.7322
0.0431,0.0002,0.0000,0.0001,0.0427,0.0001,200,29.7373
0.0499,0.0001,0.0000,0.0000,0.0496,0.0001,200,29.7393
0.0397,0.0002,0.0000,0.0000,0.0394,0.0001,200,29.7510
0.0392,0.0002,0.0000,0.0001,0.0388,0.0001,200,29.7562
0.0406,0.0001,0.0000,0.0000,0.0403,0.0001,200,29.7590
0.0391,0.0002,0.0000,0.0001,0.0387,0.0001,200,29.7701
0.0526,0.0001,0.0000,0.0000,0.0523,0.0001,200,29.7710
0.0358,0.0002,0.0000,0.0001,0.0355,0.0001,200,29.7892
0.0479,0.0001,0.0000,0.0000,0.0477,0.0001,200,29.7803
0.0376,0.0001,0.0000,0.0000,0.0374,0.0001,200,29.7907
0.0492,0.0002,0.0000,0.0001,0.0489,0.0000,200,29.7792
0.0358,0.0002,0.0000,0.0001,0.0354,0.0001,200,29.7954
0.0394,0.0001,0.0000,0.0000,0.0390,0.0001,200,29.7996
0.0438,0.0002,0.0000,0.0000,0.0435,0.0001,200,29.8092
0.0351,0.0002,0.0000,0.0001,0.0348,0.0001,200,29.8313
0.0389,0.0002,0.0000,0.0000,0.0386,0.0001,200,29.8283
0.0454,0.0002,0.0000,0.0001,0.0451,0.0001,200,29.8236
0.0445,0.0001,0.0000,0.0000,0.0443,0.0000,200,29.8250
0.0494,0.0002,0.0000,0.0000,0.0490,0.0001,200,29.8283
0.0494,0.0001,0.0000,0.0000,0.0492,0.0001,200,29.8285
0.0389,0.0002,0.0000,0.0000,0.0386,0.0001,200,29.8390
0.0434,0.0001,0.0000,0.0000,0.0430,0.0001,200,29.8530
0.0379,0.0002,0.0000,0.0001,0.0375,0.0001,200,29.8664
0.0405,0.0001,0.0000,0.0000,0.0402,0.0001,200,29.8690
0.0443,0.0001,0.0000,0.0000,0.0440,0.0001,200,29.8695
0.0361,0.0001,0.0000,0.0000,0.0360,0.0000,200,29.8779
0.0506,0.0001,0.0000,0.0000,0.0503,0.0001,200,29.8672
0.0511,0.0001,0.0000,0.0000,0.0508,0.0001,200,29.8779
0.0514,0.0002,0.0000,0.0000,0.0511,0.0001,200,29.8776
0.0390,0.0002,0.0000,0.0000,0.0387,0.0001,200,29.8963
0.0373,0.0002,0.0000,0.0001,0.0369,0.0001,200,29.9044
0.0349,0.0002,0.0000,0.0000,0.0345,0.0001,200,29.9096
0.0341,0.0001,0.0000,0.0000,0.0338,0.0001,200,29.9178
0.0456,0.0001,0.0000,0.0000,0.0453,0.0001,200,29.9140
0.0465,0.0001,0.0000,0.0000,0.0462,0.0000,200,29.9138
0.0375,0.0002,0.0000,0.0000,0.0371,0.0001,200,29.9290
0.0451,0.0001,0.0000,0.0000,0.0448,0.0001,200,29.9290
0.0482,0.0002,0.0000,0.0001,0.0478,0.0001,200,29.9354
0.0454,0.0002,0.0000,0.0000,0.0450,0.0001,200,29.9416
0.0425,0.0002,0.0000,0.0001,0.0421,0.0001,200,29.9520
0.0366,0.0001,0.0000,0.0000,0.0364,0.0001,200,29.9603
0.0525,0.0001,0.0000,0.0000,0.0522,0.0000,200,29.9444
0.0405,0.0001,0.0000,0.0000,0.0401,0.0001,200,29.9596
0.0426,0.0002,0.0000,0.0001,0.0422,0.0001,200,29.9664
0.0369,0.0002,0.0000,0.0001,0.0365,0.0001,200,29.9741
0.0380,0.0002,0.0000,0.0001,0.0376,0.0001,200,29.9870
0.0329,0.0001,0.0000,0.0000,0.0327,0.0001,200,29.9969
0.0360,0.0002,0.0000,0.0001,0.0357,0.0000,200,29.9945
0.0479,0.0002,0.0000,0.0001,0.0476,0.0000,200,29.9836
0.0347,0.0001,0.0000,0.0000,0.0345,0.0000,200,29.9969
0.0348,0.0002,0.0000,0.0000,0.0345,0.0000,200,30.0001
